2025-04-20 17:23:32,055 - INFO - [1] Connecting to "Smart Lock [Group 10]"...
2025-04-20 17:23:33,185 - INFO - [2] Authenticating...
2025-04-20 17:23:35,222 - INFO - Sent AUTH+PASSCODE: [0, 1, 2, 3, 4, 5, 6]
2025-04-20 17:23:35,222 - INFO - Received response: [0]
2025-04-20 17:23:35,222 - INFO - [!] Authenticated!!!
2025-04-20 17:23:39,207 - INFO - 
[Paths] 1 discovered. (Path=()) s=0, f=1.
2025-04-20 17:23:39,207 - INFO - [STATE-EXPLORATION] Strategy: open_without_auth | Sequence: [1]
2025-04-20 17:23:39,207 - INFO - [MUTATION] Mutation strategy for next input: explore_state_jump | Original: [1] | Mutated: [1]
2025-04-20 17:23:39,207 - INFO - ------------------------------------------------------------
2025-04-20 17:23:39,207 - INFO - 
[>] Sending command: [1]
2025-04-20 17:23:39,383 - INFO - [<] Received response: [4]
2025-04-20 17:23:41,388 - INFO - [State] Device state: Authenticated
2025-04-20 17:23:41,388 - INFO - [{'from': 0, 'command': 'Authenticate', 'to': 2}]
2025-04-20 17:23:41,388 - INFO - [INTERESTING] New path discovered: ('[State] Device state: Authenticated',)
2025-04-20 17:23:41,388 - INFO - [STATE-EXPLORATION] Strategy: close_without_auth | Sequence: [2]
2025-04-20 17:23:41,388 - INFO - [MUTATION] Mutation strategy for next input: explore_state_jump | Original: [1] | Mutated: [2]
2025-04-20 17:23:41,388 - INFO - ------------------------------------------------------------
2025-04-20 17:23:41,388 - INFO - 
[>] Sending command: [2]
2025-04-20 17:23:41,560 - INFO - [<] Received response: [0]
2025-04-20 17:23:43,558 - INFO - [State] Device state: Authenticated
2025-04-20 17:23:43,558 - INFO - [State] Closing the lock mechanism
2025-04-20 17:23:43,558 - INFO - [State] Lock mechanism closed
2025-04-20 17:23:43,558 - INFO - [{'from': 0, 'command': 'Authenticate', 'to': 2}]
2025-04-20 17:23:43,558 - INFO - [INTERESTING] New path discovered: ('[State] Device state: Authenticated', '[State] Closing the lock mechanism', '[State] Lock mechanism closed')
2025-04-20 17:23:43,559 - INFO - 
[Paths] 1 discovered. (Path=()) s=1, f=2.
2025-04-20 17:23:43,559 - INFO - [STATE-EXPLORATION] Strategy: partial_auth | Sequence: [0, 15, 8, 183, 37, 39]
2025-04-20 17:23:43,559 - INFO - [MUTATION] Mutation strategy for next input: explore_state_jump | Original: [2] | Mutated: [0, 15, 8, 183, 37, 39]
2025-04-20 17:23:43,559 - INFO - ------------------------------------------------------------
2025-04-20 17:23:43,559 - INFO - 
[>] Sending command: [0, 15, 8, 183, 37, 39]
2025-04-20 17:23:44,778 - INFO - [STATE-EXPLORATION] Strategy: spam_auth | Sequence: [0, 1, 2, 3, 4, 5, 6, 0, 1, 2, 3, 4, 5, 6, 0, 1, 2, 3, 4, 5, 6, 0, 1, 2, 3, 4, 5, 6, 0, 1, 2, 3, 4, 5, 6, 0, 1, 2, 3, 4, 5, 6, 0, 1, 2, 3, 4, 5, 6]
2025-04-20 17:23:44,778 - INFO - [MUTATION] Mutation strategy for next input: explore_state_jump | Original: [2] | Mutated: [0, 1, 2, 3, 4, 5, 6, 0, 1, 2, 3, 4, 5, 6, 0, 1, 2, 3, 4, 5, 6, 0, 1, 2, 3, 4, 5, 6, 0, 1, 2, 3, 4, 5, 6, 0, 1, 2, 3, 4, 5, 6, 0, 1, 2, 3, 4, 5, 6]
2025-04-20 17:23:44,778 - INFO - ------------------------------------------------------------
2025-04-20 17:23:44,778 - INFO - 
[>] Sending command: [0, 1, 2, 3, 4, 5, 6, 0, 1, 2, 3, 4, 5, 6, 0, 1, 2, 3, 4, 5, 6, 0, 1, 2, 3, 4, 5, 6, 0, 1, 2, 3, 4, 5, 6, 0, 1, 2, 3, 4, 5, 6, 0, 1, 2, 3, 4, 5, 6]
2025-04-20 17:23:44,778 - INFO - [STATE-EXPLORATION] Strategy: spam_open_without_close | Sequence: [0, 1, 2, 3, 4, 5, 6, 1, 1, 1, 1, 1]
2025-04-20 17:23:44,778 - INFO - [MUTATION] Mutation strategy for next input: explore_state_jump | Original: [2] | Mutated: [0, 1, 2, 3, 4, 5, 6, 1, 1, 1, 1, 1]
2025-04-20 17:23:44,778 - INFO - ------------------------------------------------------------
2025-04-20 17:23:44,778 - INFO - 
[>] Sending command: [0, 1, 2, 3, 4, 5, 6, 1, 1, 1, 1, 1]
2025-04-20 17:23:44,782 - INFO - [STATE-EXPLORATION] Strategy: auth_open_unknown_close | Sequence: [0, 1, 2, 3, 4, 5, 6, 1, 122, 2]
2025-04-20 17:23:44,782 - INFO - [MUTATION] Mutation strategy for next input: explore_state_jump | Original: [2] | Mutated: [0, 1, 2, 3, 4, 5, 6, 1, 122, 2]
2025-04-20 17:23:44,782 - INFO - ------------------------------------------------------------
2025-04-20 17:23:44,782 - INFO - 
[>] Sending command: [0, 1, 2, 3, 4, 5, 6, 1, 122, 2]
2025-04-20 17:23:44,782 - INFO - 
[Paths] 2 discovered. (Path=()) s=2, f=4. (Path=('[State] Device state: Authenticated',)) s=0, f=1.
2025-04-20 17:23:44,782 - INFO - [STATE-EXPLORATION] Strategy: repeated_toggle | Sequence: [0, 1, 2, 3, 4, 5, 6, 2, 1, 2, 2, 1, 2]
2025-04-20 17:23:44,782 - INFO - [MUTATION] Mutation strategy for next input: explore_state_jump | Original: [1] | Mutated: [0, 1, 2, 3, 4, 5, 6, 2, 1, 2, 2, 1, 2]
2025-04-20 17:23:44,782 - INFO - ------------------------------------------------------------
2025-04-20 17:23:44,782 - INFO - 
[>] Sending command: [0, 1, 2, 3, 4, 5, 6, 2, 1, 2, 2, 1, 2]
2025-04-20 17:23:44,782 - INFO - [STATE-EXPLORATION] Strategy: unknown_before_auth | Sequence: [122, 0, 1, 2, 3, 4, 5, 6]
2025-04-20 17:23:44,782 - INFO - [MUTATION] Mutation strategy for next input: explore_state_jump | Original: [1] | Mutated: [122, 0, 1, 2, 3, 4, 5, 6]
2025-04-20 17:23:44,782 - INFO - ------------------------------------------------------------
2025-04-20 17:23:44,782 - INFO - 
[>] Sending command: [122, 0, 1, 2, 3, 4, 5, 6]
2025-04-20 17:23:44,782 - INFO - 
[Paths] 3 discovered. (Path=()) s=2, f=4. (Path=('[State] Device state: Authenticated',)) s=1, f=2. (Path=('[State] Device state: Authenticated', '[State] Closing the lock mechanism', '[State] Lock mechanism closed')) s=0, f=1.
2025-04-20 17:23:44,788 - INFO - [STATE-EXPLORATION] Strategy: garbage_payload | Sequence: [93, 188, 140, 58, 81, 39, 203, 194, 204, 155, 191, 112, 79, 180, 137, 121, 246, 190, 30, 114, 130, 112, 122, 251, 30, 153, 225, 143, 160, 139, 42, 153, 24, 131, 120, 143, 162, 33, 247, 97, 33, 200, 17, 166, 157, 45, 166, 224, 189, 3, 170, 129, 38, 176, 33, 88, 206, 130, 129, 134, 124, 9, 36, 166, 51, 78, 52, 76, 122, 205, 33, 107, 227, 201, 237, 15, 232, 181, 83, 253, 216, 201, 180, 79, 107, 146, 175, 165, 87, 152, 252, 183, 14, 164, 61, 225, 92, 189, 77, 32, 55, 114, 137, 234, 25, 94, 147, 78, 94, 50, 165, 84, 26, 43, 134, 82, 200, 61, 12, 59, 122, 85, 125, 195, 82, 248, 60, 242, 70, 17, 189, 145, 33, 110, 203, 208, 1, 29, 207, 116, 246, 253, 129, 245, 12, 39, 86, 122, 199, 230, 33, 238, 74, 148, 32, 108, 179, 76, 94, 92, 24, 166, 119, 164, 99, 104, 146, 204, 5, 153, 173, 118, 170, 112, 148, 29, 177, 112, 174, 90, 18, 79, 23, 183, 135, 214, 68, 186, 73, 92, 153, 236, 66, 194, 173, 98, 234, 106, 14, 107, 87, 74, 174, 153, 99, 220, 218, 30, 215, 180, 143, 13, 249, 140, 252, 175, 160, 76, 39, 104, 113, 21, 138, 224, 44, 182, 13, 9, 4, 221, 194, 244, 21, 185, 136, 140, 46, 98, 98, 140, 122, 38, 90, 93, 57, 251, 184, 44, 236, 158, 213, 245, 252, 155, 36, 63, 0, 80, 212, 12, 253, 231, 130, 83, 50, 191, 91, 10, 196, 31, 131, 225, 8, 3, 108, 85, 135, 139, 96, 187, 70, 213, 138, 235, 107, 73, 83, 195, 32, 126, 131, 102, 57, 6, 87, 173, 118, 72, 221, 133, 12, 176, 103, 190, 8, 152, 179, 219, 233, 86, 227, 166, 82, 3, 221, 31, 244, 83, 57, 161, 158, 102, 30, 140, 200, 132, 133, 187, 45, 12, 28, 202, 218, 53, 136, 210, 117, 53, 181, 0, 24, 225, 51, 230, 64, 158, 112, 14, 117, 2, 46, 16, 183, 206, 66, 252, 138, 92, 192, 146, 76, 179, 226, 162, 231, 53, 223, 151, 250, 212, 73, 192, 137, 227, 75, 6, 86, 117, 185, 15, 61, 76, 11, 233, 15, 56, 209, 142, 125, 195, 30, 205, 14, 46, 241, 124, 174, 21, 150, 106, 104, 187, 177, 236, 65, 205, 234, 19, 85, 79, 106, 210, 50, 242, 197, 250, 133, 54, 103, 161, 232, 244, 171, 48, 135, 147, 63, 236, 195, 2, 10, 120, 63, 175, 254, 242, 219, 197, 176, 119, 233, 190, 10, 19, 226, 166, 7, 152, 56, 4, 23, 129, 30, 175, 5, 163, 206, 184, 147, 79, 113, 91, 202, 84, 139, 86, 238, 223, 244, 45, 169, 206, 83, 234, 190, 144, 31, 214, 3, 148, 29, 27, 227, 168, 107, 101, 22, 152, 225, 37, 189, 188, 30, 46, 177, 168, 47, 137, 3, 176, 238, 197, 191, 170, 248, 114, 22, 24, 77, 113, 87, 153, 152, 80, 106, 249, 56, 129, 119, 0, 5, 77, 98, 98, 130, 41, 19, 75, 153, 225, 177, 172, 48, 133, 38, 150, 125, 97, 145, 46, 162, 56, 60, 167, 74, 195, 71, 218, 123, 139, 177, 214, 92, 3, 102, 18, 64, 200, 243, 28, 82, 24, 45, 146, 200, 251, 206, 217, 197, 35, 246, 23, 194, 170, 191, 167, 53, 23, 42, 32, 1, 17, 254, 73, 142, 74, 68, 178, 179, 178, 161, 182, 33, 214, 32, 71, 237, 229, 97, 178, 29, 159, 32, 188, 93, 200, 160, 90, 202, 161, 44, 238, 183, 41, 53, 211, 184, 127, 37, 117, 5, 230, 149, 121, 158, 246, 57, 88, 65, 14, 49, 169, 113, 3, 188, 115, 182, 249, 139, 143, 174, 84, 196, 73, 150, 244, 184, 99, 217, 253, 197, 43, 196, 80, 46, 69, 231, 109, 134, 142, 78, 195, 108, 120, 128, 46, 195, 179, 145, 59, 202, 255, 244, 143, 24, 7, 184, 230, 225, 92, 246, 10, 184, 238, 122, 195, 56, 102, 48, 212, 87, 208, 61, 72, 53, 113, 54, 157, 251, 95, 245, 2, 169, 130, 165, 241, 23, 0, 102, 110, 55, 188, 87, 1, 96, 181, 1, 112, 230, 42, 63, 65, 199, 185, 87, 218, 215, 228, 161, 246, 5, 90, 11, 79, 243, 69, 114, 128, 36, 30, 155, 207, 37, 17, 153, 124, 16, 11, 240, 5, 195, 5, 181, 245, 196, 130, 167, 227, 195, 160, 64, 5, 110, 178, 99, 74, 212, 153, 16, 28, 227, 109, 185, 128, 201, 99, 93, 26, 16, 108, 29, 205, 198, 222, 117, 31, 101, 72, 225, 137, 27, 168, 234, 103, 140, 122, 76, 166, 157, 45, 88, 22, 180, 78, 1, 52, 4, 156, 152, 245, 251, 224, 245, 195, 106, 249, 47, 29, 175, 183, 63, 245, 164, 79, 138, 36, 32, 181, 203, 196, 192, 164, 28, 33, 121, 118, 132, 220, 30, 185, 120, 129, 254, 240, 183, 62, 67, 137, 206, 207, 173, 7, 189, 137, 138, 252, 37, 116, 78, 72, 237, 90, 205, 106, 54, 239, 188, 12, 181, 189, 180, 150, 104, 4, 77, 56, 52, 181, 72, 215, 237, 8, 48, 25, 80, 54, 47, 200, 175, 102, 119, 128, 179, 251, 115, 212, 52, 56, 18, 106, 186, 12, 221, 69, 80, 183, 238, 232, 186, 214, 230, 181, 141, 37, 110, 162, 198, 141, 117, 5, 182, 10, 211, 73, 141, 18, 27, 194, 161, 46, 91, 241, 182, 146, 127, 135, 232, 217, 133, 2, 150, 14, 216, 142, 37, 21, 200, 179, 9, 5, 82, 206, 46, 45, 107, 228, 96, 82, 230, 225, 174, 176, 240, 146, 114, 38, 65, 229, 124, 84, 155, 59, 238, 92, 15, 247, 28, 124, 118, 25, 213, 112, 221, 130, 212, 41, 163, 108, 147, 29, 130, 174, 135, 161, 21, 228, 171, 178, 140, 38]
2025-04-20 17:23:44,789 - INFO - [MUTATION] Mutation strategy for next input: explore_state_jump | Original: [2] | Mutated: [93, 188, 140, 58, 81, 39, 203, 194, 204, 155, 191, 112, 79, 180, 137, 121, 246, 190, 30, 114, 130, 112, 122, 251, 30, 153, 225, 143, 160, 139, 42, 153, 24, 131, 120, 143, 162, 33, 247, 97, 33, 200, 17, 166, 157, 45, 166, 224, 189, 3, 170, 129, 38, 176, 33, 88, 206, 130, 129, 134, 124, 9, 36, 166, 51, 78, 52, 76, 122, 205, 33, 107, 227, 201, 237, 15, 232, 181, 83, 253, 216, 201, 180, 79, 107, 146, 175, 165, 87, 152, 252, 183, 14, 164, 61, 225, 92, 189, 77, 32, 55, 114, 137, 234, 25, 94, 147, 78, 94, 50, 165, 84, 26, 43, 134, 82, 200, 61, 12, 59, 122, 85, 125, 195, 82, 248, 60, 242, 70, 17, 189, 145, 33, 110, 203, 208, 1, 29, 207, 116, 246, 253, 129, 245, 12, 39, 86, 122, 199, 230, 33, 238, 74, 148, 32, 108, 179, 76, 94, 92, 24, 166, 119, 164, 99, 104, 146, 204, 5, 153, 173, 118, 170, 112, 148, 29, 177, 112, 174, 90, 18, 79, 23, 183, 135, 214, 68, 186, 73, 92, 153, 236, 66, 194, 173, 98, 234, 106, 14, 107, 87, 74, 174, 153, 99, 220, 218, 30, 215, 180, 143, 13, 249, 140, 252, 175, 160, 76, 39, 104, 113, 21, 138, 224, 44, 182, 13, 9, 4, 221, 194, 244, 21, 185, 136, 140, 46, 98, 98, 140, 122, 38, 90, 93, 57, 251, 184, 44, 236, 158, 213, 245, 252, 155, 36, 63, 0, 80, 212, 12, 253, 231, 130, 83, 50, 191, 91, 10, 196, 31, 131, 225, 8, 3, 108, 85, 135, 139, 96, 187, 70, 213, 138, 235, 107, 73, 83, 195, 32, 126, 131, 102, 57, 6, 87, 173, 118, 72, 221, 133, 12, 176, 103, 190, 8, 152, 179, 219, 233, 86, 227, 166, 82, 3, 221, 31, 244, 83, 57, 161, 158, 102, 30, 140, 200, 132, 133, 187, 45, 12, 28, 202, 218, 53, 136, 210, 117, 53, 181, 0, 24, 225, 51, 230, 64, 158, 112, 14, 117, 2, 46, 16, 183, 206, 66, 252, 138, 92, 192, 146, 76, 179, 226, 162, 231, 53, 223, 151, 250, 212, 73, 192, 137, 227, 75, 6, 86, 117, 185, 15, 61, 76, 11, 233, 15, 56, 209, 142, 125, 195, 30, 205, 14, 46, 241, 124, 174, 21, 150, 106, 104, 187, 177, 236, 65, 205, 234, 19, 85, 79, 106, 210, 50, 242, 197, 250, 133, 54, 103, 161, 232, 244, 171, 48, 135, 147, 63, 236, 195, 2, 10, 120, 63, 175, 254, 242, 219, 197, 176, 119, 233, 190, 10, 19, 226, 166, 7, 152, 56, 4, 23, 129, 30, 175, 5, 163, 206, 184, 147, 79, 113, 91, 202, 84, 139, 86, 238, 223, 244, 45, 169, 206, 83, 234, 190, 144, 31, 214, 3, 148, 29, 27, 227, 168, 107, 101, 22, 152, 225, 37, 189, 188, 30, 46, 177, 168, 47, 137, 3, 176, 238, 197, 191, 170, 248, 114, 22, 24, 77, 113, 87, 153, 152, 80, 106, 249, 56, 129, 119, 0, 5, 77, 98, 98, 130, 41, 19, 75, 153, 225, 177, 172, 48, 133, 38, 150, 125, 97, 145, 46, 162, 56, 60, 167, 74, 195, 71, 218, 123, 139, 177, 214, 92, 3, 102, 18, 64, 200, 243, 28, 82, 24, 45, 146, 200, 251, 206, 217, 197, 35, 246, 23, 194, 170, 191, 167, 53, 23, 42, 32, 1, 17, 254, 73, 142, 74, 68, 178, 179, 178, 161, 182, 33, 214, 32, 71, 237, 229, 97, 178, 29, 159, 32, 188, 93, 200, 160, 90, 202, 161, 44, 238, 183, 41, 53, 211, 184, 127, 37, 117, 5, 230, 149, 121, 158, 246, 57, 88, 65, 14, 49, 169, 113, 3, 188, 115, 182, 249, 139, 143, 174, 84, 196, 73, 150, 244, 184, 99, 217, 253, 197, 43, 196, 80, 46, 69, 231, 109, 134, 142, 78, 195, 108, 120, 128, 46, 195, 179, 145, 59, 202, 255, 244, 143, 24, 7, 184, 230, 225, 92, 246, 10, 184, 238, 122, 195, 56, 102, 48, 212, 87, 208, 61, 72, 53, 113, 54, 157, 251, 95, 245, 2, 169, 130, 165, 241, 23, 0, 102, 110, 55, 188, 87, 1, 96, 181, 1, 112, 230, 42, 63, 65, 199, 185, 87, 218, 215, 228, 161, 246, 5, 90, 11, 79, 243, 69, 114, 128, 36, 30, 155, 207, 37, 17, 153, 124, 16, 11, 240, 5, 195, 5, 181, 245, 196, 130, 167, 227, 195, 160, 64, 5, 110, 178, 99, 74, 212, 153, 16, 28, 227, 109, 185, 128, 201, 99, 93, 26, 16, 108, 29, 205, 198, 222, 117, 31, 101, 72, 225, 137, 27, 168, 234, 103, 140, 122, 76, 166, 157, 45, 88, 22, 180, 78, 1, 52, 4, 156, 152, 245, 251, 224, 245, 195, 106, 249, 47, 29, 175, 183, 63, 245, 164, 79, 138, 36, 32, 181, 203, 196, 192, 164, 28, 33, 121, 118, 132, 220, 30, 185, 120, 129, 254, 240, 183, 62, 67, 137, 206, 207, 173, 7, 189, 137, 138, 252, 37, 116, 78, 72, 237, 90, 205, 106, 54, 239, 188, 12, 181, 189, 180, 150, 104, 4, 77, 56, 52, 181, 72, 215, 237, 8, 48, 25, 80, 54, 47, 200, 175, 102, 119, 128, 179, 251, 115, 212, 52, 56, 18, 106, 186, 12, 221, 69, 80, 183, 238, 232, 186, 214, 230, 181, 141, 37, 110, 162, 198, 141, 117, 5, 182, 10, 211, 73, 141, 18, 27, 194, 161, 46, 91, 241, 182, 146, 127, 135, 232, 217, 133, 2, 150, 14, 216, 142, 37, 21, 200, 179, 9, 5, 82, 206, 46, 45, 107, 228, 96, 82, 230, 225, 174, 176, 240, 146, 114, 38, 65, 229, 124, 84, 155, 59, 238, 92, 15, 247, 28, 124, 118, 25, 213, 112, 221, 130, 212, 41, 163, 108, 147, 29, 130, 174, 135, 161, 21, 228, 171, 178, 140, 38]
2025-04-20 17:23:44,789 - INFO - ------------------------------------------------------------
2025-04-20 17:23:44,790 - INFO - 
[>] Sending command: [93, 188, 140, 58, 81, 39, 203, 194, 204, 155, 191, 112, 79, 180, 137, 121, 246, 190, 30, 114, 130, 112, 122, 251, 30, 153, 225, 143, 160, 139, 42, 153, 24, 131, 120, 143, 162, 33, 247, 97, 33, 200, 17, 166, 157, 45, 166, 224, 189, 3, 170, 129, 38, 176, 33, 88, 206, 130, 129, 134, 124, 9, 36, 166, 51, 78, 52, 76, 122, 205, 33, 107, 227, 201, 237, 15, 232, 181, 83, 253, 216, 201, 180, 79, 107, 146, 175, 165, 87, 152, 252, 183, 14, 164, 61, 225, 92, 189, 77, 32, 55, 114, 137, 234, 25, 94, 147, 78, 94, 50, 165, 84, 26, 43, 134, 82, 200, 61, 12, 59, 122, 85, 125, 195, 82, 248, 60, 242, 70, 17, 189, 145, 33, 110, 203, 208, 1, 29, 207, 116, 246, 253, 129, 245, 12, 39, 86, 122, 199, 230, 33, 238, 74, 148, 32, 108, 179, 76, 94, 92, 24, 166, 119, 164, 99, 104, 146, 204, 5, 153, 173, 118, 170, 112, 148, 29, 177, 112, 174, 90, 18, 79, 23, 183, 135, 214, 68, 186, 73, 92, 153, 236, 66, 194, 173, 98, 234, 106, 14, 107, 87, 74, 174, 153, 99, 220, 218, 30, 215, 180, 143, 13, 249, 140, 252, 175, 160, 76, 39, 104, 113, 21, 138, 224, 44, 182, 13, 9, 4, 221, 194, 244, 21, 185, 136, 140, 46, 98, 98, 140, 122, 38, 90, 93, 57, 251, 184, 44, 236, 158, 213, 245, 252, 155, 36, 63, 0, 80, 212, 12, 253, 231, 130, 83, 50, 191, 91, 10, 196, 31, 131, 225, 8, 3, 108, 85, 135, 139, 96, 187, 70, 213, 138, 235, 107, 73, 83, 195, 32, 126, 131, 102, 57, 6, 87, 173, 118, 72, 221, 133, 12, 176, 103, 190, 8, 152, 179, 219, 233, 86, 227, 166, 82, 3, 221, 31, 244, 83, 57, 161, 158, 102, 30, 140, 200, 132, 133, 187, 45, 12, 28, 202, 218, 53, 136, 210, 117, 53, 181, 0, 24, 225, 51, 230, 64, 158, 112, 14, 117, 2, 46, 16, 183, 206, 66, 252, 138, 92, 192, 146, 76, 179, 226, 162, 231, 53, 223, 151, 250, 212, 73, 192, 137, 227, 75, 6, 86, 117, 185, 15, 61, 76, 11, 233, 15, 56, 209, 142, 125, 195, 30, 205, 14, 46, 241, 124, 174, 21, 150, 106, 104, 187, 177, 236, 65, 205, 234, 19, 85, 79, 106, 210, 50, 242, 197, 250, 133, 54, 103, 161, 232, 244, 171, 48, 135, 147, 63, 236, 195, 2, 10, 120, 63, 175, 254, 242, 219, 197, 176, 119, 233, 190, 10, 19, 226, 166, 7, 152, 56, 4, 23, 129, 30, 175, 5, 163, 206, 184, 147, 79, 113, 91, 202, 84, 139, 86, 238, 223, 244, 45, 169, 206, 83, 234, 190, 144, 31, 214, 3, 148, 29, 27, 227, 168, 107, 101, 22, 152, 225, 37, 189, 188, 30, 46, 177, 168, 47, 137, 3, 176, 238, 197, 191, 170, 248, 114, 22, 24, 77, 113, 87, 153, 152, 80, 106, 249, 56, 129, 119, 0, 5, 77, 98, 98, 130, 41, 19, 75, 153, 225, 177, 172, 48, 133, 38, 150, 125, 97, 145, 46, 162, 56, 60, 167, 74, 195, 71, 218, 123, 139, 177, 214, 92, 3, 102, 18, 64, 200, 243, 28, 82, 24, 45, 146, 200, 251, 206, 217, 197, 35, 246, 23, 194, 170, 191, 167, 53, 23, 42, 32, 1, 17, 254, 73, 142, 74, 68, 178, 179, 178, 161, 182, 33, 214, 32, 71, 237, 229, 97, 178, 29, 159, 32, 188, 93, 200, 160, 90, 202, 161, 44, 238, 183, 41, 53, 211, 184, 127, 37, 117, 5, 230, 149, 121, 158, 246, 57, 88, 65, 14, 49, 169, 113, 3, 188, 115, 182, 249, 139, 143, 174, 84, 196, 73, 150, 244, 184, 99, 217, 253, 197, 43, 196, 80, 46, 69, 231, 109, 134, 142, 78, 195, 108, 120, 128, 46, 195, 179, 145, 59, 202, 255, 244, 143, 24, 7, 184, 230, 225, 92, 246, 10, 184, 238, 122, 195, 56, 102, 48, 212, 87, 208, 61, 72, 53, 113, 54, 157, 251, 95, 245, 2, 169, 130, 165, 241, 23, 0, 102, 110, 55, 188, 87, 1, 96, 181, 1, 112, 230, 42, 63, 65, 199, 185, 87, 218, 215, 228, 161, 246, 5, 90, 11, 79, 243, 69, 114, 128, 36, 30, 155, 207, 37, 17, 153, 124, 16, 11, 240, 5, 195, 5, 181, 245, 196, 130, 167, 227, 195, 160, 64, 5, 110, 178, 99, 74, 212, 153, 16, 28, 227, 109, 185, 128, 201, 99, 93, 26, 16, 108, 29, 205, 198, 222, 117, 31, 101, 72, 225, 137, 27, 168, 234, 103, 140, 122, 76, 166, 157, 45, 88, 22, 180, 78, 1, 52, 4, 156, 152, 245, 251, 224, 245, 195, 106, 249, 47, 29, 175, 183, 63, 245, 164, 79, 138, 36, 32, 181, 203, 196, 192, 164, 28, 33, 121, 118, 132, 220, 30, 185, 120, 129, 254, 240, 183, 62, 67, 137, 206, 207, 173, 7, 189, 137, 138, 252, 37, 116, 78, 72, 237, 90, 205, 106, 54, 239, 188, 12, 181, 189, 180, 150, 104, 4, 77, 56, 52, 181, 72, 215, 237, 8, 48, 25, 80, 54, 47, 200, 175, 102, 119, 128, 179, 251, 115, 212, 52, 56, 18, 106, 186, 12, 221, 69, 80, 183, 238, 232, 186, 214, 230, 181, 141, 37, 110, 162, 198, 141, 117, 5, 182, 10, 211, 73, 141, 18, 27, 194, 161, 46, 91, 241, 182, 146, 127, 135, 232, 217, 133, 2, 150, 14, 216, 142, 37, 21, 200, 179, 9, 5, 82, 206, 46, 45, 107, 228, 96, 82, 230, 225, 174, 176, 240, 146, 114, 38, 65, 229, 124, 84, 155, 59, 238, 92, 15, 247, 28, 124, 118, 25, 213, 112, 221, 130, 212, 41, 163, 108, 147, 29, 130, 174, 135, 161, 21, 228, 171, 178, 140, 38]
2025-04-20 17:23:44,792 - INFO - [STATE-EXPLORATION] Strategy: empty_payload | Sequence: []
2025-04-20 17:23:44,792 - INFO - [MUTATION] Mutation strategy for next input: explore_state_jump | Original: [2] | Mutated: []
2025-04-20 17:23:44,792 - INFO - ------------------------------------------------------------
2025-04-20 17:23:44,792 - INFO - 
[>] Sending command: []
2025-04-20 17:23:44,911 - INFO - ['[Error] Code: 0x010203']
2025-04-20 17:23:44,912 - INFO - [1] Connecting to "Smart Lock [Group 10]"...
2025-04-20 17:23:46,909 - INFO - [2] Authenticating...
2025-04-20 17:23:48,934 - INFO - Sent AUTH+PASSCODE: [0, 1, 2, 3, 4, 5, 6]
2025-04-20 17:23:48,934 - INFO - Received response: [0]
2025-04-20 17:23:48,934 - INFO - [!] Authenticated!!!
2025-04-20 17:23:52,929 - INFO - 
[Paths] 1 discovered. (Path=()) s=0, f=1.
2025-04-20 17:23:52,929 - INFO - [STATE-EXPLORATION] Strategy: open_without_auth | Sequence: [1]
2025-04-20 17:23:52,930 - INFO - [MUTATION] Mutation strategy for next input: explore_state_jump | Original: [1] | Mutated: [1]
2025-04-20 17:23:52,930 - INFO - ------------------------------------------------------------
2025-04-20 17:23:52,930 - INFO - 
[>] Sending command: [1]
2025-04-20 17:23:53,107 - INFO - [<] Received response: [0]
2025-04-20 17:23:55,111 - INFO - [State] Device state: Authenticated
2025-04-20 17:23:55,111 - INFO - [State] Closing the lock mechanism
2025-04-20 17:23:55,111 - INFO - [State] Lock mechanism closed
2025-04-20 17:23:55,112 - INFO - [{'from': 0, 'command': 'Authenticate', 'to': 2}]
2025-04-20 17:23:55,112 - INFO - [INTERESTING] New path discovered: ('[State] Device state: Authenticated', '[State] Closing the lock mechanism', '[State] Lock mechanism closed')
2025-04-20 17:23:55,112 - INFO - [STATE-EXPLORATION] Strategy: close_without_auth | Sequence: [2]
2025-04-20 17:23:55,112 - INFO - [MUTATION] Mutation strategy for next input: explore_state_jump | Original: [1] | Mutated: [2]
2025-04-20 17:23:55,112 - INFO - ------------------------------------------------------------
2025-04-20 17:23:55,112 - INFO - 
[>] Sending command: [2]
2025-04-20 17:23:55,304 - INFO - [<] Received response: [0]
2025-04-20 17:23:57,305 - INFO - [State] Device state: Authenticated
2025-04-20 17:23:57,308 - INFO - [State] Closing the lock mechanism
2025-04-20 17:23:57,308 - INFO - [State] Lock mechanism closed
2025-04-20 17:23:57,308 - INFO - [State] Device state: Authenticated
2025-04-20 17:23:57,308 - INFO - [State] Opening the lock mechanism
2025-04-20 17:23:57,308 - INFO - [State] Lock mechanism open
2025-04-20 17:23:57,308 - INFO - [State] Closing the lock mechanism
2025-04-20 17:23:57,308 - INFO - [State] Lock mechanism closed
2025-04-20 17:23:57,308 - INFO - [{'from': 0, 'command': 'Authenticate', 'to': 2}, {'from': 2, 'command': 'Authenticate', 'to': 2}]
2025-04-20 17:23:57,308 - INFO - [INTERESTING] New path discovered: ('[State] Device state: Authenticated', '[State] Closing the lock mechanism', '[State] Lock mechanism closed', '[State] Device state: Authenticated', '[State] Opening the lock mechanism', '[State] Lock mechanism open', '[State] Closing the lock mechanism', '[State] Lock mechanism closed')
2025-04-20 17:23:57,310 - INFO - 
[Paths] 1 discovered. (Path=()) s=1, f=2.
2025-04-20 17:23:57,310 - INFO - [STATE-EXPLORATION] Strategy: partial_auth | Sequence: [0, 131, 85, 194]
2025-04-20 17:23:57,310 - INFO - [MUTATION] Mutation strategy for next input: explore_state_jump | Original: [2] | Mutated: [0, 131, 85, 194]
2025-04-20 17:23:57,310 - INFO - ------------------------------------------------------------
2025-04-20 17:23:57,310 - INFO - 
[>] Sending command: [0, 131, 85, 194]
2025-04-20 17:23:58,594 - INFO - [STATE-EXPLORATION] Strategy: spam_auth | Sequence: [0, 1, 2, 3, 4, 5, 6, 0, 1, 2, 3, 4, 5, 6, 0, 1, 2, 3, 4, 5, 6, 0, 1, 2, 3, 4, 5, 6, 0, 1, 2, 3, 4, 5, 6, 0, 1, 2, 3, 4, 5, 6, 0, 1, 2, 3, 4, 5, 6, 0, 1, 2, 3, 4, 5, 6, 0, 1, 2, 3, 4, 5, 6]
2025-04-20 17:23:58,594 - INFO - [MUTATION] Mutation strategy for next input: explore_state_jump | Original: [2] | Mutated: [0, 1, 2, 3, 4, 5, 6, 0, 1, 2, 3, 4, 5, 6, 0, 1, 2, 3, 4, 5, 6, 0, 1, 2, 3, 4, 5, 6, 0, 1, 2, 3, 4, 5, 6, 0, 1, 2, 3, 4, 5, 6, 0, 1, 2, 3, 4, 5, 6, 0, 1, 2, 3, 4, 5, 6, 0, 1, 2, 3, 4, 5, 6]
2025-04-20 17:23:58,594 - INFO - ------------------------------------------------------------
2025-04-20 17:23:58,594 - INFO - 
[>] Sending command: [0, 1, 2, 3, 4, 5, 6, 0, 1, 2, 3, 4, 5, 6, 0, 1, 2, 3, 4, 5, 6, 0, 1, 2, 3, 4, 5, 6, 0, 1, 2, 3, 4, 5, 6, 0, 1, 2, 3, 4, 5, 6, 0, 1, 2, 3, 4, 5, 6, 0, 1, 2, 3, 4, 5, 6, 0, 1, 2, 3, 4, 5, 6]
2025-04-20 17:23:58,594 - INFO - [STATE-EXPLORATION] Strategy: spam_open_without_close | Sequence: [0, 1, 2, 3, 4, 5, 6, 1, 1, 1, 1, 1, 1, 1]
2025-04-20 17:23:58,594 - INFO - [MUTATION] Mutation strategy for next input: explore_state_jump | Original: [2] | Mutated: [0, 1, 2, 3, 4, 5, 6, 1, 1, 1, 1, 1, 1, 1]
2025-04-20 17:23:58,594 - INFO - ------------------------------------------------------------
2025-04-20 17:23:58,594 - INFO - 
[>] Sending command: [0, 1, 2, 3, 4, 5, 6, 1, 1, 1, 1, 1, 1, 1]
2025-04-20 17:23:58,594 - INFO - [STATE-EXPLORATION] Strategy: auth_open_unknown_close | Sequence: [0, 1, 2, 3, 4, 5, 6, 1, 23, 2]
2025-04-20 17:23:58,594 - INFO - [MUTATION] Mutation strategy for next input: explore_state_jump | Original: [2] | Mutated: [0, 1, 2, 3, 4, 5, 6, 1, 23, 2]
2025-04-20 17:23:58,594 - INFO - ------------------------------------------------------------
2025-04-20 17:23:58,594 - INFO - 
[>] Sending command: [0, 1, 2, 3, 4, 5, 6, 1, 23, 2]
2025-04-20 17:23:58,594 - INFO - 
[Paths] 2 discovered. (Path=()) s=2, f=4. (Path=('[State] Device state: Authenticated', '[State] Closing the lock mechanism', '[State] Lock mechanism closed')) s=0, f=1.
2025-04-20 17:23:58,594 - INFO - [STATE-EXPLORATION] Strategy: repeated_toggle | Sequence: [0, 1, 2, 3, 4, 5, 6, 1, 2, 1, 1, 1, 1, 2, 1, 1, 2, 1, 2, 1, 2, 1, 1, 2, 2]
2025-04-20 17:23:58,594 - INFO - [MUTATION] Mutation strategy for next input: explore_state_jump | Original: [1] | Mutated: [0, 1, 2, 3, 4, 5, 6, 1, 2, 1, 1, 1, 1, 2, 1, 1, 2, 1, 2, 1, 2, 1, 1, 2, 2]
2025-04-20 17:23:58,594 - INFO - ------------------------------------------------------------
2025-04-20 17:23:58,594 - INFO - 
[>] Sending command: [0, 1, 2, 3, 4, 5, 6, 1, 2, 1, 1, 1, 1, 2, 1, 1, 2, 1, 2, 1, 2, 1, 1, 2, 2]
2025-04-20 17:23:58,594 - INFO - [STATE-EXPLORATION] Strategy: unknown_before_auth | Sequence: [23, 0, 1, 2, 3, 4, 5, 6]
2025-04-20 17:23:58,594 - INFO - [MUTATION] Mutation strategy for next input: explore_state_jump | Original: [1] | Mutated: [23, 0, 1, 2, 3, 4, 5, 6]
2025-04-20 17:23:58,594 - INFO - ------------------------------------------------------------
2025-04-20 17:23:58,594 - INFO - 
[>] Sending command: [23, 0, 1, 2, 3, 4, 5, 6]
2025-04-20 17:23:58,608 - INFO - 
[Paths] 3 discovered. (Path=()) s=2, f=4. (Path=('[State] Device state: Authenticated', '[State] Closing the lock mechanism', '[State] Lock mechanism closed')) s=1, f=2. (Path=('[State] Device state: Authenticated', '[State] Closing the lock mechanism', '[State] Lock mechanism closed', '[State] Device state: Authenticated', '[State] Opening the lock mechanism', '[State] Lock mechanism open', '[State] Closing the lock mechanism', '[State] Lock mechanism closed')) s=0, f=1.
2025-04-20 17:23:58,609 - INFO - [STATE-EXPLORATION] Strategy: garbage_payload | Sequence: [224, 130, 210, 207, 192, 183, 13, 14, 151, 185, 142, 84, 88, 244, 4, 170, 207, 1, 140, 254, 177, 192, 135, 95, 217, 62, 252, 46, 150, 2, 35, 35, 239, 91, 54, 33, 100, 81, 137, 49, 59, 29, 163, 252, 144, 120, 43, 20, 166, 22, 101, 17, 201, 227, 227, 49, 1, 140, 250, 20, 18, 88, 5, 134, 174, 226, 16, 33, 169, 154, 64, 148, 63, 74, 120, 251, 155, 179, 127, 248, 222, 210, 155, 245, 159, 67, 56, 24, 62, 101, 211, 84, 154, 56, 53, 113, 20, 60, 25, 29, 184, 225, 32, 26, 244, 7, 143, 123, 239, 53, 32, 11, 221, 236, 139, 169, 215, 54, 179, 65, 165, 121, 53, 92, 222, 45, 142, 90, 99, 186, 126, 198, 40, 216, 194, 9, 90, 224, 237, 109, 228, 168, 6, 61, 235, 41, 55, 129, 45, 127, 144, 172, 66, 173, 72, 213, 55, 169, 239, 193, 156, 220, 91, 60, 68, 42, 114, 223, 50, 186, 109, 188, 175, 115, 113, 196, 64, 39, 29, 5, 131, 110, 5, 26, 105, 170, 32, 6, 77, 163, 28, 114, 233, 92, 83, 185, 233, 3, 182, 199, 36, 136, 100, 102, 18, 12, 144, 181, 253, 124, 162, 138, 64, 12, 178, 153, 108, 233, 207, 105, 145, 239, 183, 167, 23, 39, 248, 239, 22, 76, 204, 73, 71, 135, 239, 151, 10, 99, 132, 33, 135, 121, 200, 78, 156, 154, 31, 51, 58, 176, 122, 217, 39, 15, 78, 186, 4, 35, 61, 137, 68, 5, 6, 215, 128, 176, 167, 26, 7, 217, 215, 169, 75, 156, 105, 70, 52, 210, 97, 100, 79, 99, 77, 113, 214, 99, 151, 146, 7, 192, 161, 8, 189, 95, 164, 79, 157, 169, 40, 180, 185, 194, 33, 226, 228, 161, 152, 192, 117, 13, 136, 124, 212, 143, 184, 165, 156, 146, 193, 77, 203, 115, 89, 123, 194, 109, 174, 103, 161, 66, 53, 215, 221, 57, 143, 29, 120, 186, 51, 231, 195, 64, 246, 11, 212, 72, 31, 55, 158, 66, 123, 32, 94, 169, 230, 175, 105, 43, 97, 148, 22, 243, 99, 15, 73, 100, 201, 62, 36, 142, 63, 217, 126, 162, 17, 55, 153, 61, 147, 145, 213, 181, 163, 211, 79, 157, 149, 87, 153, 112, 66, 52, 41, 249, 211, 50, 250, 166, 166, 18, 63, 45, 171, 195, 135, 230, 196, 128, 199, 231, 41, 8, 179, 137, 233, 50, 148, 0, 237, 205, 80, 73, 239, 4, 130, 90, 49, 65, 140, 26, 232, 176, 147, 210, 114, 237, 87, 160, 203, 18, 117, 230, 230, 237, 120, 38, 233, 40, 42, 221, 107, 122, 225, 247, 76, 83, 22, 184, 161, 190, 207, 156, 177, 237, 137, 39, 225, 195, 36, 180, 48, 80, 94, 200, 203, 126, 120, 208, 156, 27, 110, 100, 84, 231, 55, 223, 135, 3, 138, 5, 222, 245, 124, 229, 26, 121, 5, 216, 131, 106, 173, 47, 217, 93, 83, 88, 19, 246, 194, 143, 171, 103, 132, 216, 19, 105, 194, 206, 242, 143, 87, 18, 251, 150, 64, 193, 24, 157, 208, 66, 200, 200, 108, 62, 173, 195, 229, 120, 254, 129, 169, 250, 207, 199, 83, 93, 186, 212, 233, 189, 220, 233, 191, 94, 167, 143, 179, 66, 106, 103, 241, 173, 168, 88, 177, 213, 110, 96, 6, 94, 12, 11, 52, 224, 251, 62, 123, 144, 198, 127, 48, 250, 38, 208, 236, 87, 149, 124, 171, 201, 7, 86, 255, 235, 223, 175, 0, 232, 183, 151, 253, 235, 129, 252, 16, 187, 6, 78, 77, 98, 96, 71, 57, 71, 41, 200, 71, 29, 2, 67, 177, 67, 247, 183, 239, 142, 214, 200, 59, 56, 195, 241, 186, 146, 218, 197, 163, 11, 26, 81, 155, 197, 195, 143, 204, 218, 202, 200, 58, 92, 201, 76, 255, 128, 120, 245, 118, 193, 159, 34, 61, 148, 145, 49, 80, 134, 229, 106, 8, 119, 228, 189, 92, 136, 106, 197, 20, 126, 163, 61, 244, 199, 235, 158, 163, 129, 164, 153, 25, 100, 33, 165, 27, 217, 52, 148, 234, 98, 244, 95, 69, 58, 169, 80, 15, 170, 229, 164, 191, 148, 185, 50, 40, 7, 233, 130, 185, 3, 224, 205, 196, 185, 157, 171, 208, 87, 21, 127, 248, 122, 28, 239, 187, 123, 129, 63, 60, 15, 188, 230, 204, 189, 96, 0, 248, 29, 70, 178, 154, 6, 124, 57, 10, 3, 8, 8, 25, 135, 69, 239, 212, 209, 61, 153, 109, 190, 141, 15, 21, 54, 204, 69, 98, 223, 154, 13, 108, 59, 130, 46, 122, 171, 56, 122, 192, 242, 114, 80, 138, 111, 200, 208, 1, 229, 122, 119, 24, 155, 135, 187, 175, 188, 11, 244, 57, 231, 27, 10, 221, 125, 211, 54, 94, 180, 215, 105, 44, 144, 65, 83, 236, 143, 8, 230, 124, 69, 109, 80, 197, 82, 202, 235, 248, 60, 141, 173, 188, 92, 0, 133, 50, 45, 50, 84, 172, 250, 208, 212, 132, 145, 105, 18, 161, 75, 137, 28, 17, 255, 25, 72, 118, 71, 21, 81, 88, 234, 128, 46, 62, 208, 51, 202, 221, 0, 185, 110, 138, 163, 133, 126, 45, 59, 116, 226, 87, 195, 162, 137, 45, 200, 71, 79, 146, 231, 96, 247, 106, 127, 82, 197, 37, 233, 255, 80, 115, 98, 144, 178, 82, 14, 12, 179, 174, 155, 119, 89, 99, 94, 104, 238, 16, 194, 101, 92, 233, 192, 99, 245, 163, 10, 107, 196, 20, 80, 61, 48, 202, 166, 120, 78, 239, 204, 248, 158, 177, 57, 162, 182, 249, 29, 40, 66, 116, 144, 92, 138, 213, 113, 114, 1, 216, 129, 144, 248, 216, 130, 240, 204, 226, 229, 244, 172, 209, 104, 210, 234, 157, 24, 6, 195, 162, 220, 115, 19, 65, 243, 61, 26, 39, 138, 200, 48, 1, 80, 183, 16, 245, 103, 104, 85]
2025-04-20 17:23:58,609 - INFO - [MUTATION] Mutation strategy for next input: explore_state_jump | Original: [2] | Mutated: [224, 130, 210, 207, 192, 183, 13, 14, 151, 185, 142, 84, 88, 244, 4, 170, 207, 1, 140, 254, 177, 192, 135, 95, 217, 62, 252, 46, 150, 2, 35, 35, 239, 91, 54, 33, 100, 81, 137, 49, 59, 29, 163, 252, 144, 120, 43, 20, 166, 22, 101, 17, 201, 227, 227, 49, 1, 140, 250, 20, 18, 88, 5, 134, 174, 226, 16, 33, 169, 154, 64, 148, 63, 74, 120, 251, 155, 179, 127, 248, 222, 210, 155, 245, 159, 67, 56, 24, 62, 101, 211, 84, 154, 56, 53, 113, 20, 60, 25, 29, 184, 225, 32, 26, 244, 7, 143, 123, 239, 53, 32, 11, 221, 236, 139, 169, 215, 54, 179, 65, 165, 121, 53, 92, 222, 45, 142, 90, 99, 186, 126, 198, 40, 216, 194, 9, 90, 224, 237, 109, 228, 168, 6, 61, 235, 41, 55, 129, 45, 127, 144, 172, 66, 173, 72, 213, 55, 169, 239, 193, 156, 220, 91, 60, 68, 42, 114, 223, 50, 186, 109, 188, 175, 115, 113, 196, 64, 39, 29, 5, 131, 110, 5, 26, 105, 170, 32, 6, 77, 163, 28, 114, 233, 92, 83, 185, 233, 3, 182, 199, 36, 136, 100, 102, 18, 12, 144, 181, 253, 124, 162, 138, 64, 12, 178, 153, 108, 233, 207, 105, 145, 239, 183, 167, 23, 39, 248, 239, 22, 76, 204, 73, 71, 135, 239, 151, 10, 99, 132, 33, 135, 121, 200, 78, 156, 154, 31, 51, 58, 176, 122, 217, 39, 15, 78, 186, 4, 35, 61, 137, 68, 5, 6, 215, 128, 176, 167, 26, 7, 217, 215, 169, 75, 156, 105, 70, 52, 210, 97, 100, 79, 99, 77, 113, 214, 99, 151, 146, 7, 192, 161, 8, 189, 95, 164, 79, 157, 169, 40, 180, 185, 194, 33, 226, 228, 161, 152, 192, 117, 13, 136, 124, 212, 143, 184, 165, 156, 146, 193, 77, 203, 115, 89, 123, 194, 109, 174, 103, 161, 66, 53, 215, 221, 57, 143, 29, 120, 186, 51, 231, 195, 64, 246, 11, 212, 72, 31, 55, 158, 66, 123, 32, 94, 169, 230, 175, 105, 43, 97, 148, 22, 243, 99, 15, 73, 100, 201, 62, 36, 142, 63, 217, 126, 162, 17, 55, 153, 61, 147, 145, 213, 181, 163, 211, 79, 157, 149, 87, 153, 112, 66, 52, 41, 249, 211, 50, 250, 166, 166, 18, 63, 45, 171, 195, 135, 230, 196, 128, 199, 231, 41, 8, 179, 137, 233, 50, 148, 0, 237, 205, 80, 73, 239, 4, 130, 90, 49, 65, 140, 26, 232, 176, 147, 210, 114, 237, 87, 160, 203, 18, 117, 230, 230, 237, 120, 38, 233, 40, 42, 221, 107, 122, 225, 247, 76, 83, 22, 184, 161, 190, 207, 156, 177, 237, 137, 39, 225, 195, 36, 180, 48, 80, 94, 200, 203, 126, 120, 208, 156, 27, 110, 100, 84, 231, 55, 223, 135, 3, 138, 5, 222, 245, 124, 229, 26, 121, 5, 216, 131, 106, 173, 47, 217, 93, 83, 88, 19, 246, 194, 143, 171, 103, 132, 216, 19, 105, 194, 206, 242, 143, 87, 18, 251, 150, 64, 193, 24, 157, 208, 66, 200, 200, 108, 62, 173, 195, 229, 120, 254, 129, 169, 250, 207, 199, 83, 93, 186, 212, 233, 189, 220, 233, 191, 94, 167, 143, 179, 66, 106, 103, 241, 173, 168, 88, 177, 213, 110, 96, 6, 94, 12, 11, 52, 224, 251, 62, 123, 144, 198, 127, 48, 250, 38, 208, 236, 87, 149, 124, 171, 201, 7, 86, 255, 235, 223, 175, 0, 232, 183, 151, 253, 235, 129, 252, 16, 187, 6, 78, 77, 98, 96, 71, 57, 71, 41, 200, 71, 29, 2, 67, 177, 67, 247, 183, 239, 142, 214, 200, 59, 56, 195, 241, 186, 146, 218, 197, 163, 11, 26, 81, 155, 197, 195, 143, 204, 218, 202, 200, 58, 92, 201, 76, 255, 128, 120, 245, 118, 193, 159, 34, 61, 148, 145, 49, 80, 134, 229, 106, 8, 119, 228, 189, 92, 136, 106, 197, 20, 126, 163, 61, 244, 199, 235, 158, 163, 129, 164, 153, 25, 100, 33, 165, 27, 217, 52, 148, 234, 98, 244, 95, 69, 58, 169, 80, 15, 170, 229, 164, 191, 148, 185, 50, 40, 7, 233, 130, 185, 3, 224, 205, 196, 185, 157, 171, 208, 87, 21, 127, 248, 122, 28, 239, 187, 123, 129, 63, 60, 15, 188, 230, 204, 189, 96, 0, 248, 29, 70, 178, 154, 6, 124, 57, 10, 3, 8, 8, 25, 135, 69, 239, 212, 209, 61, 153, 109, 190, 141, 15, 21, 54, 204, 69, 98, 223, 154, 13, 108, 59, 130, 46, 122, 171, 56, 122, 192, 242, 114, 80, 138, 111, 200, 208, 1, 229, 122, 119, 24, 155, 135, 187, 175, 188, 11, 244, 57, 231, 27, 10, 221, 125, 211, 54, 94, 180, 215, 105, 44, 144, 65, 83, 236, 143, 8, 230, 124, 69, 109, 80, 197, 82, 202, 235, 248, 60, 141, 173, 188, 92, 0, 133, 50, 45, 50, 84, 172, 250, 208, 212, 132, 145, 105, 18, 161, 75, 137, 28, 17, 255, 25, 72, 118, 71, 21, 81, 88, 234, 128, 46, 62, 208, 51, 202, 221, 0, 185, 110, 138, 163, 133, 126, 45, 59, 116, 226, 87, 195, 162, 137, 45, 200, 71, 79, 146, 231, 96, 247, 106, 127, 82, 197, 37, 233, 255, 80, 115, 98, 144, 178, 82, 14, 12, 179, 174, 155, 119, 89, 99, 94, 104, 238, 16, 194, 101, 92, 233, 192, 99, 245, 163, 10, 107, 196, 20, 80, 61, 48, 202, 166, 120, 78, 239, 204, 248, 158, 177, 57, 162, 182, 249, 29, 40, 66, 116, 144, 92, 138, 213, 113, 114, 1, 216, 129, 144, 248, 216, 130, 240, 204, 226, 229, 244, 172, 209, 104, 210, 234, 157, 24, 6, 195, 162, 220, 115, 19, 65, 243, 61, 26, 39, 138, 200, 48, 1, 80, 183, 16, 245, 103, 104, 85]
2025-04-20 17:23:58,609 - INFO - ------------------------------------------------------------
2025-04-20 17:23:58,609 - INFO - 
[>] Sending command: [224, 130, 210, 207, 192, 183, 13, 14, 151, 185, 142, 84, 88, 244, 4, 170, 207, 1, 140, 254, 177, 192, 135, 95, 217, 62, 252, 46, 150, 2, 35, 35, 239, 91, 54, 33, 100, 81, 137, 49, 59, 29, 163, 252, 144, 120, 43, 20, 166, 22, 101, 17, 201, 227, 227, 49, 1, 140, 250, 20, 18, 88, 5, 134, 174, 226, 16, 33, 169, 154, 64, 148, 63, 74, 120, 251, 155, 179, 127, 248, 222, 210, 155, 245, 159, 67, 56, 24, 62, 101, 211, 84, 154, 56, 53, 113, 20, 60, 25, 29, 184, 225, 32, 26, 244, 7, 143, 123, 239, 53, 32, 11, 221, 236, 139, 169, 215, 54, 179, 65, 165, 121, 53, 92, 222, 45, 142, 90, 99, 186, 126, 198, 40, 216, 194, 9, 90, 224, 237, 109, 228, 168, 6, 61, 235, 41, 55, 129, 45, 127, 144, 172, 66, 173, 72, 213, 55, 169, 239, 193, 156, 220, 91, 60, 68, 42, 114, 223, 50, 186, 109, 188, 175, 115, 113, 196, 64, 39, 29, 5, 131, 110, 5, 26, 105, 170, 32, 6, 77, 163, 28, 114, 233, 92, 83, 185, 233, 3, 182, 199, 36, 136, 100, 102, 18, 12, 144, 181, 253, 124, 162, 138, 64, 12, 178, 153, 108, 233, 207, 105, 145, 239, 183, 167, 23, 39, 248, 239, 22, 76, 204, 73, 71, 135, 239, 151, 10, 99, 132, 33, 135, 121, 200, 78, 156, 154, 31, 51, 58, 176, 122, 217, 39, 15, 78, 186, 4, 35, 61, 137, 68, 5, 6, 215, 128, 176, 167, 26, 7, 217, 215, 169, 75, 156, 105, 70, 52, 210, 97, 100, 79, 99, 77, 113, 214, 99, 151, 146, 7, 192, 161, 8, 189, 95, 164, 79, 157, 169, 40, 180, 185, 194, 33, 226, 228, 161, 152, 192, 117, 13, 136, 124, 212, 143, 184, 165, 156, 146, 193, 77, 203, 115, 89, 123, 194, 109, 174, 103, 161, 66, 53, 215, 221, 57, 143, 29, 120, 186, 51, 231, 195, 64, 246, 11, 212, 72, 31, 55, 158, 66, 123, 32, 94, 169, 230, 175, 105, 43, 97, 148, 22, 243, 99, 15, 73, 100, 201, 62, 36, 142, 63, 217, 126, 162, 17, 55, 153, 61, 147, 145, 213, 181, 163, 211, 79, 157, 149, 87, 153, 112, 66, 52, 41, 249, 211, 50, 250, 166, 166, 18, 63, 45, 171, 195, 135, 230, 196, 128, 199, 231, 41, 8, 179, 137, 233, 50, 148, 0, 237, 205, 80, 73, 239, 4, 130, 90, 49, 65, 140, 26, 232, 176, 147, 210, 114, 237, 87, 160, 203, 18, 117, 230, 230, 237, 120, 38, 233, 40, 42, 221, 107, 122, 225, 247, 76, 83, 22, 184, 161, 190, 207, 156, 177, 237, 137, 39, 225, 195, 36, 180, 48, 80, 94, 200, 203, 126, 120, 208, 156, 27, 110, 100, 84, 231, 55, 223, 135, 3, 138, 5, 222, 245, 124, 229, 26, 121, 5, 216, 131, 106, 173, 47, 217, 93, 83, 88, 19, 246, 194, 143, 171, 103, 132, 216, 19, 105, 194, 206, 242, 143, 87, 18, 251, 150, 64, 193, 24, 157, 208, 66, 200, 200, 108, 62, 173, 195, 229, 120, 254, 129, 169, 250, 207, 199, 83, 93, 186, 212, 233, 189, 220, 233, 191, 94, 167, 143, 179, 66, 106, 103, 241, 173, 168, 88, 177, 213, 110, 96, 6, 94, 12, 11, 52, 224, 251, 62, 123, 144, 198, 127, 48, 250, 38, 208, 236, 87, 149, 124, 171, 201, 7, 86, 255, 235, 223, 175, 0, 232, 183, 151, 253, 235, 129, 252, 16, 187, 6, 78, 77, 98, 96, 71, 57, 71, 41, 200, 71, 29, 2, 67, 177, 67, 247, 183, 239, 142, 214, 200, 59, 56, 195, 241, 186, 146, 218, 197, 163, 11, 26, 81, 155, 197, 195, 143, 204, 218, 202, 200, 58, 92, 201, 76, 255, 128, 120, 245, 118, 193, 159, 34, 61, 148, 145, 49, 80, 134, 229, 106, 8, 119, 228, 189, 92, 136, 106, 197, 20, 126, 163, 61, 244, 199, 235, 158, 163, 129, 164, 153, 25, 100, 33, 165, 27, 217, 52, 148, 234, 98, 244, 95, 69, 58, 169, 80, 15, 170, 229, 164, 191, 148, 185, 50, 40, 7, 233, 130, 185, 3, 224, 205, 196, 185, 157, 171, 208, 87, 21, 127, 248, 122, 28, 239, 187, 123, 129, 63, 60, 15, 188, 230, 204, 189, 96, 0, 248, 29, 70, 178, 154, 6, 124, 57, 10, 3, 8, 8, 25, 135, 69, 239, 212, 209, 61, 153, 109, 190, 141, 15, 21, 54, 204, 69, 98, 223, 154, 13, 108, 59, 130, 46, 122, 171, 56, 122, 192, 242, 114, 80, 138, 111, 200, 208, 1, 229, 122, 119, 24, 155, 135, 187, 175, 188, 11, 244, 57, 231, 27, 10, 221, 125, 211, 54, 94, 180, 215, 105, 44, 144, 65, 83, 236, 143, 8, 230, 124, 69, 109, 80, 197, 82, 202, 235, 248, 60, 141, 173, 188, 92, 0, 133, 50, 45, 50, 84, 172, 250, 208, 212, 132, 145, 105, 18, 161, 75, 137, 28, 17, 255, 25, 72, 118, 71, 21, 81, 88, 234, 128, 46, 62, 208, 51, 202, 221, 0, 185, 110, 138, 163, 133, 126, 45, 59, 116, 226, 87, 195, 162, 137, 45, 200, 71, 79, 146, 231, 96, 247, 106, 127, 82, 197, 37, 233, 255, 80, 115, 98, 144, 178, 82, 14, 12, 179, 174, 155, 119, 89, 99, 94, 104, 238, 16, 194, 101, 92, 233, 192, 99, 245, 163, 10, 107, 196, 20, 80, 61, 48, 202, 166, 120, 78, 239, 204, 248, 158, 177, 57, 162, 182, 249, 29, 40, 66, 116, 144, 92, 138, 213, 113, 114, 1, 216, 129, 144, 248, 216, 130, 240, 204, 226, 229, 244, 172, 209, 104, 210, 234, 157, 24, 6, 195, 162, 220, 115, 19, 65, 243, 61, 26, 39, 138, 200, 48, 1, 80, 183, 16, 245, 103, 104, 85]
2025-04-20 17:23:58,611 - INFO - [STATE-EXPLORATION] Strategy: empty_payload | Sequence: []
2025-04-20 17:23:58,611 - INFO - [MUTATION] Mutation strategy for next input: explore_state_jump | Original: [2] | Mutated: []
2025-04-20 17:23:58,611 - INFO - ------------------------------------------------------------
2025-04-20 17:23:58,611 - INFO - 
[>] Sending command: []
2025-04-20 17:23:58,733 - INFO - ['[Error] Code: 0x010203']
2025-04-20 17:23:58,734 - INFO - [1] Connecting to "Smart Lock [Group 10]"...
2025-04-20 17:24:00,860 - INFO - [2] Authenticating...
2025-04-20 17:24:02,907 - INFO - Sent AUTH+PASSCODE: [0, 1, 2, 3, 4, 5, 6]
2025-04-20 17:24:02,907 - INFO - Received response: [0]
2025-04-20 17:24:02,907 - INFO - [!] Authenticated!!!
2025-04-20 17:24:06,924 - INFO - 
[Paths] 1 discovered. (Path=()) s=0, f=1.
2025-04-20 17:24:06,924 - INFO - [STATE-EXPLORATION] Strategy: open_without_auth | Sequence: [1]
2025-04-20 17:24:06,924 - INFO - [MUTATION] Mutation strategy for next input: explore_state_jump | Original: [1] | Mutated: [1]
2025-04-20 17:24:06,925 - INFO - ------------------------------------------------------------
2025-04-20 17:24:06,925 - INFO - 
[>] Sending command: [1]
2025-04-20 17:24:07,117 - INFO - [<] Received response: [0]
2025-04-20 17:24:09,137 - INFO - [State] Device state: Authenticated
2025-04-20 17:24:09,137 - INFO - [State] Closing the lock mechanism
2025-04-20 17:24:09,137 - INFO - [State] Lock mechanism closed
2025-04-20 17:24:09,137 - INFO - [State] Device state: Authenticated
2025-04-20 17:24:09,137 - INFO - [State] Opening the lock mechanism
2025-04-20 17:24:09,137 - INFO - [State] Lock mechanism open
2025-04-20 17:24:09,137 - INFO - [State] Closing the lock mechanism
2025-04-20 17:24:09,137 - INFO - [State] Lock mechanism closed
2025-04-20 17:24:09,137 - INFO - [State] Device state: Authenticated
2025-04-20 17:24:09,137 - INFO - [{'from': 0, 'command': 'Authenticate', 'to': 2}, {'from': 2, 'command': 'Authenticate', 'to': 2}, {'from': 2, 'command': 'Authenticate', 'to': 2}]
2025-04-20 17:24:09,137 - INFO - [INTERESTING] New path discovered: ('[State] Device state: Authenticated', '[State] Closing the lock mechanism', '[State] Lock mechanism closed', '[State] Device state: Authenticated', '[State] Opening the lock mechanism', '[State] Lock mechanism open', '[State] Closing the lock mechanism', '[State] Lock mechanism closed', '[State] Device state: Authenticated')
2025-04-20 17:24:09,137 - INFO - [STATE-EXPLORATION] Strategy: close_without_auth | Sequence: [2]
2025-04-20 17:24:09,137 - INFO - [MUTATION] Mutation strategy for next input: explore_state_jump | Original: [1] | Mutated: [2]
2025-04-20 17:24:09,137 - INFO - ------------------------------------------------------------
2025-04-20 17:24:09,137 - INFO - 
[>] Sending command: [2]
2025-04-20 17:24:09,311 - INFO - [<] Received response: [0]
2025-04-20 17:24:11,321 - INFO - [State] Device state: Authenticated
2025-04-20 17:24:11,321 - INFO - [State] Closing the lock mechanism
2025-04-20 17:24:11,321 - INFO - [State] Lock mechanism closed
2025-04-20 17:24:11,321 - INFO - [State] Device state: Authenticated
2025-04-20 17:24:11,321 - INFO - [State] Opening the lock mechanism
2025-04-20 17:24:11,321 - INFO - [State] Lock mechanism open
2025-04-20 17:24:11,321 - INFO - [State] Closing the lock mechanism
2025-04-20 17:24:11,321 - INFO - [State] Lock mechanism closed
2025-04-20 17:24:11,321 - INFO - [State] Device state: Authenticated
2025-04-20 17:24:11,322 - INFO - [State] Opening the lock mechanism
2025-04-20 17:24:11,322 - INFO - [State] Lock mechanism open
2025-04-20 17:24:11,322 - INFO - [State] Closing the lock mechanism
2025-04-20 17:24:11,322 - INFO - [State] Lock mechanism closed
2025-04-20 17:24:11,322 - INFO - [{'from': 0, 'command': 'Authenticate', 'to': 2}, {'from': 2, 'command': 'Authenticate', 'to': 2}, {'from': 2, 'command': 'Authenticate', 'to': 2}]
2025-04-20 17:24:11,322 - INFO - [INTERESTING] New path discovered: ('[State] Device state: Authenticated', '[State] Closing the lock mechanism', '[State] Lock mechanism closed', '[State] Device state: Authenticated', '[State] Opening the lock mechanism', '[State] Lock mechanism open', '[State] Closing the lock mechanism', '[State] Lock mechanism closed', '[State] Device state: Authenticated', '[State] Opening the lock mechanism', '[State] Lock mechanism open', '[State] Closing the lock mechanism', '[State] Lock mechanism closed')
2025-04-20 17:24:11,323 - INFO - 
[Paths] 1 discovered. (Path=()) s=1, f=2.
2025-04-20 17:24:11,323 - INFO - [STATE-EXPLORATION] Strategy: partial_auth | Sequence: [0, 99]
2025-04-20 17:24:11,323 - INFO - [MUTATION] Mutation strategy for next input: explore_state_jump | Original: [2] | Mutated: [0, 99]
2025-04-20 17:24:11,323 - INFO - ------------------------------------------------------------
2025-04-20 17:24:11,323 - INFO - 
[>] Sending command: [0, 99]
2025-04-20 17:24:12,615 - INFO - [STATE-EXPLORATION] Strategy: spam_auth | Sequence: [0, 1, 2, 3, 4, 5, 6, 0, 1, 2, 3, 4, 5, 6, 0, 1, 2, 3, 4, 5, 6, 0, 1, 2, 3, 4, 5, 6, 0, 1, 2, 3, 4, 5, 6, 0, 1, 2, 3, 4, 5, 6, 0, 1, 2, 3, 4, 5, 6]
2025-04-20 17:24:12,615 - INFO - [MUTATION] Mutation strategy for next input: explore_state_jump | Original: [2] | Mutated: [0, 1, 2, 3, 4, 5, 6, 0, 1, 2, 3, 4, 5, 6, 0, 1, 2, 3, 4, 5, 6, 0, 1, 2, 3, 4, 5, 6, 0, 1, 2, 3, 4, 5, 6, 0, 1, 2, 3, 4, 5, 6, 0, 1, 2, 3, 4, 5, 6]
2025-04-20 17:24:12,615 - INFO - ------------------------------------------------------------
2025-04-20 17:24:12,615 - INFO - 
[>] Sending command: [0, 1, 2, 3, 4, 5, 6, 0, 1, 2, 3, 4, 5, 6, 0, 1, 2, 3, 4, 5, 6, 0, 1, 2, 3, 4, 5, 6, 0, 1, 2, 3, 4, 5, 6, 0, 1, 2, 3, 4, 5, 6, 0, 1, 2, 3, 4, 5, 6]
2025-04-20 17:24:12,617 - INFO - [STATE-EXPLORATION] Strategy: spam_open_without_close | Sequence: [0, 1, 2, 3, 4, 5, 6, 1, 1, 1]
2025-04-20 17:24:12,617 - INFO - [MUTATION] Mutation strategy for next input: explore_state_jump | Original: [2] | Mutated: [0, 1, 2, 3, 4, 5, 6, 1, 1, 1]
2025-04-20 17:24:12,617 - INFO - ------------------------------------------------------------
2025-04-20 17:24:12,617 - INFO - 
[>] Sending command: [0, 1, 2, 3, 4, 5, 6, 1, 1, 1]
2025-04-20 17:24:12,618 - INFO - [STATE-EXPLORATION] Strategy: auth_open_unknown_close | Sequence: [0, 1, 2, 3, 4, 5, 6, 1, 235, 2]
2025-04-20 17:24:12,618 - INFO - [MUTATION] Mutation strategy for next input: explore_state_jump | Original: [2] | Mutated: [0, 1, 2, 3, 4, 5, 6, 1, 235, 2]
2025-04-20 17:24:12,618 - INFO - ------------------------------------------------------------
2025-04-20 17:24:12,618 - INFO - 
[>] Sending command: [0, 1, 2, 3, 4, 5, 6, 1, 235, 2]
2025-04-20 17:24:12,619 - INFO - 
[Paths] 2 discovered. (Path=()) s=2, f=4. (Path=('[State] Device state: Authenticated', '[State] Closing the lock mechanism', '[State] Lock mechanism closed', '[State] Device state: Authenticated', '[State] Opening the lock mechanism', '[State] Lock mechanism open', '[State] Closing the lock mechanism', '[State] Lock mechanism closed', '[State] Device state: Authenticated')) s=0, f=1.
2025-04-20 17:24:12,620 - INFO - [STATE-EXPLORATION] Strategy: repeated_toggle | Sequence: [0, 1, 2, 3, 4, 5, 6, 1, 2, 1, 1, 2, 1]
2025-04-20 17:24:12,620 - INFO - [MUTATION] Mutation strategy for next input: explore_state_jump | Original: [1] | Mutated: [0, 1, 2, 3, 4, 5, 6, 1, 2, 1, 1, 2, 1]
2025-04-20 17:24:12,620 - INFO - ------------------------------------------------------------
2025-04-20 17:24:12,620 - INFO - 
[>] Sending command: [0, 1, 2, 3, 4, 5, 6, 1, 2, 1, 1, 2, 1]
2025-04-20 17:24:12,621 - INFO - [STATE-EXPLORATION] Strategy: unknown_before_auth | Sequence: [235, 0, 1, 2, 3, 4, 5, 6]
2025-04-20 17:24:12,621 - INFO - [MUTATION] Mutation strategy for next input: explore_state_jump | Original: [1] | Mutated: [235, 0, 1, 2, 3, 4, 5, 6]
2025-04-20 17:24:12,621 - INFO - ------------------------------------------------------------
2025-04-20 17:24:12,621 - INFO - 
[>] Sending command: [235, 0, 1, 2, 3, 4, 5, 6]
2025-04-20 17:24:12,623 - INFO - 
[Paths] 3 discovered. (Path=()) s=2, f=4. (Path=('[State] Device state: Authenticated', '[State] Closing the lock mechanism', '[State] Lock mechanism closed', '[State] Device state: Authenticated', '[State] Opening the lock mechanism', '[State] Lock mechanism open', '[State] Closing the lock mechanism', '[State] Lock mechanism closed', '[State] Device state: Authenticated')) s=1, f=2. (Path=('[State] Device state: Authenticated', '[State] Closing the lock mechanism', '[State] Lock mechanism closed', '[State] Device state: Authenticated', '[State] Opening the lock mechanism', '[State] Lock mechanism open', '[State] Closing the lock mechanism', '[State] Lock mechanism closed', '[State] Device state: Authenticated', '[State] Opening the lock mechanism', '[State] Lock mechanism open', '[State] Closing the lock mechanism', '[State] Lock mechanism closed')) s=0, f=1.
2025-04-20 17:24:12,625 - INFO - [STATE-EXPLORATION] Strategy: garbage_payload | Sequence: [46, 78, 202, 95, 3, 15, 44, 194, 69, 151, 18, 67, 252, 233, 2, 64, 207, 212, 253, 18, 181, 143, 0, 179, 91, 135, 172, 66, 116, 223, 129, 15, 109, 128, 190, 214, 178, 200, 205, 59, 44, 4, 79, 202, 214, 168, 62, 52, 14, 166, 17, 69, 29, 100, 65, 144, 144, 37, 103, 154, 46, 236, 144, 31, 7, 211, 169, 142, 135, 252, 64, 8, 42, 211, 50, 92, 125, 138, 21, 65, 8, 58, 234, 104, 210, 193, 123, 208, 58, 27, 81, 182, 125, 48, 144, 240, 145, 204, 109, 238, 16, 235, 180, 193, 183, 251, 58, 112, 251, 189, 40, 146, 182, 224, 181, 134, 159, 19, 200, 36, 208, 128, 106, 227, 224, 82, 221, 236, 114, 184, 49, 10, 22, 174, 198, 105, 101, 136, 15, 154, 5, 50, 234, 4, 141, 146, 255, 245, 2, 216, 51, 254, 241, 223, 122, 218, 162, 240, 100, 47, 12, 234, 98, 154, 157, 210, 217, 57, 146, 114, 164, 167, 184, 249, 197, 252, 35, 135, 242, 241, 169, 183, 151, 84, 183, 205, 212, 98, 11, 43, 97, 186, 39, 139, 208, 210, 79, 124, 221, 100, 220, 141, 49, 58, 130, 68, 220, 51, 31, 193, 175, 203, 124, 107, 226, 84, 106, 136, 33, 31, 147, 215, 90, 158, 74, 77, 15, 245, 228, 118, 189, 238, 177, 143, 132, 125, 155, 43, 132, 3, 234, 191, 204, 50, 15, 246, 183, 165, 41, 244, 24, 234, 18, 209, 76, 7, 77, 8, 218, 45, 219, 206, 176, 244, 2, 116, 36, 43, 198, 146, 154, 119, 84, 23, 238, 42, 46, 97, 161, 52, 94, 12, 127, 236, 185, 210, 174, 94, 5, 174, 252, 131, 121, 78, 4, 136, 79, 165, 206, 250, 200, 229, 169, 93, 197, 98, 73, 224, 232, 184, 231, 102, 193, 228, 7, 11, 201, 113, 119, 251, 163, 71, 213, 35, 173, 65, 7, 245, 233, 152, 253, 134, 22, 194, 214, 204, 54, 88, 120, 94, 76, 31, 0, 174, 230, 132, 177, 75, 53, 13, 118, 15, 35, 101, 74, 30, 185, 233, 252, 156, 249, 84, 125, 197, 93, 242, 7, 149, 111, 116, 227, 113, 162, 122, 72, 142, 114, 121, 193, 191, 65, 57, 192, 178, 228, 16, 168, 125, 19, 109, 24, 19, 119, 98, 72, 182, 27, 98, 50, 98, 132, 99, 197, 23, 235, 242, 251, 81, 78, 203, 79, 208, 107, 33, 19, 209, 205, 169, 247, 46, 6, 206, 51, 127, 249, 58, 26, 220, 155, 209, 82, 130, 182, 9, 167, 125, 68, 0, 27, 208, 14, 184, 216, 55, 245, 12, 71, 153, 110, 76, 166, 236, 5, 164, 101, 218, 116, 10, 48, 247, 152, 48, 109, 120, 35, 253, 239, 73, 242, 192, 241, 192, 161, 163, 214, 168, 191, 59, 138, 157, 19, 112, 212, 219, 254, 176, 243, 113, 142, 47, 138, 174, 148, 82, 144, 143, 40, 207, 96, 108, 178, 202, 111, 200, 2, 42, 40, 6, 159, 209, 209, 199, 114, 165, 201, 113, 128, 231, 178, 166, 127, 80, 149, 3, 94, 118, 108, 142, 44, 160, 143, 63, 223, 182, 8, 146, 205, 61, 2, 168, 119, 160, 125, 247, 32, 117, 196, 64, 220, 125, 111, 190, 177, 110, 114, 250, 1, 46, 133, 235, 10, 86, 103, 188, 122, 37, 153, 37, 152, 135, 237, 85, 190, 150, 42, 117, 152, 197, 167, 62, 35, 4, 221, 66, 0, 168, 162, 246, 142, 136, 170, 155, 54, 70, 48, 2, 25, 192, 79, 37, 173, 248, 239, 32, 235, 119, 20, 68, 138, 144, 107, 56, 153, 182, 52, 0, 114, 151, 43, 21, 107, 77, 114, 95, 247, 238, 178, 132, 92, 142, 245, 196, 95, 125, 132, 113, 161, 107, 194, 153, 123, 101, 187, 106, 11, 178, 146, 160, 50, 224, 117, 168, 206, 87, 11, 145, 233, 13, 214, 254, 97, 242, 137, 154, 75, 31, 54, 193, 95, 159, 245, 178, 247, 9, 117, 58, 118, 226, 169, 198, 193, 57, 53, 54, 82, 140, 161, 176, 152, 175, 221, 168, 108, 58, 240, 221, 16, 233, 43, 210, 77, 118, 42, 109, 98, 16, 223, 213, 29, 61, 34, 45, 175, 198, 243, 194, 66, 31, 214, 80, 232, 147, 109, 57, 5, 6, 21, 39, 157, 81, 207, 200, 67, 168, 108, 89, 117, 199, 159, 238, 161, 166, 4, 73, 8, 113, 24, 82, 119, 244, 44, 121, 230, 165, 122, 180, 130, 120, 2, 66, 177, 109, 141, 182, 146, 81, 167, 252, 122, 240, 12, 136, 189, 99, 253, 108, 215, 8, 175, 37, 114, 193, 129, 209, 238, 143, 142, 61, 81, 194, 64, 192, 31, 137, 106, 5, 236, 194, 164, 191, 164, 69, 105, 202, 116, 209, 33, 154, 91, 179, 23, 239, 89, 75, 79, 142, 155, 200, 13, 132, 139, 6, 53, 178, 214, 113, 170, 150, 36, 88, 70, 218, 30, 166, 118, 5, 117, 58, 233, 12, 73, 68, 185, 72, 49, 108, 242, 173, 246, 49, 181, 190, 240, 254, 189, 54, 203, 106, 236, 188, 32, 68, 237, 56, 173, 1, 248, 98, 193, 143, 201, 79, 136, 78, 106, 253, 121, 24, 16, 159, 93, 44, 235, 127, 12, 69, 245, 83, 190, 192, 193, 163, 9, 205, 22, 60, 37, 60, 248, 13, 114, 169, 82, 120, 82, 126, 224, 222, 153, 215, 176, 129, 140, 196, 4, 12, 49, 83, 43, 36, 252, 244, 184, 191, 60, 132, 92, 54, 129, 111, 3, 226, 77, 171, 142, 90, 60, 170, 138, 114, 210, 219, 72, 216, 64, 156, 211, 52, 77, 154, 137, 131, 237, 140, 26, 101, 103, 206, 161, 238, 15, 190, 31, 1, 7, 52, 1, 177, 84, 123, 124, 61, 73, 45, 52, 207, 12, 213, 92, 46, 54, 18, 217, 44, 73, 98, 34, 218, 45, 242, 93, 155, 134, 21, 103, 88, 178, 248, 75, 56]
2025-04-20 17:24:12,625 - INFO - [MUTATION] Mutation strategy for next input: explore_state_jump | Original: [2] | Mutated: [46, 78, 202, 95, 3, 15, 44, 194, 69, 151, 18, 67, 252, 233, 2, 64, 207, 212, 253, 18, 181, 143, 0, 179, 91, 135, 172, 66, 116, 223, 129, 15, 109, 128, 190, 214, 178, 200, 205, 59, 44, 4, 79, 202, 214, 168, 62, 52, 14, 166, 17, 69, 29, 100, 65, 144, 144, 37, 103, 154, 46, 236, 144, 31, 7, 211, 169, 142, 135, 252, 64, 8, 42, 211, 50, 92, 125, 138, 21, 65, 8, 58, 234, 104, 210, 193, 123, 208, 58, 27, 81, 182, 125, 48, 144, 240, 145, 204, 109, 238, 16, 235, 180, 193, 183, 251, 58, 112, 251, 189, 40, 146, 182, 224, 181, 134, 159, 19, 200, 36, 208, 128, 106, 227, 224, 82, 221, 236, 114, 184, 49, 10, 22, 174, 198, 105, 101, 136, 15, 154, 5, 50, 234, 4, 141, 146, 255, 245, 2, 216, 51, 254, 241, 223, 122, 218, 162, 240, 100, 47, 12, 234, 98, 154, 157, 210, 217, 57, 146, 114, 164, 167, 184, 249, 197, 252, 35, 135, 242, 241, 169, 183, 151, 84, 183, 205, 212, 98, 11, 43, 97, 186, 39, 139, 208, 210, 79, 124, 221, 100, 220, 141, 49, 58, 130, 68, 220, 51, 31, 193, 175, 203, 124, 107, 226, 84, 106, 136, 33, 31, 147, 215, 90, 158, 74, 77, 15, 245, 228, 118, 189, 238, 177, 143, 132, 125, 155, 43, 132, 3, 234, 191, 204, 50, 15, 246, 183, 165, 41, 244, 24, 234, 18, 209, 76, 7, 77, 8, 218, 45, 219, 206, 176, 244, 2, 116, 36, 43, 198, 146, 154, 119, 84, 23, 238, 42, 46, 97, 161, 52, 94, 12, 127, 236, 185, 210, 174, 94, 5, 174, 252, 131, 121, 78, 4, 136, 79, 165, 206, 250, 200, 229, 169, 93, 197, 98, 73, 224, 232, 184, 231, 102, 193, 228, 7, 11, 201, 113, 119, 251, 163, 71, 213, 35, 173, 65, 7, 245, 233, 152, 253, 134, 22, 194, 214, 204, 54, 88, 120, 94, 76, 31, 0, 174, 230, 132, 177, 75, 53, 13, 118, 15, 35, 101, 74, 30, 185, 233, 252, 156, 249, 84, 125, 197, 93, 242, 7, 149, 111, 116, 227, 113, 162, 122, 72, 142, 114, 121, 193, 191, 65, 57, 192, 178, 228, 16, 168, 125, 19, 109, 24, 19, 119, 98, 72, 182, 27, 98, 50, 98, 132, 99, 197, 23, 235, 242, 251, 81, 78, 203, 79, 208, 107, 33, 19, 209, 205, 169, 247, 46, 6, 206, 51, 127, 249, 58, 26, 220, 155, 209, 82, 130, 182, 9, 167, 125, 68, 0, 27, 208, 14, 184, 216, 55, 245, 12, 71, 153, 110, 76, 166, 236, 5, 164, 101, 218, 116, 10, 48, 247, 152, 48, 109, 120, 35, 253, 239, 73, 242, 192, 241, 192, 161, 163, 214, 168, 191, 59, 138, 157, 19, 112, 212, 219, 254, 176, 243, 113, 142, 47, 138, 174, 148, 82, 144, 143, 40, 207, 96, 108, 178, 202, 111, 200, 2, 42, 40, 6, 159, 209, 209, 199, 114, 165, 201, 113, 128, 231, 178, 166, 127, 80, 149, 3, 94, 118, 108, 142, 44, 160, 143, 63, 223, 182, 8, 146, 205, 61, 2, 168, 119, 160, 125, 247, 32, 117, 196, 64, 220, 125, 111, 190, 177, 110, 114, 250, 1, 46, 133, 235, 10, 86, 103, 188, 122, 37, 153, 37, 152, 135, 237, 85, 190, 150, 42, 117, 152, 197, 167, 62, 35, 4, 221, 66, 0, 168, 162, 246, 142, 136, 170, 155, 54, 70, 48, 2, 25, 192, 79, 37, 173, 248, 239, 32, 235, 119, 20, 68, 138, 144, 107, 56, 153, 182, 52, 0, 114, 151, 43, 21, 107, 77, 114, 95, 247, 238, 178, 132, 92, 142, 245, 196, 95, 125, 132, 113, 161, 107, 194, 153, 123, 101, 187, 106, 11, 178, 146, 160, 50, 224, 117, 168, 206, 87, 11, 145, 233, 13, 214, 254, 97, 242, 137, 154, 75, 31, 54, 193, 95, 159, 245, 178, 247, 9, 117, 58, 118, 226, 169, 198, 193, 57, 53, 54, 82, 140, 161, 176, 152, 175, 221, 168, 108, 58, 240, 221, 16, 233, 43, 210, 77, 118, 42, 109, 98, 16, 223, 213, 29, 61, 34, 45, 175, 198, 243, 194, 66, 31, 214, 80, 232, 147, 109, 57, 5, 6, 21, 39, 157, 81, 207, 200, 67, 168, 108, 89, 117, 199, 159, 238, 161, 166, 4, 73, 8, 113, 24, 82, 119, 244, 44, 121, 230, 165, 122, 180, 130, 120, 2, 66, 177, 109, 141, 182, 146, 81, 167, 252, 122, 240, 12, 136, 189, 99, 253, 108, 215, 8, 175, 37, 114, 193, 129, 209, 238, 143, 142, 61, 81, 194, 64, 192, 31, 137, 106, 5, 236, 194, 164, 191, 164, 69, 105, 202, 116, 209, 33, 154, 91, 179, 23, 239, 89, 75, 79, 142, 155, 200, 13, 132, 139, 6, 53, 178, 214, 113, 170, 150, 36, 88, 70, 218, 30, 166, 118, 5, 117, 58, 233, 12, 73, 68, 185, 72, 49, 108, 242, 173, 246, 49, 181, 190, 240, 254, 189, 54, 203, 106, 236, 188, 32, 68, 237, 56, 173, 1, 248, 98, 193, 143, 201, 79, 136, 78, 106, 253, 121, 24, 16, 159, 93, 44, 235, 127, 12, 69, 245, 83, 190, 192, 193, 163, 9, 205, 22, 60, 37, 60, 248, 13, 114, 169, 82, 120, 82, 126, 224, 222, 153, 215, 176, 129, 140, 196, 4, 12, 49, 83, 43, 36, 252, 244, 184, 191, 60, 132, 92, 54, 129, 111, 3, 226, 77, 171, 142, 90, 60, 170, 138, 114, 210, 219, 72, 216, 64, 156, 211, 52, 77, 154, 137, 131, 237, 140, 26, 101, 103, 206, 161, 238, 15, 190, 31, 1, 7, 52, 1, 177, 84, 123, 124, 61, 73, 45, 52, 207, 12, 213, 92, 46, 54, 18, 217, 44, 73, 98, 34, 218, 45, 242, 93, 155, 134, 21, 103, 88, 178, 248, 75, 56]
2025-04-20 17:24:12,625 - INFO - ------------------------------------------------------------
2025-04-20 17:24:12,625 - INFO - 
[>] Sending command: [46, 78, 202, 95, 3, 15, 44, 194, 69, 151, 18, 67, 252, 233, 2, 64, 207, 212, 253, 18, 181, 143, 0, 179, 91, 135, 172, 66, 116, 223, 129, 15, 109, 128, 190, 214, 178, 200, 205, 59, 44, 4, 79, 202, 214, 168, 62, 52, 14, 166, 17, 69, 29, 100, 65, 144, 144, 37, 103, 154, 46, 236, 144, 31, 7, 211, 169, 142, 135, 252, 64, 8, 42, 211, 50, 92, 125, 138, 21, 65, 8, 58, 234, 104, 210, 193, 123, 208, 58, 27, 81, 182, 125, 48, 144, 240, 145, 204, 109, 238, 16, 235, 180, 193, 183, 251, 58, 112, 251, 189, 40, 146, 182, 224, 181, 134, 159, 19, 200, 36, 208, 128, 106, 227, 224, 82, 221, 236, 114, 184, 49, 10, 22, 174, 198, 105, 101, 136, 15, 154, 5, 50, 234, 4, 141, 146, 255, 245, 2, 216, 51, 254, 241, 223, 122, 218, 162, 240, 100, 47, 12, 234, 98, 154, 157, 210, 217, 57, 146, 114, 164, 167, 184, 249, 197, 252, 35, 135, 242, 241, 169, 183, 151, 84, 183, 205, 212, 98, 11, 43, 97, 186, 39, 139, 208, 210, 79, 124, 221, 100, 220, 141, 49, 58, 130, 68, 220, 51, 31, 193, 175, 203, 124, 107, 226, 84, 106, 136, 33, 31, 147, 215, 90, 158, 74, 77, 15, 245, 228, 118, 189, 238, 177, 143, 132, 125, 155, 43, 132, 3, 234, 191, 204, 50, 15, 246, 183, 165, 41, 244, 24, 234, 18, 209, 76, 7, 77, 8, 218, 45, 219, 206, 176, 244, 2, 116, 36, 43, 198, 146, 154, 119, 84, 23, 238, 42, 46, 97, 161, 52, 94, 12, 127, 236, 185, 210, 174, 94, 5, 174, 252, 131, 121, 78, 4, 136, 79, 165, 206, 250, 200, 229, 169, 93, 197, 98, 73, 224, 232, 184, 231, 102, 193, 228, 7, 11, 201, 113, 119, 251, 163, 71, 213, 35, 173, 65, 7, 245, 233, 152, 253, 134, 22, 194, 214, 204, 54, 88, 120, 94, 76, 31, 0, 174, 230, 132, 177, 75, 53, 13, 118, 15, 35, 101, 74, 30, 185, 233, 252, 156, 249, 84, 125, 197, 93, 242, 7, 149, 111, 116, 227, 113, 162, 122, 72, 142, 114, 121, 193, 191, 65, 57, 192, 178, 228, 16, 168, 125, 19, 109, 24, 19, 119, 98, 72, 182, 27, 98, 50, 98, 132, 99, 197, 23, 235, 242, 251, 81, 78, 203, 79, 208, 107, 33, 19, 209, 205, 169, 247, 46, 6, 206, 51, 127, 249, 58, 26, 220, 155, 209, 82, 130, 182, 9, 167, 125, 68, 0, 27, 208, 14, 184, 216, 55, 245, 12, 71, 153, 110, 76, 166, 236, 5, 164, 101, 218, 116, 10, 48, 247, 152, 48, 109, 120, 35, 253, 239, 73, 242, 192, 241, 192, 161, 163, 214, 168, 191, 59, 138, 157, 19, 112, 212, 219, 254, 176, 243, 113, 142, 47, 138, 174, 148, 82, 144, 143, 40, 207, 96, 108, 178, 202, 111, 200, 2, 42, 40, 6, 159, 209, 209, 199, 114, 165, 201, 113, 128, 231, 178, 166, 127, 80, 149, 3, 94, 118, 108, 142, 44, 160, 143, 63, 223, 182, 8, 146, 205, 61, 2, 168, 119, 160, 125, 247, 32, 117, 196, 64, 220, 125, 111, 190, 177, 110, 114, 250, 1, 46, 133, 235, 10, 86, 103, 188, 122, 37, 153, 37, 152, 135, 237, 85, 190, 150, 42, 117, 152, 197, 167, 62, 35, 4, 221, 66, 0, 168, 162, 246, 142, 136, 170, 155, 54, 70, 48, 2, 25, 192, 79, 37, 173, 248, 239, 32, 235, 119, 20, 68, 138, 144, 107, 56, 153, 182, 52, 0, 114, 151, 43, 21, 107, 77, 114, 95, 247, 238, 178, 132, 92, 142, 245, 196, 95, 125, 132, 113, 161, 107, 194, 153, 123, 101, 187, 106, 11, 178, 146, 160, 50, 224, 117, 168, 206, 87, 11, 145, 233, 13, 214, 254, 97, 242, 137, 154, 75, 31, 54, 193, 95, 159, 245, 178, 247, 9, 117, 58, 118, 226, 169, 198, 193, 57, 53, 54, 82, 140, 161, 176, 152, 175, 221, 168, 108, 58, 240, 221, 16, 233, 43, 210, 77, 118, 42, 109, 98, 16, 223, 213, 29, 61, 34, 45, 175, 198, 243, 194, 66, 31, 214, 80, 232, 147, 109, 57, 5, 6, 21, 39, 157, 81, 207, 200, 67, 168, 108, 89, 117, 199, 159, 238, 161, 166, 4, 73, 8, 113, 24, 82, 119, 244, 44, 121, 230, 165, 122, 180, 130, 120, 2, 66, 177, 109, 141, 182, 146, 81, 167, 252, 122, 240, 12, 136, 189, 99, 253, 108, 215, 8, 175, 37, 114, 193, 129, 209, 238, 143, 142, 61, 81, 194, 64, 192, 31, 137, 106, 5, 236, 194, 164, 191, 164, 69, 105, 202, 116, 209, 33, 154, 91, 179, 23, 239, 89, 75, 79, 142, 155, 200, 13, 132, 139, 6, 53, 178, 214, 113, 170, 150, 36, 88, 70, 218, 30, 166, 118, 5, 117, 58, 233, 12, 73, 68, 185, 72, 49, 108, 242, 173, 246, 49, 181, 190, 240, 254, 189, 54, 203, 106, 236, 188, 32, 68, 237, 56, 173, 1, 248, 98, 193, 143, 201, 79, 136, 78, 106, 253, 121, 24, 16, 159, 93, 44, 235, 127, 12, 69, 245, 83, 190, 192, 193, 163, 9, 205, 22, 60, 37, 60, 248, 13, 114, 169, 82, 120, 82, 126, 224, 222, 153, 215, 176, 129, 140, 196, 4, 12, 49, 83, 43, 36, 252, 244, 184, 191, 60, 132, 92, 54, 129, 111, 3, 226, 77, 171, 142, 90, 60, 170, 138, 114, 210, 219, 72, 216, 64, 156, 211, 52, 77, 154, 137, 131, 237, 140, 26, 101, 103, 206, 161, 238, 15, 190, 31, 1, 7, 52, 1, 177, 84, 123, 124, 61, 73, 45, 52, 207, 12, 213, 92, 46, 54, 18, 217, 44, 73, 98, 34, 218, 45, 242, 93, 155, 134, 21, 103, 88, 178, 248, 75, 56]
2025-04-20 17:24:12,629 - INFO - [STATE-EXPLORATION] Strategy: empty_payload | Sequence: []
2025-04-20 17:24:12,629 - INFO - [MUTATION] Mutation strategy for next input: explore_state_jump | Original: [2] | Mutated: []
2025-04-20 17:24:12,629 - INFO - ------------------------------------------------------------
2025-04-20 17:24:12,630 - INFO - 
[>] Sending command: []
2025-04-20 17:24:12,723 - INFO - ['[Error] Code: 0x010203']
2025-04-20 17:24:12,723 - INFO - [1] Connecting to "Smart Lock [Group 10]"...
2025-04-20 17:24:14,824 - INFO - [2] Authenticating...
2025-04-20 17:24:16,869 - INFO - Sent AUTH+PASSCODE: [0, 1, 2, 3, 4, 5, 6]
2025-04-20 17:24:16,870 - INFO - Received response: [0]
2025-04-20 17:24:16,870 - INFO - [!] Authenticated!!!
2025-04-20 17:24:20,876 - INFO - 
[Paths] 1 discovered. (Path=()) s=0, f=1.
2025-04-20 17:24:20,876 - INFO - [STATE-EXPLORATION] Strategy: open_without_auth | Sequence: [1]
2025-04-20 17:24:20,876 - INFO - [MUTATION] Mutation strategy for next input: explore_state_jump | Original: [1] | Mutated: [1]
2025-04-20 17:24:20,877 - INFO - ------------------------------------------------------------
2025-04-20 17:24:20,877 - INFO - 
[>] Sending command: [1]
2025-04-20 17:24:21,054 - INFO - [<] Received response: [0]
2025-04-20 17:24:23,081 - INFO - [State] Device state: Authenticated
2025-04-20 17:24:23,081 - INFO - [State] Closing the lock mechanism
2025-04-20 17:24:23,081 - INFO - [State] Lock mechanism closed
2025-04-20 17:24:23,081 - INFO - [State] Device state: Authenticated
2025-04-20 17:24:23,081 - INFO - [State] Opening the lock mechanism
2025-04-20 17:24:23,081 - INFO - [State] Lock mechanism open
2025-04-20 17:24:23,081 - INFO - [State] Closing the lock mechanism
2025-04-20 17:24:23,081 - INFO - [State] Lock mechanism closed
2025-04-20 17:24:23,081 - INFO - [State] Device state: Authenticated
2025-04-20 17:24:23,081 - INFO - [State] Opening the lock mechanism
2025-04-20 17:24:23,081 - INFO - [State] Lock mechanism open
2025-04-20 17:24:23,081 - INFO - [State] Closing the lock mechanism
2025-04-20 17:24:23,081 - INFO - [State] Lock mechanism closed
2025-04-20 17:24:23,081 - INFO - [State] Device state: Authenticated
2025-04-20 17:24:23,082 - INFO - [{'from': 0, 'command': 'Authenticate', 'to': 2}, {'from': 2, 'command': 'Authenticate', 'to': 2}, {'from': 2, 'command': 'Authenticate', 'to': 2}, {'from': 2, 'command': 'Authenticate', 'to': 2}]
2025-04-20 17:24:23,082 - INFO - [INTERESTING] New path discovered: ('[State] Device state: Authenticated', '[State] Closing the lock mechanism', '[State] Lock mechanism closed', '[State] Device state: Authenticated', '[State] Opening the lock mechanism', '[State] Lock mechanism open', '[State] Closing the lock mechanism', '[State] Lock mechanism closed', '[State] Device state: Authenticated', '[State] Opening the lock mechanism', '[State] Lock mechanism open', '[State] Closing the lock mechanism', '[State] Lock mechanism closed', '[State] Device state: Authenticated')
2025-04-20 17:24:23,082 - INFO - [STATE-EXPLORATION] Strategy: close_without_auth | Sequence: [2]
2025-04-20 17:24:23,082 - INFO - [MUTATION] Mutation strategy for next input: explore_state_jump | Original: [1] | Mutated: [2]
2025-04-20 17:24:23,082 - INFO - ------------------------------------------------------------
2025-04-20 17:24:23,082 - INFO - 
[>] Sending command: [2]
2025-04-20 17:24:23,262 - INFO - [<] Received response: [0]
2025-04-20 17:24:25,277 - INFO - [State] Device state: Authenticated
2025-04-20 17:24:25,277 - INFO - [State] Closing the lock mechanism
2025-04-20 17:24:25,277 - INFO - [State] Lock mechanism closed
2025-04-20 17:24:25,277 - INFO - [State] Device state: Authenticated
2025-04-20 17:24:25,277 - INFO - [State] Opening the lock mechanism
2025-04-20 17:24:25,277 - INFO - [State] Lock mechanism open
2025-04-20 17:24:25,278 - INFO - [State] Closing the lock mechanism
2025-04-20 17:24:25,278 - INFO - [State] Lock mechanism closed
2025-04-20 17:24:25,278 - INFO - [State] Device state: Authenticated
2025-04-20 17:24:25,278 - INFO - [State] Opening the lock mechanism
2025-04-20 17:24:25,278 - INFO - [State] Lock mechanism open
2025-04-20 17:24:25,278 - INFO - [State] Closing the lock mechanism
2025-04-20 17:24:25,278 - INFO - [State] Lock mechanism closed
2025-04-20 17:24:25,278 - INFO - [State] Device state: Authenticated
2025-04-20 17:24:25,278 - INFO - [State] Opening the lock mechanism
2025-04-20 17:24:25,278 - INFO - [State] Lock mechanism open
2025-04-20 17:24:25,278 - INFO - [State] Closing the lock mechanism
2025-04-20 17:24:25,278 - INFO - [State] Lock mechanism closed
2025-04-20 17:24:25,279 - INFO - [{'from': 0, 'command': 'Authenticate', 'to': 2}, {'from': 2, 'command': 'Authenticate', 'to': 2}, {'from': 2, 'command': 'Authenticate', 'to': 2}, {'from': 2, 'command': 'Authenticate', 'to': 2}]
2025-04-20 17:24:25,279 - INFO - [INTERESTING] New path discovered: ('[State] Device state: Authenticated', '[State] Closing the lock mechanism', '[State] Lock mechanism closed', '[State] Device state: Authenticated', '[State] Opening the lock mechanism', '[State] Lock mechanism open', '[State] Closing the lock mechanism', '[State] Lock mechanism closed', '[State] Device state: Authenticated', '[State] Opening the lock mechanism', '[State] Lock mechanism open', '[State] Closing the lock mechanism', '[State] Lock mechanism closed', '[State] Device state: Authenticated', '[State] Opening the lock mechanism', '[State] Lock mechanism open', '[State] Closing the lock mechanism', '[State] Lock mechanism closed')
2025-04-20 17:24:25,279 - INFO - 
[Paths] 1 discovered. (Path=()) s=1, f=2.
2025-04-20 17:24:25,279 - INFO - [STATE-EXPLORATION] Strategy: partial_auth | Sequence: [0, 236, 54, 132, 82]
2025-04-20 17:24:25,279 - INFO - [MUTATION] Mutation strategy for next input: explore_state_jump | Original: [2] | Mutated: [0, 236, 54, 132, 82]
2025-04-20 17:24:25,281 - INFO - ------------------------------------------------------------
2025-04-20 17:24:25,281 - INFO - 
[>] Sending command: [0, 236, 54, 132, 82]
2025-04-20 17:24:26,564 - INFO - [STATE-EXPLORATION] Strategy: spam_auth | Sequence: [0, 1, 2, 3, 4, 5, 6, 0, 1, 2, 3, 4, 5, 6, 0, 1, 2, 3, 4, 5, 6, 0, 1, 2, 3, 4, 5, 6, 0, 1, 2, 3, 4, 5, 6, 0, 1, 2, 3, 4, 5, 6]
2025-04-20 17:24:26,565 - INFO - [MUTATION] Mutation strategy for next input: explore_state_jump | Original: [2] | Mutated: [0, 1, 2, 3, 4, 5, 6, 0, 1, 2, 3, 4, 5, 6, 0, 1, 2, 3, 4, 5, 6, 0, 1, 2, 3, 4, 5, 6, 0, 1, 2, 3, 4, 5, 6, 0, 1, 2, 3, 4, 5, 6]
2025-04-20 17:24:26,565 - INFO - ------------------------------------------------------------
2025-04-20 17:24:26,565 - INFO - 
[>] Sending command: [0, 1, 2, 3, 4, 5, 6, 0, 1, 2, 3, 4, 5, 6, 0, 1, 2, 3, 4, 5, 6, 0, 1, 2, 3, 4, 5, 6, 0, 1, 2, 3, 4, 5, 6, 0, 1, 2, 3, 4, 5, 6]
2025-04-20 17:24:26,566 - INFO - [STATE-EXPLORATION] Strategy: spam_open_without_close | Sequence: [0, 1, 2, 3, 4, 5, 6, 1, 1, 1, 1, 1, 1, 1, 1, 1]
2025-04-20 17:24:26,566 - INFO - [MUTATION] Mutation strategy for next input: explore_state_jump | Original: [2] | Mutated: [0, 1, 2, 3, 4, 5, 6, 1, 1, 1, 1, 1, 1, 1, 1, 1]
2025-04-20 17:24:26,566 - INFO - ------------------------------------------------------------
2025-04-20 17:24:26,566 - INFO - 
[>] Sending command: [0, 1, 2, 3, 4, 5, 6, 1, 1, 1, 1, 1, 1, 1, 1, 1]
2025-04-20 17:24:26,567 - INFO - [STATE-EXPLORATION] Strategy: auth_open_unknown_close | Sequence: [0, 1, 2, 3, 4, 5, 6, 1, 145, 2]
2025-04-20 17:24:26,567 - INFO - [MUTATION] Mutation strategy for next input: explore_state_jump | Original: [2] | Mutated: [0, 1, 2, 3, 4, 5, 6, 1, 145, 2]
2025-04-20 17:24:26,567 - INFO - ------------------------------------------------------------
2025-04-20 17:24:26,567 - INFO - 
[>] Sending command: [0, 1, 2, 3, 4, 5, 6, 1, 145, 2]
2025-04-20 17:24:26,568 - INFO - 
[Paths] 2 discovered. (Path=()) s=2, f=4. (Path=('[State] Device state: Authenticated', '[State] Closing the lock mechanism', '[State] Lock mechanism closed', '[State] Device state: Authenticated', '[State] Opening the lock mechanism', '[State] Lock mechanism open', '[State] Closing the lock mechanism', '[State] Lock mechanism closed', '[State] Device state: Authenticated', '[State] Opening the lock mechanism', '[State] Lock mechanism open', '[State] Closing the lock mechanism', '[State] Lock mechanism closed', '[State] Device state: Authenticated')) s=0, f=1.
2025-04-20 17:24:26,568 - INFO - [STATE-EXPLORATION] Strategy: repeated_toggle | Sequence: [0, 1, 2, 3, 4, 5, 6, 2, 2, 1, 2, 1, 1, 2, 1, 1, 1, 1, 2, 1, 1]
2025-04-20 17:24:26,568 - INFO - [MUTATION] Mutation strategy for next input: explore_state_jump | Original: [1] | Mutated: [0, 1, 2, 3, 4, 5, 6, 2, 2, 1, 2, 1, 1, 2, 1, 1, 1, 1, 2, 1, 1]
2025-04-20 17:24:26,568 - INFO - ------------------------------------------------------------
2025-04-20 17:24:26,568 - INFO - 
[>] Sending command: [0, 1, 2, 3, 4, 5, 6, 2, 2, 1, 2, 1, 1, 2, 1, 1, 1, 1, 2, 1, 1]
2025-04-20 17:24:26,570 - INFO - [STATE-EXPLORATION] Strategy: unknown_before_auth | Sequence: [145, 0, 1, 2, 3, 4, 5, 6]
2025-04-20 17:24:26,570 - INFO - [MUTATION] Mutation strategy for next input: explore_state_jump | Original: [1] | Mutated: [145, 0, 1, 2, 3, 4, 5, 6]
2025-04-20 17:24:26,570 - INFO - ------------------------------------------------------------
2025-04-20 17:24:26,570 - INFO - 
[>] Sending command: [145, 0, 1, 2, 3, 4, 5, 6]
2025-04-20 17:24:26,572 - INFO - 
[Paths] 3 discovered. (Path=()) s=2, f=4. (Path=('[State] Device state: Authenticated', '[State] Closing the lock mechanism', '[State] Lock mechanism closed', '[State] Device state: Authenticated', '[State] Opening the lock mechanism', '[State] Lock mechanism open', '[State] Closing the lock mechanism', '[State] Lock mechanism closed', '[State] Device state: Authenticated', '[State] Opening the lock mechanism', '[State] Lock mechanism open', '[State] Closing the lock mechanism', '[State] Lock mechanism closed', '[State] Device state: Authenticated')) s=1, f=2. (Path=('[State] Device state: Authenticated', '[State] Closing the lock mechanism', '[State] Lock mechanism closed', '[State] Device state: Authenticated', '[State] Opening the lock mechanism', '[State] Lock mechanism open', '[State] Closing the lock mechanism', '[State] Lock mechanism closed', '[State] Device state: Authenticated', '[State] Opening the lock mechanism', '[State] Lock mechanism open', '[State] Closing the lock mechanism', '[State] Lock mechanism closed', '[State] Device state: Authenticated', '[State] Opening the lock mechanism', '[State] Lock mechanism open', '[State] Closing the lock mechanism', '[State] Lock mechanism closed')) s=0, f=1.
2025-04-20 17:24:26,573 - INFO - [STATE-EXPLORATION] Strategy: garbage_payload | Sequence: [201, 245, 6, 221, 236, 250, 27, 63, 37, 148, 196, 56, 204, 75, 20, 156, 44, 27, 154, 237, 229, 242, 157, 119, 21, 1, 33, 168, 8, 222, 25, 110, 154, 59, 189, 95, 191, 212, 13, 79, 92, 167, 93, 19, 0, 212, 253, 150, 127, 205, 172, 60, 41, 238, 53, 248, 105, 235, 117, 74, 246, 191, 147, 194, 162, 121, 222, 147, 207, 58, 11, 114, 118, 236, 249, 146, 25, 10, 70, 159, 159, 13, 10, 219, 162, 105, 45, 12, 217, 192, 73, 238, 101, 196, 212, 56, 127, 108, 57, 129, 128, 172, 91, 235, 159, 17, 154, 64, 98, 247, 59, 64, 193, 252, 85, 254, 150, 162, 130, 216, 41, 67, 215, 147, 152, 96, 150, 1, 128, 185, 177, 82, 102, 186, 235, 230, 226, 244, 106, 89, 64, 190, 171, 184, 6, 85, 191, 101, 165, 172, 218, 230, 108, 13, 216, 67, 238, 29, 170, 45, 226, 56, 2, 106, 37, 228, 125, 245, 112, 2, 245, 167, 159, 214, 163, 3, 190, 186, 149, 45, 110, 207, 115, 59, 244, 171, 186, 122, 126, 191, 203, 29, 232, 223, 135, 40, 249, 84, 0, 26, 65, 222, 237, 36, 183, 21, 179, 72, 126, 12, 96, 172, 133, 43, 71, 212, 100, 218, 226, 183, 220, 222, 228, 72, 239, 42, 230, 57, 144, 1, 53, 126, 150, 253, 74, 242, 78, 112, 204, 161, 81, 4, 225, 162, 218, 97, 112, 13, 162, 43, 141, 55, 0, 100, 145, 22, 155, 75, 88, 119, 120, 42, 157, 8, 46, 233, 189, 12, 176, 81, 172, 26, 182, 7, 164, 127, 99, 7, 92, 198, 52, 206, 218, 122, 36, 27, 53, 82, 173, 240, 151, 149, 145, 99, 193, 229, 234, 168, 232, 175, 144, 64, 112, 150, 35, 50, 250, 16, 26, 12, 195, 9, 93, 121, 162, 78, 93, 148, 83, 47, 92, 171, 93, 252, 85, 130, 4, 54, 167, 171, 44, 102, 190, 5, 106, 140, 250, 254, 64, 224, 37, 198, 13, 217, 154, 145, 185, 54, 52, 126, 152, 140, 103, 214, 128, 128, 98, 66, 39, 44, 85, 130, 47, 72, 132, 104, 13, 169, 53, 97, 166, 117, 53, 65, 91, 66, 217, 84, 100, 180, 164, 93, 154, 254, 15, 236, 137, 243, 172, 228, 145, 84, 178, 242, 13, 85, 116, 116, 213, 14, 102, 231, 94, 235, 66, 207, 25, 146, 95, 165, 102, 131, 93, 180, 62, 49, 136, 107, 5, 125, 229, 196, 78, 176, 88, 49, 64, 89, 110, 62, 62, 63, 220, 200, 70, 69, 41, 4, 205, 143, 183, 128, 96, 122, 125, 36, 75, 204, 8, 64, 179, 243, 74, 52, 50, 35, 118, 244, 204, 207, 32, 122, 34, 192, 13, 160, 175, 227, 80, 88, 210, 83, 164, 22, 169, 32, 59, 168, 133, 177, 149, 10, 62, 13, 160, 33, 254, 109, 25, 92, 85, 194, 34, 198, 113, 58, 163, 158, 248, 179, 131, 110, 194, 234, 60, 85, 192, 233, 156, 54, 71, 176, 51, 53, 79, 170, 86, 54, 0, 178, 141, 77, 215, 23, 62, 212, 250, 53, 46, 6, 137, 93, 183, 190, 120, 116, 214, 251, 34, 245, 157, 148, 228, 44, 69, 206, 222, 113, 242, 213, 116, 39, 176, 4, 134, 207, 236, 80, 238, 109, 85, 144, 206, 33, 68, 233, 73, 198, 145, 228, 212, 2, 197, 245, 172, 237, 97, 199, 59, 68, 91, 213, 107, 203, 188, 194, 79, 149, 132, 4, 98, 52, 211, 149, 94, 36, 238, 194, 232, 158, 113, 221, 15, 173, 225, 125, 132, 97, 82, 45, 198, 208, 153, 220, 93, 137, 138, 238, 123, 212, 169, 198, 93, 11, 107, 89, 195, 40, 47, 114, 11, 203, 246, 74, 243, 83, 233, 150, 231, 177, 8, 168, 171, 92, 183, 157, 61, 124, 50, 99, 192, 59, 164, 195, 115, 7, 242, 34, 154, 217, 187, 133, 121, 194, 107, 179, 239, 2, 205, 151, 198, 210, 242, 206, 43, 15, 226, 37, 215, 48, 58, 4, 129, 166, 125, 47, 84, 136, 239, 254, 41, 122, 166, 140, 4, 70, 82, 246, 130, 254, 30, 89, 42, 225, 169, 169, 199, 118, 220, 20, 183, 136, 171, 211, 21, 149, 8, 140, 34, 67, 150, 38, 45, 236, 27, 177, 119, 184, 214, 243, 85, 43, 186, 131, 135, 4, 168, 61, 170, 74, 198, 82, 138, 110, 245, 110, 157, 79, 48, 82, 183, 21, 166, 211, 103, 113, 1, 150, 162, 211, 87, 130, 94, 158, 136, 189, 176, 253, 20, 93, 198, 65, 143, 31, 185, 141, 158, 81, 9, 197, 33, 130, 207, 82, 125, 40, 104, 86, 241, 233, 246, 237, 245, 199, 138, 133, 166, 152, 182, 79, 222, 192, 26, 108, 106, 65, 16, 131, 14, 254, 81, 34, 175, 130, 143, 22, 1, 222, 161, 247, 148, 245, 127, 116, 27, 83, 144, 14, 195, 180, 58, 195, 146, 188, 142, 226, 72, 213, 104, 232, 231, 237, 107, 208, 50, 71, 221, 77, 149, 91, 174, 117, 159, 218, 250, 131, 212, 252, 114, 146, 215, 224, 114, 182, 30, 8, 206, 4, 249, 7, 206, 98, 77, 156, 4, 156, 65, 136, 108, 254, 193, 244, 39, 234, 7, 166, 208, 255, 154, 140, 92, 33, 209, 70, 1, 76, 178, 72, 171, 172, 103, 251, 141, 242, 249, 188, 251, 143, 26, 102, 68, 159, 226, 83, 31, 240, 108, 106, 174, 34, 48, 247, 42, 229, 75, 79, 11, 31, 235, 87, 73, 146, 160, 24, 230, 200, 2, 218, 200, 19, 100, 111, 147, 44, 52, 211, 8, 160, 106, 201, 110, 164, 20, 183, 243, 139, 185, 223, 128, 130, 162, 0, 121, 121, 85, 45, 241, 157, 135, 184, 102, 243, 35, 68, 138, 59, 157, 174, 23, 221, 10, 123, 207, 30, 101, 204, 38, 157, 21, 36, 217, 233, 69, 22, 232, 24, 77, 164, 28, 176]
2025-04-20 17:24:26,573 - INFO - [MUTATION] Mutation strategy for next input: explore_state_jump | Original: [2] | Mutated: [201, 245, 6, 221, 236, 250, 27, 63, 37, 148, 196, 56, 204, 75, 20, 156, 44, 27, 154, 237, 229, 242, 157, 119, 21, 1, 33, 168, 8, 222, 25, 110, 154, 59, 189, 95, 191, 212, 13, 79, 92, 167, 93, 19, 0, 212, 253, 150, 127, 205, 172, 60, 41, 238, 53, 248, 105, 235, 117, 74, 246, 191, 147, 194, 162, 121, 222, 147, 207, 58, 11, 114, 118, 236, 249, 146, 25, 10, 70, 159, 159, 13, 10, 219, 162, 105, 45, 12, 217, 192, 73, 238, 101, 196, 212, 56, 127, 108, 57, 129, 128, 172, 91, 235, 159, 17, 154, 64, 98, 247, 59, 64, 193, 252, 85, 254, 150, 162, 130, 216, 41, 67, 215, 147, 152, 96, 150, 1, 128, 185, 177, 82, 102, 186, 235, 230, 226, 244, 106, 89, 64, 190, 171, 184, 6, 85, 191, 101, 165, 172, 218, 230, 108, 13, 216, 67, 238, 29, 170, 45, 226, 56, 2, 106, 37, 228, 125, 245, 112, 2, 245, 167, 159, 214, 163, 3, 190, 186, 149, 45, 110, 207, 115, 59, 244, 171, 186, 122, 126, 191, 203, 29, 232, 223, 135, 40, 249, 84, 0, 26, 65, 222, 237, 36, 183, 21, 179, 72, 126, 12, 96, 172, 133, 43, 71, 212, 100, 218, 226, 183, 220, 222, 228, 72, 239, 42, 230, 57, 144, 1, 53, 126, 150, 253, 74, 242, 78, 112, 204, 161, 81, 4, 225, 162, 218, 97, 112, 13, 162, 43, 141, 55, 0, 100, 145, 22, 155, 75, 88, 119, 120, 42, 157, 8, 46, 233, 189, 12, 176, 81, 172, 26, 182, 7, 164, 127, 99, 7, 92, 198, 52, 206, 218, 122, 36, 27, 53, 82, 173, 240, 151, 149, 145, 99, 193, 229, 234, 168, 232, 175, 144, 64, 112, 150, 35, 50, 250, 16, 26, 12, 195, 9, 93, 121, 162, 78, 93, 148, 83, 47, 92, 171, 93, 252, 85, 130, 4, 54, 167, 171, 44, 102, 190, 5, 106, 140, 250, 254, 64, 224, 37, 198, 13, 217, 154, 145, 185, 54, 52, 126, 152, 140, 103, 214, 128, 128, 98, 66, 39, 44, 85, 130, 47, 72, 132, 104, 13, 169, 53, 97, 166, 117, 53, 65, 91, 66, 217, 84, 100, 180, 164, 93, 154, 254, 15, 236, 137, 243, 172, 228, 145, 84, 178, 242, 13, 85, 116, 116, 213, 14, 102, 231, 94, 235, 66, 207, 25, 146, 95, 165, 102, 131, 93, 180, 62, 49, 136, 107, 5, 125, 229, 196, 78, 176, 88, 49, 64, 89, 110, 62, 62, 63, 220, 200, 70, 69, 41, 4, 205, 143, 183, 128, 96, 122, 125, 36, 75, 204, 8, 64, 179, 243, 74, 52, 50, 35, 118, 244, 204, 207, 32, 122, 34, 192, 13, 160, 175, 227, 80, 88, 210, 83, 164, 22, 169, 32, 59, 168, 133, 177, 149, 10, 62, 13, 160, 33, 254, 109, 25, 92, 85, 194, 34, 198, 113, 58, 163, 158, 248, 179, 131, 110, 194, 234, 60, 85, 192, 233, 156, 54, 71, 176, 51, 53, 79, 170, 86, 54, 0, 178, 141, 77, 215, 23, 62, 212, 250, 53, 46, 6, 137, 93, 183, 190, 120, 116, 214, 251, 34, 245, 157, 148, 228, 44, 69, 206, 222, 113, 242, 213, 116, 39, 176, 4, 134, 207, 236, 80, 238, 109, 85, 144, 206, 33, 68, 233, 73, 198, 145, 228, 212, 2, 197, 245, 172, 237, 97, 199, 59, 68, 91, 213, 107, 203, 188, 194, 79, 149, 132, 4, 98, 52, 211, 149, 94, 36, 238, 194, 232, 158, 113, 221, 15, 173, 225, 125, 132, 97, 82, 45, 198, 208, 153, 220, 93, 137, 138, 238, 123, 212, 169, 198, 93, 11, 107, 89, 195, 40, 47, 114, 11, 203, 246, 74, 243, 83, 233, 150, 231, 177, 8, 168, 171, 92, 183, 157, 61, 124, 50, 99, 192, 59, 164, 195, 115, 7, 242, 34, 154, 217, 187, 133, 121, 194, 107, 179, 239, 2, 205, 151, 198, 210, 242, 206, 43, 15, 226, 37, 215, 48, 58, 4, 129, 166, 125, 47, 84, 136, 239, 254, 41, 122, 166, 140, 4, 70, 82, 246, 130, 254, 30, 89, 42, 225, 169, 169, 199, 118, 220, 20, 183, 136, 171, 211, 21, 149, 8, 140, 34, 67, 150, 38, 45, 236, 27, 177, 119, 184, 214, 243, 85, 43, 186, 131, 135, 4, 168, 61, 170, 74, 198, 82, 138, 110, 245, 110, 157, 79, 48, 82, 183, 21, 166, 211, 103, 113, 1, 150, 162, 211, 87, 130, 94, 158, 136, 189, 176, 253, 20, 93, 198, 65, 143, 31, 185, 141, 158, 81, 9, 197, 33, 130, 207, 82, 125, 40, 104, 86, 241, 233, 246, 237, 245, 199, 138, 133, 166, 152, 182, 79, 222, 192, 26, 108, 106, 65, 16, 131, 14, 254, 81, 34, 175, 130, 143, 22, 1, 222, 161, 247, 148, 245, 127, 116, 27, 83, 144, 14, 195, 180, 58, 195, 146, 188, 142, 226, 72, 213, 104, 232, 231, 237, 107, 208, 50, 71, 221, 77, 149, 91, 174, 117, 159, 218, 250, 131, 212, 252, 114, 146, 215, 224, 114, 182, 30, 8, 206, 4, 249, 7, 206, 98, 77, 156, 4, 156, 65, 136, 108, 254, 193, 244, 39, 234, 7, 166, 208, 255, 154, 140, 92, 33, 209, 70, 1, 76, 178, 72, 171, 172, 103, 251, 141, 242, 249, 188, 251, 143, 26, 102, 68, 159, 226, 83, 31, 240, 108, 106, 174, 34, 48, 247, 42, 229, 75, 79, 11, 31, 235, 87, 73, 146, 160, 24, 230, 200, 2, 218, 200, 19, 100, 111, 147, 44, 52, 211, 8, 160, 106, 201, 110, 164, 20, 183, 243, 139, 185, 223, 128, 130, 162, 0, 121, 121, 85, 45, 241, 157, 135, 184, 102, 243, 35, 68, 138, 59, 157, 174, 23, 221, 10, 123, 207, 30, 101, 204, 38, 157, 21, 36, 217, 233, 69, 22, 232, 24, 77, 164, 28, 176]
2025-04-20 17:24:26,574 - INFO - ------------------------------------------------------------
2025-04-20 17:24:26,574 - INFO - 
[>] Sending command: [201, 245, 6, 221, 236, 250, 27, 63, 37, 148, 196, 56, 204, 75, 20, 156, 44, 27, 154, 237, 229, 242, 157, 119, 21, 1, 33, 168, 8, 222, 25, 110, 154, 59, 189, 95, 191, 212, 13, 79, 92, 167, 93, 19, 0, 212, 253, 150, 127, 205, 172, 60, 41, 238, 53, 248, 105, 235, 117, 74, 246, 191, 147, 194, 162, 121, 222, 147, 207, 58, 11, 114, 118, 236, 249, 146, 25, 10, 70, 159, 159, 13, 10, 219, 162, 105, 45, 12, 217, 192, 73, 238, 101, 196, 212, 56, 127, 108, 57, 129, 128, 172, 91, 235, 159, 17, 154, 64, 98, 247, 59, 64, 193, 252, 85, 254, 150, 162, 130, 216, 41, 67, 215, 147, 152, 96, 150, 1, 128, 185, 177, 82, 102, 186, 235, 230, 226, 244, 106, 89, 64, 190, 171, 184, 6, 85, 191, 101, 165, 172, 218, 230, 108, 13, 216, 67, 238, 29, 170, 45, 226, 56, 2, 106, 37, 228, 125, 245, 112, 2, 245, 167, 159, 214, 163, 3, 190, 186, 149, 45, 110, 207, 115, 59, 244, 171, 186, 122, 126, 191, 203, 29, 232, 223, 135, 40, 249, 84, 0, 26, 65, 222, 237, 36, 183, 21, 179, 72, 126, 12, 96, 172, 133, 43, 71, 212, 100, 218, 226, 183, 220, 222, 228, 72, 239, 42, 230, 57, 144, 1, 53, 126, 150, 253, 74, 242, 78, 112, 204, 161, 81, 4, 225, 162, 218, 97, 112, 13, 162, 43, 141, 55, 0, 100, 145, 22, 155, 75, 88, 119, 120, 42, 157, 8, 46, 233, 189, 12, 176, 81, 172, 26, 182, 7, 164, 127, 99, 7, 92, 198, 52, 206, 218, 122, 36, 27, 53, 82, 173, 240, 151, 149, 145, 99, 193, 229, 234, 168, 232, 175, 144, 64, 112, 150, 35, 50, 250, 16, 26, 12, 195, 9, 93, 121, 162, 78, 93, 148, 83, 47, 92, 171, 93, 252, 85, 130, 4, 54, 167, 171, 44, 102, 190, 5, 106, 140, 250, 254, 64, 224, 37, 198, 13, 217, 154, 145, 185, 54, 52, 126, 152, 140, 103, 214, 128, 128, 98, 66, 39, 44, 85, 130, 47, 72, 132, 104, 13, 169, 53, 97, 166, 117, 53, 65, 91, 66, 217, 84, 100, 180, 164, 93, 154, 254, 15, 236, 137, 243, 172, 228, 145, 84, 178, 242, 13, 85, 116, 116, 213, 14, 102, 231, 94, 235, 66, 207, 25, 146, 95, 165, 102, 131, 93, 180, 62, 49, 136, 107, 5, 125, 229, 196, 78, 176, 88, 49, 64, 89, 110, 62, 62, 63, 220, 200, 70, 69, 41, 4, 205, 143, 183, 128, 96, 122, 125, 36, 75, 204, 8, 64, 179, 243, 74, 52, 50, 35, 118, 244, 204, 207, 32, 122, 34, 192, 13, 160, 175, 227, 80, 88, 210, 83, 164, 22, 169, 32, 59, 168, 133, 177, 149, 10, 62, 13, 160, 33, 254, 109, 25, 92, 85, 194, 34, 198, 113, 58, 163, 158, 248, 179, 131, 110, 194, 234, 60, 85, 192, 233, 156, 54, 71, 176, 51, 53, 79, 170, 86, 54, 0, 178, 141, 77, 215, 23, 62, 212, 250, 53, 46, 6, 137, 93, 183, 190, 120, 116, 214, 251, 34, 245, 157, 148, 228, 44, 69, 206, 222, 113, 242, 213, 116, 39, 176, 4, 134, 207, 236, 80, 238, 109, 85, 144, 206, 33, 68, 233, 73, 198, 145, 228, 212, 2, 197, 245, 172, 237, 97, 199, 59, 68, 91, 213, 107, 203, 188, 194, 79, 149, 132, 4, 98, 52, 211, 149, 94, 36, 238, 194, 232, 158, 113, 221, 15, 173, 225, 125, 132, 97, 82, 45, 198, 208, 153, 220, 93, 137, 138, 238, 123, 212, 169, 198, 93, 11, 107, 89, 195, 40, 47, 114, 11, 203, 246, 74, 243, 83, 233, 150, 231, 177, 8, 168, 171, 92, 183, 157, 61, 124, 50, 99, 192, 59, 164, 195, 115, 7, 242, 34, 154, 217, 187, 133, 121, 194, 107, 179, 239, 2, 205, 151, 198, 210, 242, 206, 43, 15, 226, 37, 215, 48, 58, 4, 129, 166, 125, 47, 84, 136, 239, 254, 41, 122, 166, 140, 4, 70, 82, 246, 130, 254, 30, 89, 42, 225, 169, 169, 199, 118, 220, 20, 183, 136, 171, 211, 21, 149, 8, 140, 34, 67, 150, 38, 45, 236, 27, 177, 119, 184, 214, 243, 85, 43, 186, 131, 135, 4, 168, 61, 170, 74, 198, 82, 138, 110, 245, 110, 157, 79, 48, 82, 183, 21, 166, 211, 103, 113, 1, 150, 162, 211, 87, 130, 94, 158, 136, 189, 176, 253, 20, 93, 198, 65, 143, 31, 185, 141, 158, 81, 9, 197, 33, 130, 207, 82, 125, 40, 104, 86, 241, 233, 246, 237, 245, 199, 138, 133, 166, 152, 182, 79, 222, 192, 26, 108, 106, 65, 16, 131, 14, 254, 81, 34, 175, 130, 143, 22, 1, 222, 161, 247, 148, 245, 127, 116, 27, 83, 144, 14, 195, 180, 58, 195, 146, 188, 142, 226, 72, 213, 104, 232, 231, 237, 107, 208, 50, 71, 221, 77, 149, 91, 174, 117, 159, 218, 250, 131, 212, 252, 114, 146, 215, 224, 114, 182, 30, 8, 206, 4, 249, 7, 206, 98, 77, 156, 4, 156, 65, 136, 108, 254, 193, 244, 39, 234, 7, 166, 208, 255, 154, 140, 92, 33, 209, 70, 1, 76, 178, 72, 171, 172, 103, 251, 141, 242, 249, 188, 251, 143, 26, 102, 68, 159, 226, 83, 31, 240, 108, 106, 174, 34, 48, 247, 42, 229, 75, 79, 11, 31, 235, 87, 73, 146, 160, 24, 230, 200, 2, 218, 200, 19, 100, 111, 147, 44, 52, 211, 8, 160, 106, 201, 110, 164, 20, 183, 243, 139, 185, 223, 128, 130, 162, 0, 121, 121, 85, 45, 241, 157, 135, 184, 102, 243, 35, 68, 138, 59, 157, 174, 23, 221, 10, 123, 207, 30, 101, 204, 38, 157, 21, 36, 217, 233, 69, 22, 232, 24, 77, 164, 28, 176]
2025-04-20 17:24:26,578 - INFO - [STATE-EXPLORATION] Strategy: empty_payload | Sequence: []
2025-04-20 17:24:26,578 - INFO - [MUTATION] Mutation strategy for next input: explore_state_jump | Original: [2] | Mutated: []
2025-04-20 17:24:26,578 - INFO - ------------------------------------------------------------
2025-04-20 17:24:26,578 - INFO - 
[>] Sending command: []
2025-04-20 17:24:26,688 - INFO - ['[Error] Code: 0x010203']
2025-04-20 17:24:26,689 - INFO - [1] Connecting to "Smart Lock [Group 10]"...
2025-04-20 17:24:27,530 - ERROR - Task exception was never retrieved
future: <Task finished name='Task-6' coro=<BLEClient._serialport_task() done, defined at C:\Users\ASUS\Documents\T8\software testing\project\groupwork\DjangoWebApplication\smartlock\BLEClient.py:72> exception=SerialException("could not open port 'COM4': PermissionError(13, 'Access is denied.', None, 5)")>
Traceback (most recent call last):
  File "C:\Users\ASUS\Documents\T8\software testing\project\groupwork\DjangoWebApplication\smartlock\BLEClient.py", line 74, in _serialport_task
    port = self.open_serialport()
           ^^^^^^^^^^^^^^^^^^^^^^
  File "C:\Users\ASUS\Documents\T8\software testing\project\groupwork\DjangoWebApplication\smartlock\BLEClient.py", line 55, in open_serialport
    self.serialport = serial.Serial(
                      ^^^^^^^^^^^^^^
  File "C:\Users\ASUS\Documents\T8\software testing\project\groupwork\DjangoWebApplication\.venv\Lib\site-packages\serial\serialwin32.py", line 33, in __init__
    super(Serial, self).__init__(*args, **kwargs)
  File "C:\Users\ASUS\Documents\T8\software testing\project\groupwork\DjangoWebApplication\.venv\Lib\site-packages\serial\serialutil.py", line 244, in __init__
    self.open()
  File "C:\Users\ASUS\Documents\T8\software testing\project\groupwork\DjangoWebApplication\.venv\Lib\site-packages\serial\serialwin32.py", line 64, in open
    raise SerialException("could not open port {!r}: {!r}".format(self.portstr, ctypes.WinError()))
serial.serialutil.SerialException: could not open port 'COM4': PermissionError(13, 'Access is denied.', None, 5)
2025-04-20 17:24:28,789 - INFO - [2] Authenticating...
2025-04-20 17:24:30,842 - INFO - Sent AUTH+PASSCODE: [0, 1, 2, 3, 4, 5, 6]
2025-04-20 17:24:30,843 - INFO - Received response: [0]
2025-04-20 17:24:30,843 - INFO - [!] Authenticated!!!
2025-04-20 17:24:34,861 - INFO - 
[Paths] 1 discovered. (Path=()) s=0, f=1.
2025-04-20 17:24:34,861 - INFO - [STATE-EXPLORATION] Strategy: open_without_auth | Sequence: [1]
2025-04-20 17:24:34,861 - INFO - [MUTATION] Mutation strategy for next input: explore_state_jump | Original: [1] | Mutated: [1]
2025-04-20 17:24:34,861 - INFO - ------------------------------------------------------------
2025-04-20 17:24:34,861 - INFO - 
[>] Sending command: [1]
2025-04-20 17:24:35,049 - INFO - [<] Received response: [0]
2025-04-20 17:24:37,053 - INFO - [State] Device state: Authenticated
2025-04-20 17:24:37,053 - INFO - [State] Closing the lock mechanism
2025-04-20 17:24:37,054 - INFO - [State] Lock mechanism closed
2025-04-20 17:24:37,054 - INFO - [State] Device state: Authenticated
2025-04-20 17:24:37,054 - INFO - [State] Opening the lock mechanism
2025-04-20 17:24:37,054 - INFO - [State] Lock mechanism open
2025-04-20 17:24:37,054 - INFO - [State] Closing the lock mechanism
2025-04-20 17:24:37,054 - INFO - [State] Lock mechanism closed
2025-04-20 17:24:37,055 - INFO - [State] Device state: Authenticated
2025-04-20 17:24:37,055 - INFO - [State] Opening the lock mechanism
2025-04-20 17:24:37,055 - INFO - [State] Lock mechanism open
2025-04-20 17:24:37,055 - INFO - [State] Closing the lock mechanism
2025-04-20 17:24:37,055 - INFO - [State] Lock mechanism closed
2025-04-20 17:24:37,055 - INFO - [State] Device state: Authenticated
2025-04-20 17:24:37,055 - INFO - [State] Opening the lock mechanism
2025-04-20 17:24:37,055 - INFO - [State] Lock mechanism open
2025-04-20 17:24:37,055 - INFO - [State] Closing the lock mechanism
2025-04-20 17:24:37,055 - INFO - [State] Lock mechanism closed
2025-04-20 17:24:37,055 - INFO - [State] Device state: Authenticated
2025-04-20 17:24:37,056 - INFO - [{'from': 0, 'command': 'Authenticate', 'to': 2}, {'from': 2, 'command': 'Authenticate', 'to': 2}, {'from': 2, 'command': 'Authenticate', 'to': 2}, {'from': 2, 'command': 'Authenticate', 'to': 2}, {'from': 2, 'command': 'Authenticate', 'to': 2}]
2025-04-20 17:24:37,056 - INFO - [INTERESTING] New path discovered: ('[State] Device state: Authenticated', '[State] Closing the lock mechanism', '[State] Lock mechanism closed', '[State] Device state: Authenticated', '[State] Opening the lock mechanism', '[State] Lock mechanism open', '[State] Closing the lock mechanism', '[State] Lock mechanism closed', '[State] Device state: Authenticated', '[State] Opening the lock mechanism', '[State] Lock mechanism open', '[State] Closing the lock mechanism', '[State] Lock mechanism closed', '[State] Device state: Authenticated', '[State] Opening the lock mechanism', '[State] Lock mechanism open', '[State] Closing the lock mechanism', '[State] Lock mechanism closed', '[State] Device state: Authenticated')
2025-04-20 17:24:37,056 - INFO - [STATE-EXPLORATION] Strategy: close_without_auth | Sequence: [2]
2025-04-20 17:24:37,056 - INFO - [MUTATION] Mutation strategy for next input: explore_state_jump | Original: [1] | Mutated: [2]
2025-04-20 17:24:37,057 - INFO - ------------------------------------------------------------
2025-04-20 17:24:37,057 - INFO - 
[>] Sending command: [2]
2025-04-20 17:24:37,231 - INFO - [<] Received response: [0]
2025-04-20 17:24:39,240 - INFO - [State] Device state: Authenticated
2025-04-20 17:24:39,240 - INFO - [State] Closing the lock mechanism
2025-04-20 17:24:39,240 - INFO - [State] Lock mechanism closed
2025-04-20 17:24:39,240 - INFO - [State] Device state: Authenticated
2025-04-20 17:24:39,240 - INFO - [State] Opening the lock mechanism
2025-04-20 17:24:39,240 - INFO - [State] Lock mechanism open
2025-04-20 17:24:39,241 - INFO - [State] Closing the lock mechanism
2025-04-20 17:24:39,241 - INFO - [State] Lock mechanism closed
2025-04-20 17:24:39,241 - INFO - [State] Device state: Authenticated
2025-04-20 17:24:39,241 - INFO - [State] Opening the lock mechanism
2025-04-20 17:24:39,241 - INFO - [State] Lock mechanism open
2025-04-20 17:24:39,241 - INFO - [State] Closing the lock mechanism
2025-04-20 17:24:39,241 - INFO - [State] Lock mechanism closed
2025-04-20 17:24:39,241 - INFO - [State] Device state: Authenticated
2025-04-20 17:24:39,241 - INFO - [State] Opening the lock mechanism
2025-04-20 17:24:39,241 - INFO - [State] Lock mechanism open
2025-04-20 17:24:39,241 - INFO - [State] Closing the lock mechanism
2025-04-20 17:24:39,241 - INFO - [State] Lock mechanism closed
2025-04-20 17:24:39,241 - INFO - [State] Device state: Authenticated
2025-04-20 17:24:39,241 - INFO - [State] Opening the lock mechanism
2025-04-20 17:24:39,241 - INFO - [State] Lock mechanism open
2025-04-20 17:24:39,241 - INFO - [State] Closing the lock mechanism
2025-04-20 17:24:39,242 - INFO - [State] Lock mechanism closed
2025-04-20 17:24:39,242 - INFO - [{'from': 0, 'command': 'Authenticate', 'to': 2}, {'from': 2, 'command': 'Authenticate', 'to': 2}, {'from': 2, 'command': 'Authenticate', 'to': 2}, {'from': 2, 'command': 'Authenticate', 'to': 2}, {'from': 2, 'command': 'Authenticate', 'to': 2}]
2025-04-20 17:24:39,243 - INFO - [INTERESTING] New path discovered: ('[State] Device state: Authenticated', '[State] Closing the lock mechanism', '[State] Lock mechanism closed', '[State] Device state: Authenticated', '[State] Opening the lock mechanism', '[State] Lock mechanism open', '[State] Closing the lock mechanism', '[State] Lock mechanism closed', '[State] Device state: Authenticated', '[State] Opening the lock mechanism', '[State] Lock mechanism open', '[State] Closing the lock mechanism', '[State] Lock mechanism closed', '[State] Device state: Authenticated', '[State] Opening the lock mechanism', '[State] Lock mechanism open', '[State] Closing the lock mechanism', '[State] Lock mechanism closed', '[State] Device state: Authenticated', '[State] Opening the lock mechanism', '[State] Lock mechanism open', '[State] Closing the lock mechanism', '[State] Lock mechanism closed')
2025-04-20 17:24:39,243 - INFO - 
[Paths] 1 discovered. (Path=()) s=1, f=2.
2025-04-20 17:24:39,244 - INFO - [STATE-EXPLORATION] Strategy: partial_auth | Sequence: [0, 158]
2025-04-20 17:24:39,244 - INFO - [MUTATION] Mutation strategy for next input: explore_state_jump | Original: [2] | Mutated: [0, 158]
2025-04-20 17:24:39,244 - INFO - ------------------------------------------------------------
2025-04-20 17:24:39,244 - INFO - 
[>] Sending command: [0, 158]
2025-04-20 17:24:40,547 - INFO - [STATE-EXPLORATION] Strategy: spam_auth | Sequence: [0, 1, 2, 3, 4, 5, 6, 0, 1, 2, 3, 4, 5, 6, 0, 1, 2, 3, 4, 5, 6, 0, 1, 2, 3, 4, 5, 6, 0, 1, 2, 3, 4, 5, 6, 0, 1, 2, 3, 4, 5, 6, 0, 1, 2, 3, 4, 5, 6]
2025-04-20 17:24:40,547 - INFO - [MUTATION] Mutation strategy for next input: explore_state_jump | Original: [2] | Mutated: [0, 1, 2, 3, 4, 5, 6, 0, 1, 2, 3, 4, 5, 6, 0, 1, 2, 3, 4, 5, 6, 0, 1, 2, 3, 4, 5, 6, 0, 1, 2, 3, 4, 5, 6, 0, 1, 2, 3, 4, 5, 6, 0, 1, 2, 3, 4, 5, 6]
2025-04-20 17:24:40,547 - INFO - ------------------------------------------------------------
2025-04-20 17:24:40,547 - INFO - 
[>] Sending command: [0, 1, 2, 3, 4, 5, 6, 0, 1, 2, 3, 4, 5, 6, 0, 1, 2, 3, 4, 5, 6, 0, 1, 2, 3, 4, 5, 6, 0, 1, 2, 3, 4, 5, 6, 0, 1, 2, 3, 4, 5, 6, 0, 1, 2, 3, 4, 5, 6]
2025-04-20 17:24:40,547 - INFO - [STATE-EXPLORATION] Strategy: spam_open_without_close | Sequence: [0, 1, 2, 3, 4, 5, 6, 1, 1, 1, 1, 1, 1, 1, 1]
2025-04-20 17:24:40,547 - INFO - [MUTATION] Mutation strategy for next input: explore_state_jump | Original: [2] | Mutated: [0, 1, 2, 3, 4, 5, 6, 1, 1, 1, 1, 1, 1, 1, 1]
2025-04-20 17:24:40,547 - INFO - ------------------------------------------------------------
2025-04-20 17:24:40,547 - INFO - 
[>] Sending command: [0, 1, 2, 3, 4, 5, 6, 1, 1, 1, 1, 1, 1, 1, 1]
2025-04-20 17:24:40,548 - INFO - [STATE-EXPLORATION] Strategy: auth_open_unknown_close | Sequence: [0, 1, 2, 3, 4, 5, 6, 1, 248, 2]
2025-04-20 17:24:40,548 - INFO - [MUTATION] Mutation strategy for next input: explore_state_jump | Original: [2] | Mutated: [0, 1, 2, 3, 4, 5, 6, 1, 248, 2]
2025-04-20 17:24:40,549 - INFO - ------------------------------------------------------------
2025-04-20 17:24:40,549 - INFO - 
[>] Sending command: [0, 1, 2, 3, 4, 5, 6, 1, 248, 2]
2025-04-20 17:24:40,550 - INFO - 
[Paths] 2 discovered. (Path=()) s=2, f=4. (Path=('[State] Device state: Authenticated', '[State] Closing the lock mechanism', '[State] Lock mechanism closed', '[State] Device state: Authenticated', '[State] Opening the lock mechanism', '[State] Lock mechanism open', '[State] Closing the lock mechanism', '[State] Lock mechanism closed', '[State] Device state: Authenticated', '[State] Opening the lock mechanism', '[State] Lock mechanism open', '[State] Closing the lock mechanism', '[State] Lock mechanism closed', '[State] Device state: Authenticated', '[State] Opening the lock mechanism', '[State] Lock mechanism open', '[State] Closing the lock mechanism', '[State] Lock mechanism closed', '[State] Device state: Authenticated')) s=0, f=1.
2025-04-20 17:24:40,550 - INFO - [STATE-EXPLORATION] Strategy: repeated_toggle | Sequence: [0, 1, 2, 3, 4, 5, 6, 1, 2, 2, 1, 1, 2, 2]
2025-04-20 17:24:40,550 - INFO - [MUTATION] Mutation strategy for next input: explore_state_jump | Original: [1] | Mutated: [0, 1, 2, 3, 4, 5, 6, 1, 2, 2, 1, 1, 2, 2]
2025-04-20 17:24:40,550 - INFO - ------------------------------------------------------------
2025-04-20 17:24:40,550 - INFO - 
[>] Sending command: [0, 1, 2, 3, 4, 5, 6, 1, 2, 2, 1, 1, 2, 2]
2025-04-20 17:24:40,551 - INFO - [STATE-EXPLORATION] Strategy: unknown_before_auth | Sequence: [248, 0, 1, 2, 3, 4, 5, 6]
2025-04-20 17:24:40,552 - INFO - [MUTATION] Mutation strategy for next input: explore_state_jump | Original: [1] | Mutated: [248, 0, 1, 2, 3, 4, 5, 6]
2025-04-20 17:24:40,552 - INFO - ------------------------------------------------------------
2025-04-20 17:24:40,552 - INFO - 
[>] Sending command: [248, 0, 1, 2, 3, 4, 5, 6]
2025-04-20 17:24:40,554 - INFO - 
[Paths] 3 discovered. (Path=()) s=2, f=4. (Path=('[State] Device state: Authenticated', '[State] Closing the lock mechanism', '[State] Lock mechanism closed', '[State] Device state: Authenticated', '[State] Opening the lock mechanism', '[State] Lock mechanism open', '[State] Closing the lock mechanism', '[State] Lock mechanism closed', '[State] Device state: Authenticated', '[State] Opening the lock mechanism', '[State] Lock mechanism open', '[State] Closing the lock mechanism', '[State] Lock mechanism closed', '[State] Device state: Authenticated', '[State] Opening the lock mechanism', '[State] Lock mechanism open', '[State] Closing the lock mechanism', '[State] Lock mechanism closed', '[State] Device state: Authenticated')) s=1, f=2. (Path=('[State] Device state: Authenticated', '[State] Closing the lock mechanism', '[State] Lock mechanism closed', '[State] Device state: Authenticated', '[State] Opening the lock mechanism', '[State] Lock mechanism open', '[State] Closing the lock mechanism', '[State] Lock mechanism closed', '[State] Device state: Authenticated', '[State] Opening the lock mechanism', '[State] Lock mechanism open', '[State] Closing the lock mechanism', '[State] Lock mechanism closed', '[State] Device state: Authenticated', '[State] Opening the lock mechanism', '[State] Lock mechanism open', '[State] Closing the lock mechanism', '[State] Lock mechanism closed', '[State] Device state: Authenticated', '[State] Opening the lock mechanism', '[State] Lock mechanism open', '[State] Closing the lock mechanism', '[State] Lock mechanism closed')) s=0, f=1.
2025-04-20 17:24:40,554 - INFO - [STATE-EXPLORATION] Strategy: garbage_payload | Sequence: [216, 145, 94, 93, 156, 123, 175, 217, 227, 194, 43, 47, 76, 46, 40, 94, 135, 201, 116, 210, 65, 228, 254, 130, 255, 104, 185, 217, 68, 80, 153, 39, 77, 150, 245, 75, 52, 44, 29, 97, 44, 50, 100, 212, 149, 142, 89, 11, 223, 32, 72, 118, 148, 95, 24, 12, 91, 72, 200, 115, 20, 109, 130, 6, 181, 132, 154, 123, 100, 194, 248, 181, 1, 49, 6, 88, 45, 174, 204, 8, 209, 252, 113, 182, 63, 195, 242, 27, 63, 248, 13, 190, 213, 181, 237, 254, 19, 14, 99, 64, 59, 36, 42, 160, 76, 10, 18, 78, 81, 249, 226, 214, 225, 199, 44, 26, 113, 197, 254, 76, 222, 140, 85, 132, 33, 19, 43, 234, 189, 95, 173, 154, 182, 74, 251, 185, 205, 79, 34, 206, 219, 26, 83, 45, 125, 212, 231, 205, 14, 106, 52, 197, 162, 162, 62, 95, 103, 235, 161, 4, 46, 49, 192, 199, 103, 75, 67, 0, 218, 223, 157, 149, 151, 137, 155, 187, 194, 23, 113, 205, 48, 8, 20, 54, 59, 220, 244, 69, 246, 190, 20, 143, 57, 33, 95, 103, 44, 111, 59, 185, 14, 173, 57, 223, 232, 46, 123, 42, 72, 119, 111, 203, 26, 127, 255, 150, 52, 182, 173, 41, 69, 248, 120, 50, 237, 160, 180, 10, 30, 67, 20, 61, 100, 116, 131, 196, 192, 102, 46, 50, 9, 121, 249, 237, 198, 215, 188, 7, 209, 31, 244, 58, 129, 49, 104, 28, 195, 174, 100, 86, 102, 111, 192, 118, 6, 114, 1, 99, 84, 215, 180, 9, 246, 130, 93, 198, 162, 54, 86, 186, 237, 122, 19, 165, 95, 172, 137, 122, 160, 192, 7, 27, 48, 80, 180, 145, 218, 160, 101, 64, 1, 164, 192, 138, 240, 138, 251, 226, 46, 201, 151, 171, 239, 42, 71, 114, 163, 211, 230, 94, 26, 110, 92, 50, 66, 162, 3, 88, 177, 229, 13, 244, 140, 12, 39, 71, 111, 13, 136, 80, 37, 54, 237, 52, 178, 126, 182, 201, 90, 52, 8, 180, 211, 175, 187, 190, 73, 154, 13, 180, 172, 110, 106, 27, 160, 125, 229, 221, 131, 10, 73, 208, 160, 212, 137, 54, 131, 157, 150, 109, 145, 151, 38, 102, 140, 238, 77, 124, 20, 225, 14, 139, 20, 68, 245, 197, 44, 93, 214, 53, 148, 138, 216, 213, 59, 80, 71, 163, 96, 192, 64, 46, 30, 163, 69, 120, 150, 155, 209, 159, 23, 107, 202, 55, 140, 85, 252, 155, 175, 175, 172, 62, 36, 111, 64, 215, 40, 48, 179, 232, 127, 206, 106, 17, 92, 26, 28, 1, 228, 8, 92, 39, 46, 10, 184, 250, 216, 253, 150, 108, 125, 182, 23, 234, 164, 127, 142, 32, 215, 220, 87, 35, 176, 221, 179, 253, 225, 182, 192, 55, 229, 192, 240, 133, 11, 141, 46, 142, 136, 227, 171, 65, 25, 243, 54, 52, 166, 112, 233, 180, 67, 118, 51, 43, 166, 33, 149, 138, 252, 95, 100, 151, 128, 118, 32, 64, 106, 17, 156, 1, 55, 116, 149, 196, 21, 178, 10, 253, 55, 34, 83, 163, 221, 196, 137, 82, 77, 215, 127, 67, 57, 152, 84, 209, 224, 187, 57, 92, 41, 36, 65, 217, 20, 33, 239, 206, 52, 75, 125, 204, 128, 208, 73, 16, 226, 103, 154, 3, 41, 244, 186, 216, 216, 82, 187, 131, 173, 252, 173, 146, 7, 223, 78, 143, 211, 22, 10, 148, 24, 62, 63, 164, 222, 159, 31, 225, 98, 204, 221, 194, 104, 116, 118, 214, 162, 124, 88, 219, 191, 158, 45, 245, 121, 184, 224, 133, 160, 82, 62, 186, 188, 137, 161, 147, 217, 208, 191, 123, 93, 60, 136, 232, 231, 175, 198, 250, 135, 85, 177, 125, 140, 97, 130, 42, 51, 78, 196, 242, 87, 67, 31, 93, 51, 228, 104, 143, 41, 41, 126, 103, 221, 7, 76, 58, 59, 8, 51, 24, 32, 135, 182, 118, 90, 103, 255, 35, 147, 101, 89, 25, 102, 149, 24, 170, 223, 36, 217, 91, 169, 42, 174, 132, 243, 186, 84, 213, 214, 184, 68, 110, 190, 144, 33, 190, 207, 58, 254, 252, 50, 119, 44, 61, 199, 94, 36, 147, 221, 37, 41, 224, 7, 36, 41, 176, 208, 180, 221, 53, 125, 66, 94, 187, 46, 186, 13, 206, 71, 218, 212, 143, 34, 17, 82, 22, 159, 14, 149, 212, 176, 120, 235, 188, 231, 115, 97, 21, 152, 26, 245, 196, 183, 75, 1, 183, 144, 250, 11, 159, 238, 9, 227, 23, 162, 146, 137, 181, 106, 27, 72, 84, 45, 165, 21, 135, 109, 212, 234, 10, 191, 200, 107, 227, 219, 190, 194, 218, 98, 161, 195, 56, 144, 169, 148, 228, 246, 204, 154, 185, 50, 99, 106, 239, 122, 69, 99, 17, 1, 146, 41, 89, 60, 249, 95, 119, 165, 52, 75, 64, 91, 18, 39, 178, 108, 225, 68, 9, 222, 62, 236, 246, 11, 72, 160, 71, 182, 69, 192, 141, 151, 59, 71, 66, 245, 38, 249, 175, 27, 170, 117, 191, 17, 40, 141, 104, 68, 175, 206, 22, 181, 0, 76, 75, 174, 0, 103, 198, 29, 132, 156, 234, 242, 130, 233, 10, 18, 60, 125, 87, 2, 160, 194, 20, 143, 245, 110, 95, 120, 99, 201, 47, 69, 106, 223, 35, 214, 102, 185, 251, 17, 219, 48, 109, 105, 123, 13, 109, 160, 87, 195, 89, 54, 18, 0, 71, 214, 57, 126, 161, 132, 4, 44, 55, 118, 76, 140, 128, 112, 135, 250, 187, 93, 24, 241, 138, 220, 252, 160, 163, 248, 137, 208, 139, 134, 134, 196, 197, 211, 101, 84, 79, 150, 40, 84, 33, 14, 127, 122, 85, 127, 109, 231, 190, 137, 94, 146, 61, 40, 9, 70, 176, 246, 212, 241, 186, 90, 96, 61, 12, 122, 196, 176, 111, 128, 64, 251, 252, 59, 78, 10, 137]
2025-04-20 17:24:40,555 - INFO - [MUTATION] Mutation strategy for next input: explore_state_jump | Original: [2] | Mutated: [216, 145, 94, 93, 156, 123, 175, 217, 227, 194, 43, 47, 76, 46, 40, 94, 135, 201, 116, 210, 65, 228, 254, 130, 255, 104, 185, 217, 68, 80, 153, 39, 77, 150, 245, 75, 52, 44, 29, 97, 44, 50, 100, 212, 149, 142, 89, 11, 223, 32, 72, 118, 148, 95, 24, 12, 91, 72, 200, 115, 20, 109, 130, 6, 181, 132, 154, 123, 100, 194, 248, 181, 1, 49, 6, 88, 45, 174, 204, 8, 209, 252, 113, 182, 63, 195, 242, 27, 63, 248, 13, 190, 213, 181, 237, 254, 19, 14, 99, 64, 59, 36, 42, 160, 76, 10, 18, 78, 81, 249, 226, 214, 225, 199, 44, 26, 113, 197, 254, 76, 222, 140, 85, 132, 33, 19, 43, 234, 189, 95, 173, 154, 182, 74, 251, 185, 205, 79, 34, 206, 219, 26, 83, 45, 125, 212, 231, 205, 14, 106, 52, 197, 162, 162, 62, 95, 103, 235, 161, 4, 46, 49, 192, 199, 103, 75, 67, 0, 218, 223, 157, 149, 151, 137, 155, 187, 194, 23, 113, 205, 48, 8, 20, 54, 59, 220, 244, 69, 246, 190, 20, 143, 57, 33, 95, 103, 44, 111, 59, 185, 14, 173, 57, 223, 232, 46, 123, 42, 72, 119, 111, 203, 26, 127, 255, 150, 52, 182, 173, 41, 69, 248, 120, 50, 237, 160, 180, 10, 30, 67, 20, 61, 100, 116, 131, 196, 192, 102, 46, 50, 9, 121, 249, 237, 198, 215, 188, 7, 209, 31, 244, 58, 129, 49, 104, 28, 195, 174, 100, 86, 102, 111, 192, 118, 6, 114, 1, 99, 84, 215, 180, 9, 246, 130, 93, 198, 162, 54, 86, 186, 237, 122, 19, 165, 95, 172, 137, 122, 160, 192, 7, 27, 48, 80, 180, 145, 218, 160, 101, 64, 1, 164, 192, 138, 240, 138, 251, 226, 46, 201, 151, 171, 239, 42, 71, 114, 163, 211, 230, 94, 26, 110, 92, 50, 66, 162, 3, 88, 177, 229, 13, 244, 140, 12, 39, 71, 111, 13, 136, 80, 37, 54, 237, 52, 178, 126, 182, 201, 90, 52, 8, 180, 211, 175, 187, 190, 73, 154, 13, 180, 172, 110, 106, 27, 160, 125, 229, 221, 131, 10, 73, 208, 160, 212, 137, 54, 131, 157, 150, 109, 145, 151, 38, 102, 140, 238, 77, 124, 20, 225, 14, 139, 20, 68, 245, 197, 44, 93, 214, 53, 148, 138, 216, 213, 59, 80, 71, 163, 96, 192, 64, 46, 30, 163, 69, 120, 150, 155, 209, 159, 23, 107, 202, 55, 140, 85, 252, 155, 175, 175, 172, 62, 36, 111, 64, 215, 40, 48, 179, 232, 127, 206, 106, 17, 92, 26, 28, 1, 228, 8, 92, 39, 46, 10, 184, 250, 216, 253, 150, 108, 125, 182, 23, 234, 164, 127, 142, 32, 215, 220, 87, 35, 176, 221, 179, 253, 225, 182, 192, 55, 229, 192, 240, 133, 11, 141, 46, 142, 136, 227, 171, 65, 25, 243, 54, 52, 166, 112, 233, 180, 67, 118, 51, 43, 166, 33, 149, 138, 252, 95, 100, 151, 128, 118, 32, 64, 106, 17, 156, 1, 55, 116, 149, 196, 21, 178, 10, 253, 55, 34, 83, 163, 221, 196, 137, 82, 77, 215, 127, 67, 57, 152, 84, 209, 224, 187, 57, 92, 41, 36, 65, 217, 20, 33, 239, 206, 52, 75, 125, 204, 128, 208, 73, 16, 226, 103, 154, 3, 41, 244, 186, 216, 216, 82, 187, 131, 173, 252, 173, 146, 7, 223, 78, 143, 211, 22, 10, 148, 24, 62, 63, 164, 222, 159, 31, 225, 98, 204, 221, 194, 104, 116, 118, 214, 162, 124, 88, 219, 191, 158, 45, 245, 121, 184, 224, 133, 160, 82, 62, 186, 188, 137, 161, 147, 217, 208, 191, 123, 93, 60, 136, 232, 231, 175, 198, 250, 135, 85, 177, 125, 140, 97, 130, 42, 51, 78, 196, 242, 87, 67, 31, 93, 51, 228, 104, 143, 41, 41, 126, 103, 221, 7, 76, 58, 59, 8, 51, 24, 32, 135, 182, 118, 90, 103, 255, 35, 147, 101, 89, 25, 102, 149, 24, 170, 223, 36, 217, 91, 169, 42, 174, 132, 243, 186, 84, 213, 214, 184, 68, 110, 190, 144, 33, 190, 207, 58, 254, 252, 50, 119, 44, 61, 199, 94, 36, 147, 221, 37, 41, 224, 7, 36, 41, 176, 208, 180, 221, 53, 125, 66, 94, 187, 46, 186, 13, 206, 71, 218, 212, 143, 34, 17, 82, 22, 159, 14, 149, 212, 176, 120, 235, 188, 231, 115, 97, 21, 152, 26, 245, 196, 183, 75, 1, 183, 144, 250, 11, 159, 238, 9, 227, 23, 162, 146, 137, 181, 106, 27, 72, 84, 45, 165, 21, 135, 109, 212, 234, 10, 191, 200, 107, 227, 219, 190, 194, 218, 98, 161, 195, 56, 144, 169, 148, 228, 246, 204, 154, 185, 50, 99, 106, 239, 122, 69, 99, 17, 1, 146, 41, 89, 60, 249, 95, 119, 165, 52, 75, 64, 91, 18, 39, 178, 108, 225, 68, 9, 222, 62, 236, 246, 11, 72, 160, 71, 182, 69, 192, 141, 151, 59, 71, 66, 245, 38, 249, 175, 27, 170, 117, 191, 17, 40, 141, 104, 68, 175, 206, 22, 181, 0, 76, 75, 174, 0, 103, 198, 29, 132, 156, 234, 242, 130, 233, 10, 18, 60, 125, 87, 2, 160, 194, 20, 143, 245, 110, 95, 120, 99, 201, 47, 69, 106, 223, 35, 214, 102, 185, 251, 17, 219, 48, 109, 105, 123, 13, 109, 160, 87, 195, 89, 54, 18, 0, 71, 214, 57, 126, 161, 132, 4, 44, 55, 118, 76, 140, 128, 112, 135, 250, 187, 93, 24, 241, 138, 220, 252, 160, 163, 248, 137, 208, 139, 134, 134, 196, 197, 211, 101, 84, 79, 150, 40, 84, 33, 14, 127, 122, 85, 127, 109, 231, 190, 137, 94, 146, 61, 40, 9, 70, 176, 246, 212, 241, 186, 90, 96, 61, 12, 122, 196, 176, 111, 128, 64, 251, 252, 59, 78, 10, 137]
2025-04-20 17:24:40,555 - INFO - ------------------------------------------------------------
2025-04-20 17:24:40,555 - INFO - 
[>] Sending command: [216, 145, 94, 93, 156, 123, 175, 217, 227, 194, 43, 47, 76, 46, 40, 94, 135, 201, 116, 210, 65, 228, 254, 130, 255, 104, 185, 217, 68, 80, 153, 39, 77, 150, 245, 75, 52, 44, 29, 97, 44, 50, 100, 212, 149, 142, 89, 11, 223, 32, 72, 118, 148, 95, 24, 12, 91, 72, 200, 115, 20, 109, 130, 6, 181, 132, 154, 123, 100, 194, 248, 181, 1, 49, 6, 88, 45, 174, 204, 8, 209, 252, 113, 182, 63, 195, 242, 27, 63, 248, 13, 190, 213, 181, 237, 254, 19, 14, 99, 64, 59, 36, 42, 160, 76, 10, 18, 78, 81, 249, 226, 214, 225, 199, 44, 26, 113, 197, 254, 76, 222, 140, 85, 132, 33, 19, 43, 234, 189, 95, 173, 154, 182, 74, 251, 185, 205, 79, 34, 206, 219, 26, 83, 45, 125, 212, 231, 205, 14, 106, 52, 197, 162, 162, 62, 95, 103, 235, 161, 4, 46, 49, 192, 199, 103, 75, 67, 0, 218, 223, 157, 149, 151, 137, 155, 187, 194, 23, 113, 205, 48, 8, 20, 54, 59, 220, 244, 69, 246, 190, 20, 143, 57, 33, 95, 103, 44, 111, 59, 185, 14, 173, 57, 223, 232, 46, 123, 42, 72, 119, 111, 203, 26, 127, 255, 150, 52, 182, 173, 41, 69, 248, 120, 50, 237, 160, 180, 10, 30, 67, 20, 61, 100, 116, 131, 196, 192, 102, 46, 50, 9, 121, 249, 237, 198, 215, 188, 7, 209, 31, 244, 58, 129, 49, 104, 28, 195, 174, 100, 86, 102, 111, 192, 118, 6, 114, 1, 99, 84, 215, 180, 9, 246, 130, 93, 198, 162, 54, 86, 186, 237, 122, 19, 165, 95, 172, 137, 122, 160, 192, 7, 27, 48, 80, 180, 145, 218, 160, 101, 64, 1, 164, 192, 138, 240, 138, 251, 226, 46, 201, 151, 171, 239, 42, 71, 114, 163, 211, 230, 94, 26, 110, 92, 50, 66, 162, 3, 88, 177, 229, 13, 244, 140, 12, 39, 71, 111, 13, 136, 80, 37, 54, 237, 52, 178, 126, 182, 201, 90, 52, 8, 180, 211, 175, 187, 190, 73, 154, 13, 180, 172, 110, 106, 27, 160, 125, 229, 221, 131, 10, 73, 208, 160, 212, 137, 54, 131, 157, 150, 109, 145, 151, 38, 102, 140, 238, 77, 124, 20, 225, 14, 139, 20, 68, 245, 197, 44, 93, 214, 53, 148, 138, 216, 213, 59, 80, 71, 163, 96, 192, 64, 46, 30, 163, 69, 120, 150, 155, 209, 159, 23, 107, 202, 55, 140, 85, 252, 155, 175, 175, 172, 62, 36, 111, 64, 215, 40, 48, 179, 232, 127, 206, 106, 17, 92, 26, 28, 1, 228, 8, 92, 39, 46, 10, 184, 250, 216, 253, 150, 108, 125, 182, 23, 234, 164, 127, 142, 32, 215, 220, 87, 35, 176, 221, 179, 253, 225, 182, 192, 55, 229, 192, 240, 133, 11, 141, 46, 142, 136, 227, 171, 65, 25, 243, 54, 52, 166, 112, 233, 180, 67, 118, 51, 43, 166, 33, 149, 138, 252, 95, 100, 151, 128, 118, 32, 64, 106, 17, 156, 1, 55, 116, 149, 196, 21, 178, 10, 253, 55, 34, 83, 163, 221, 196, 137, 82, 77, 215, 127, 67, 57, 152, 84, 209, 224, 187, 57, 92, 41, 36, 65, 217, 20, 33, 239, 206, 52, 75, 125, 204, 128, 208, 73, 16, 226, 103, 154, 3, 41, 244, 186, 216, 216, 82, 187, 131, 173, 252, 173, 146, 7, 223, 78, 143, 211, 22, 10, 148, 24, 62, 63, 164, 222, 159, 31, 225, 98, 204, 221, 194, 104, 116, 118, 214, 162, 124, 88, 219, 191, 158, 45, 245, 121, 184, 224, 133, 160, 82, 62, 186, 188, 137, 161, 147, 217, 208, 191, 123, 93, 60, 136, 232, 231, 175, 198, 250, 135, 85, 177, 125, 140, 97, 130, 42, 51, 78, 196, 242, 87, 67, 31, 93, 51, 228, 104, 143, 41, 41, 126, 103, 221, 7, 76, 58, 59, 8, 51, 24, 32, 135, 182, 118, 90, 103, 255, 35, 147, 101, 89, 25, 102, 149, 24, 170, 223, 36, 217, 91, 169, 42, 174, 132, 243, 186, 84, 213, 214, 184, 68, 110, 190, 144, 33, 190, 207, 58, 254, 252, 50, 119, 44, 61, 199, 94, 36, 147, 221, 37, 41, 224, 7, 36, 41, 176, 208, 180, 221, 53, 125, 66, 94, 187, 46, 186, 13, 206, 71, 218, 212, 143, 34, 17, 82, 22, 159, 14, 149, 212, 176, 120, 235, 188, 231, 115, 97, 21, 152, 26, 245, 196, 183, 75, 1, 183, 144, 250, 11, 159, 238, 9, 227, 23, 162, 146, 137, 181, 106, 27, 72, 84, 45, 165, 21, 135, 109, 212, 234, 10, 191, 200, 107, 227, 219, 190, 194, 218, 98, 161, 195, 56, 144, 169, 148, 228, 246, 204, 154, 185, 50, 99, 106, 239, 122, 69, 99, 17, 1, 146, 41, 89, 60, 249, 95, 119, 165, 52, 75, 64, 91, 18, 39, 178, 108, 225, 68, 9, 222, 62, 236, 246, 11, 72, 160, 71, 182, 69, 192, 141, 151, 59, 71, 66, 245, 38, 249, 175, 27, 170, 117, 191, 17, 40, 141, 104, 68, 175, 206, 22, 181, 0, 76, 75, 174, 0, 103, 198, 29, 132, 156, 234, 242, 130, 233, 10, 18, 60, 125, 87, 2, 160, 194, 20, 143, 245, 110, 95, 120, 99, 201, 47, 69, 106, 223, 35, 214, 102, 185, 251, 17, 219, 48, 109, 105, 123, 13, 109, 160, 87, 195, 89, 54, 18, 0, 71, 214, 57, 126, 161, 132, 4, 44, 55, 118, 76, 140, 128, 112, 135, 250, 187, 93, 24, 241, 138, 220, 252, 160, 163, 248, 137, 208, 139, 134, 134, 196, 197, 211, 101, 84, 79, 150, 40, 84, 33, 14, 127, 122, 85, 127, 109, 231, 190, 137, 94, 146, 61, 40, 9, 70, 176, 246, 212, 241, 186, 90, 96, 61, 12, 122, 196, 176, 111, 128, 64, 251, 252, 59, 78, 10, 137]
2025-04-20 17:24:40,558 - INFO - [STATE-EXPLORATION] Strategy: empty_payload | Sequence: []
2025-04-20 17:24:40,558 - INFO - [MUTATION] Mutation strategy for next input: explore_state_jump | Original: [2] | Mutated: []
2025-04-20 17:24:40,558 - INFO - ------------------------------------------------------------
2025-04-20 17:24:40,560 - INFO - 
[>] Sending command: []
2025-04-20 17:24:40,673 - INFO - ['[Error] Code: 0x010203']
2025-04-20 17:24:40,674 - INFO - [1] Connecting to "Smart Lock [Group 10]"...
2025-04-20 17:24:42,695 - INFO - [2] Authenticating...
2025-04-20 17:24:44,735 - INFO - Sent AUTH+PASSCODE: [0, 1, 2, 3, 4, 5, 6]
2025-04-20 17:24:44,736 - INFO - Received response: [0]
2025-04-20 17:24:44,736 - INFO - [!] Authenticated!!!
2025-04-20 17:24:48,749 - INFO - 
[Paths] 1 discovered. (Path=()) s=0, f=1.
2025-04-20 17:24:48,749 - INFO - [STATE-EXPLORATION] Strategy: open_without_auth | Sequence: [1]
2025-04-20 17:24:48,750 - INFO - [MUTATION] Mutation strategy for next input: explore_state_jump | Original: [1] | Mutated: [1]
2025-04-20 17:24:48,750 - INFO - ------------------------------------------------------------
2025-04-20 17:24:48,750 - INFO - 
[>] Sending command: [1]
2025-04-20 17:24:48,933 - INFO - [<] Received response: [0]
2025-04-20 17:24:50,947 - INFO - [State] Device state: Authenticated
2025-04-20 17:24:50,948 - INFO - [State] Closing the lock mechanism
2025-04-20 17:24:50,948 - INFO - [State] Lock mechanism closed
2025-04-20 17:24:50,948 - INFO - [State] Device state: Authenticated
2025-04-20 17:24:50,948 - INFO - [State] Opening the lock mechanism
2025-04-20 17:24:50,948 - INFO - [State] Lock mechanism open
2025-04-20 17:24:50,948 - INFO - [State] Closing the lock mechanism
2025-04-20 17:24:50,948 - INFO - [State] Lock mechanism closed
2025-04-20 17:24:50,948 - INFO - [State] Device state: Authenticated
2025-04-20 17:24:50,948 - INFO - [State] Opening the lock mechanism
2025-04-20 17:24:50,948 - INFO - [State] Lock mechanism open
2025-04-20 17:24:50,948 - INFO - [State] Closing the lock mechanism
2025-04-20 17:24:50,949 - INFO - [State] Lock mechanism closed
2025-04-20 17:24:50,949 - INFO - [State] Device state: Authenticated
2025-04-20 17:24:50,949 - INFO - [State] Opening the lock mechanism
2025-04-20 17:24:50,949 - INFO - [State] Lock mechanism open
2025-04-20 17:24:50,949 - INFO - [State] Closing the lock mechanism
2025-04-20 17:24:50,949 - INFO - [State] Lock mechanism closed
2025-04-20 17:24:50,949 - INFO - [State] Device state: Authenticated
2025-04-20 17:24:50,949 - INFO - [State] Opening the lock mechanism
2025-04-20 17:24:50,949 - INFO - [State] Lock mechanism open
2025-04-20 17:24:50,949 - INFO - [State] Closing the lock mechanism
2025-04-20 17:24:50,949 - INFO - [State] Lock mechanism closed
2025-04-20 17:24:50,949 - INFO - [State] Device state: Authenticated
2025-04-20 17:24:50,950 - INFO - [{'from': 0, 'command': 'Authenticate', 'to': 2}, {'from': 2, 'command': 'Authenticate', 'to': 2}, {'from': 2, 'command': 'Authenticate', 'to': 2}, {'from': 2, 'command': 'Authenticate', 'to': 2}, {'from': 2, 'command': 'Authenticate', 'to': 2}, {'from': 2, 'command': 'Authenticate', 'to': 2}]
2025-04-20 17:24:50,950 - INFO - [INTERESTING] New path discovered: ('[State] Device state: Authenticated', '[State] Closing the lock mechanism', '[State] Lock mechanism closed', '[State] Device state: Authenticated', '[State] Opening the lock mechanism', '[State] Lock mechanism open', '[State] Closing the lock mechanism', '[State] Lock mechanism closed', '[State] Device state: Authenticated', '[State] Opening the lock mechanism', '[State] Lock mechanism open', '[State] Closing the lock mechanism', '[State] Lock mechanism closed', '[State] Device state: Authenticated', '[State] Opening the lock mechanism', '[State] Lock mechanism open', '[State] Closing the lock mechanism', '[State] Lock mechanism closed', '[State] Device state: Authenticated', '[State] Opening the lock mechanism', '[State] Lock mechanism open', '[State] Closing the lock mechanism', '[State] Lock mechanism closed', '[State] Device state: Authenticated')
2025-04-20 17:24:50,951 - INFO - [STATE-EXPLORATION] Strategy: close_without_auth | Sequence: [2]
2025-04-20 17:24:50,951 - INFO - [MUTATION] Mutation strategy for next input: explore_state_jump | Original: [1] | Mutated: [2]
2025-04-20 17:24:50,951 - INFO - ------------------------------------------------------------
2025-04-20 17:24:50,951 - INFO - 
[>] Sending command: [2]
2025-04-20 17:24:51,128 - INFO - [<] Received response: [0]
2025-04-20 17:24:53,130 - INFO - [State] Device state: Authenticated
2025-04-20 17:24:53,131 - INFO - [State] Closing the lock mechanism
2025-04-20 17:24:53,131 - INFO - [State] Lock mechanism closed
2025-04-20 17:24:53,131 - INFO - [State] Device state: Authenticated
2025-04-20 17:24:53,131 - INFO - [State] Opening the lock mechanism
2025-04-20 17:24:53,131 - INFO - [State] Lock mechanism open
2025-04-20 17:24:53,131 - INFO - [State] Closing the lock mechanism
2025-04-20 17:24:53,131 - INFO - [State] Lock mechanism closed
2025-04-20 17:24:53,131 - INFO - [State] Device state: Authenticated
2025-04-20 17:24:53,131 - INFO - [State] Opening the lock mechanism
2025-04-20 17:24:53,131 - INFO - [State] Lock mechanism open
2025-04-20 17:24:53,131 - INFO - [State] Closing the lock mechanism
2025-04-20 17:24:53,131 - INFO - [State] Lock mechanism closed
2025-04-20 17:24:53,131 - INFO - [State] Device state: Authenticated
2025-04-20 17:24:53,131 - INFO - [State] Opening the lock mechanism
2025-04-20 17:24:53,132 - INFO - [State] Lock mechanism open
2025-04-20 17:24:53,132 - INFO - [State] Closing the lock mechanism
2025-04-20 17:24:53,132 - INFO - [State] Lock mechanism closed
2025-04-20 17:24:53,132 - INFO - [State] Device state: Authenticated
2025-04-20 17:24:53,132 - INFO - [State] Opening the lock mechanism
2025-04-20 17:24:53,132 - INFO - [State] Lock mechanism open
2025-04-20 17:24:53,132 - INFO - [State] Closing the lock mechanism
2025-04-20 17:24:53,132 - INFO - [State] Lock mechanism closed
2025-04-20 17:24:53,132 - INFO - [State] Device state: Authenticated
2025-04-20 17:24:53,132 - INFO - [State] Opening the lock mechanism
2025-04-20 17:24:53,132 - INFO - [State] Lock mechanism open
2025-04-20 17:24:53,132 - INFO - [State] Closing the lock mechanism
2025-04-20 17:24:53,132 - INFO - [State] Lock mechanism closed
2025-04-20 17:24:53,133 - INFO - [{'from': 0, 'command': 'Authenticate', 'to': 2}, {'from': 2, 'command': 'Authenticate', 'to': 2}, {'from': 2, 'command': 'Authenticate', 'to': 2}, {'from': 2, 'command': 'Authenticate', 'to': 2}, {'from': 2, 'command': 'Authenticate', 'to': 2}, {'from': 2, 'command': 'Authenticate', 'to': 2}]
2025-04-20 17:24:53,133 - INFO - [INTERESTING] New path discovered: ('[State] Device state: Authenticated', '[State] Closing the lock mechanism', '[State] Lock mechanism closed', '[State] Device state: Authenticated', '[State] Opening the lock mechanism', '[State] Lock mechanism open', '[State] Closing the lock mechanism', '[State] Lock mechanism closed', '[State] Device state: Authenticated', '[State] Opening the lock mechanism', '[State] Lock mechanism open', '[State] Closing the lock mechanism', '[State] Lock mechanism closed', '[State] Device state: Authenticated', '[State] Opening the lock mechanism', '[State] Lock mechanism open', '[State] Closing the lock mechanism', '[State] Lock mechanism closed', '[State] Device state: Authenticated', '[State] Opening the lock mechanism', '[State] Lock mechanism open', '[State] Closing the lock mechanism', '[State] Lock mechanism closed', '[State] Device state: Authenticated', '[State] Opening the lock mechanism', '[State] Lock mechanism open', '[State] Closing the lock mechanism', '[State] Lock mechanism closed')
2025-04-20 17:24:53,134 - INFO - 
[Paths] 1 discovered. (Path=()) s=1, f=2.
2025-04-20 17:24:53,134 - INFO - [STATE-EXPLORATION] Strategy: partial_auth | Sequence: [0, 99, 7, 226, 87, 147, 204]
2025-04-20 17:24:53,134 - INFO - [MUTATION] Mutation strategy for next input: explore_state_jump | Original: [2] | Mutated: [0, 99, 7, 226, 87, 147, 204]
2025-04-20 17:24:53,134 - INFO - ------------------------------------------------------------
2025-04-20 17:24:53,134 - INFO - 
[>] Sending command: [0, 99, 7, 226, 87, 147, 204]
2025-04-20 17:24:54,424 - INFO - [STATE-EXPLORATION] Strategy: spam_auth | Sequence: [0, 1, 2, 3, 4, 5, 6, 0, 1, 2, 3, 4, 5, 6, 0, 1, 2, 3, 4, 5, 6, 0, 1, 2, 3, 4, 5, 6, 0, 1, 2, 3, 4, 5, 6]
2025-04-20 17:24:54,424 - INFO - [MUTATION] Mutation strategy for next input: explore_state_jump | Original: [2] | Mutated: [0, 1, 2, 3, 4, 5, 6, 0, 1, 2, 3, 4, 5, 6, 0, 1, 2, 3, 4, 5, 6, 0, 1, 2, 3, 4, 5, 6, 0, 1, 2, 3, 4, 5, 6]
2025-04-20 17:24:54,424 - INFO - ------------------------------------------------------------
2025-04-20 17:24:54,424 - INFO - 
[>] Sending command: [0, 1, 2, 3, 4, 5, 6, 0, 1, 2, 3, 4, 5, 6, 0, 1, 2, 3, 4, 5, 6, 0, 1, 2, 3, 4, 5, 6, 0, 1, 2, 3, 4, 5, 6]
2025-04-20 17:24:54,425 - INFO - [STATE-EXPLORATION] Strategy: spam_open_without_close | Sequence: [0, 1, 2, 3, 4, 5, 6, 1, 1, 1, 1, 1, 1, 1, 1, 1, 1]
2025-04-20 17:24:54,425 - INFO - [MUTATION] Mutation strategy for next input: explore_state_jump | Original: [2] | Mutated: [0, 1, 2, 3, 4, 5, 6, 1, 1, 1, 1, 1, 1, 1, 1, 1, 1]
2025-04-20 17:24:54,425 - INFO - ------------------------------------------------------------
2025-04-20 17:24:54,425 - INFO - 
[>] Sending command: [0, 1, 2, 3, 4, 5, 6, 1, 1, 1, 1, 1, 1, 1, 1, 1, 1]
2025-04-20 17:24:54,426 - INFO - [STATE-EXPLORATION] Strategy: auth_open_unknown_close | Sequence: [0, 1, 2, 3, 4, 5, 6, 1, 181, 2]
2025-04-20 17:24:54,426 - INFO - [MUTATION] Mutation strategy for next input: explore_state_jump | Original: [2] | Mutated: [0, 1, 2, 3, 4, 5, 6, 1, 181, 2]
2025-04-20 17:24:54,427 - INFO - ------------------------------------------------------------
2025-04-20 17:24:54,427 - INFO - 
[>] Sending command: [0, 1, 2, 3, 4, 5, 6, 1, 181, 2]
2025-04-20 17:24:54,429 - INFO - 
[Paths] 2 discovered. (Path=()) s=2, f=4. (Path=('[State] Device state: Authenticated', '[State] Closing the lock mechanism', '[State] Lock mechanism closed', '[State] Device state: Authenticated', '[State] Opening the lock mechanism', '[State] Lock mechanism open', '[State] Closing the lock mechanism', '[State] Lock mechanism closed', '[State] Device state: Authenticated', '[State] Opening the lock mechanism', '[State] Lock mechanism open', '[State] Closing the lock mechanism', '[State] Lock mechanism closed', '[State] Device state: Authenticated', '[State] Opening the lock mechanism', '[State] Lock mechanism open', '[State] Closing the lock mechanism', '[State] Lock mechanism closed', '[State] Device state: Authenticated', '[State] Opening the lock mechanism', '[State] Lock mechanism open', '[State] Closing the lock mechanism', '[State] Lock mechanism closed', '[State] Device state: Authenticated')) s=0, f=1.
2025-04-20 17:24:54,429 - INFO - [STATE-EXPLORATION] Strategy: repeated_toggle | Sequence: [0, 1, 2, 3, 4, 5, 6, 2, 1, 2, 2, 2, 1, 2, 2, 2, 2, 1, 2, 2, 1, 2, 1]
2025-04-20 17:24:54,429 - INFO - [MUTATION] Mutation strategy for next input: explore_state_jump | Original: [1] | Mutated: [0, 1, 2, 3, 4, 5, 6, 2, 1, 2, 2, 2, 1, 2, 2, 2, 2, 1, 2, 2, 1, 2, 1]
2025-04-20 17:24:54,429 - INFO - ------------------------------------------------------------
2025-04-20 17:24:54,429 - INFO - 
[>] Sending command: [0, 1, 2, 3, 4, 5, 6, 2, 1, 2, 2, 2, 1, 2, 2, 2, 2, 1, 2, 2, 1, 2, 1]
2025-04-20 17:24:54,430 - INFO - [STATE-EXPLORATION] Strategy: unknown_before_auth | Sequence: [181, 0, 1, 2, 3, 4, 5, 6]
2025-04-20 17:24:54,430 - INFO - [MUTATION] Mutation strategy for next input: explore_state_jump | Original: [1] | Mutated: [181, 0, 1, 2, 3, 4, 5, 6]
2025-04-20 17:24:54,430 - INFO - ------------------------------------------------------------
2025-04-20 17:24:54,430 - INFO - 
[>] Sending command: [181, 0, 1, 2, 3, 4, 5, 6]
2025-04-20 17:24:54,432 - INFO - 
[Paths] 3 discovered. (Path=()) s=2, f=4. (Path=('[State] Device state: Authenticated', '[State] Closing the lock mechanism', '[State] Lock mechanism closed', '[State] Device state: Authenticated', '[State] Opening the lock mechanism', '[State] Lock mechanism open', '[State] Closing the lock mechanism', '[State] Lock mechanism closed', '[State] Device state: Authenticated', '[State] Opening the lock mechanism', '[State] Lock mechanism open', '[State] Closing the lock mechanism', '[State] Lock mechanism closed', '[State] Device state: Authenticated', '[State] Opening the lock mechanism', '[State] Lock mechanism open', '[State] Closing the lock mechanism', '[State] Lock mechanism closed', '[State] Device state: Authenticated', '[State] Opening the lock mechanism', '[State] Lock mechanism open', '[State] Closing the lock mechanism', '[State] Lock mechanism closed', '[State] Device state: Authenticated')) s=1, f=2. (Path=('[State] Device state: Authenticated', '[State] Closing the lock mechanism', '[State] Lock mechanism closed', '[State] Device state: Authenticated', '[State] Opening the lock mechanism', '[State] Lock mechanism open', '[State] Closing the lock mechanism', '[State] Lock mechanism closed', '[State] Device state: Authenticated', '[State] Opening the lock mechanism', '[State] Lock mechanism open', '[State] Closing the lock mechanism', '[State] Lock mechanism closed', '[State] Device state: Authenticated', '[State] Opening the lock mechanism', '[State] Lock mechanism open', '[State] Closing the lock mechanism', '[State] Lock mechanism closed', '[State] Device state: Authenticated', '[State] Opening the lock mechanism', '[State] Lock mechanism open', '[State] Closing the lock mechanism', '[State] Lock mechanism closed', '[State] Device state: Authenticated', '[State] Opening the lock mechanism', '[State] Lock mechanism open', '[State] Closing the lock mechanism', '[State] Lock mechanism closed')) s=0, f=1.
2025-04-20 17:24:54,434 - INFO - [STATE-EXPLORATION] Strategy: garbage_payload | Sequence: [240, 7, 92, 139, 188, 141, 77, 171, 69, 211, 3, 75, 124, 106, 71, 108, 202, 176, 71, 248, 103, 108, 113, 67, 127, 47, 228, 255, 198, 83, 114, 77, 20, 107, 134, 60, 225, 21, 196, 17, 196, 148, 233, 61, 30, 190, 188, 171, 108, 127, 41, 212, 65, 113, 175, 240, 213, 25, 229, 153, 130, 212, 203, 187, 8, 238, 27, 183, 18, 213, 103, 186, 119, 248, 236, 161, 37, 87, 118, 88, 123, 61, 126, 238, 213, 219, 55, 159, 91, 16, 42, 60, 228, 217, 182, 143, 46, 240, 233, 42, 176, 162, 197, 95, 50, 235, 7, 114, 22, 117, 84, 144, 1, 230, 65, 179, 213, 88, 128, 24, 5, 95, 247, 70, 251, 134, 116, 223, 140, 238, 26, 88, 206, 93, 48, 208, 132, 170, 9, 118, 28, 171, 240, 106, 67, 101, 233, 221, 8, 110, 238, 5, 188, 135, 100, 136, 7, 254, 169, 202, 51, 243, 56, 70, 140, 205, 107, 248, 209, 106, 7, 90, 13, 72, 205, 165, 131, 108, 192, 113, 84, 183, 244, 3, 253, 22, 220, 219, 158, 195, 30, 106, 83, 20, 210, 131, 204, 141, 70, 146, 197, 178, 233, 73, 251, 222, 126, 181, 61, 31, 69, 160, 37, 117, 43, 109, 107, 24, 9, 83, 103, 191, 41, 174, 182, 237, 214, 195, 19, 93, 117, 167, 87, 61, 123, 239, 178, 136, 197, 109, 150, 219, 244, 46, 156, 211, 141, 28, 147, 56, 68, 52, 172, 44, 109, 184, 88, 98, 171, 67, 133, 168, 1, 196, 126, 64, 135, 66, 246, 192, 87, 151, 123, 98, 15, 251, 72, 62, 228, 235, 70, 85, 225, 28, 32, 142, 150, 37, 14, 196, 32, 211, 123, 179, 27, 110, 132, 20, 145, 3, 139, 183, 68, 36, 117, 54, 124, 10, 179, 242, 195, 252, 10, 197, 249, 221, 194, 144, 17, 131, 176, 182, 170, 191, 209, 142, 175, 111, 239, 128, 196, 195, 75, 62, 3, 37, 214, 102, 161, 84, 191, 54, 246, 188, 250, 43, 116, 114, 155, 152, 155, 198, 11, 178, 80, 77, 133, 226, 153, 213, 61, 120, 73, 97, 253, 108, 249, 151, 186, 230, 162, 102, 42, 98, 235, 139, 237, 234, 5, 253, 82, 34, 208, 35, 49, 34, 111, 159, 102, 139, 8, 152, 29, 47, 48, 101, 176, 196, 20, 216, 102, 219, 6, 184, 106, 9, 234, 136, 255, 161, 37, 162, 9, 188, 203, 130, 34, 146, 42, 138, 142, 71, 177, 150, 45, 155, 104, 226, 8, 209, 68, 203, 37, 6, 164, 164, 207, 129, 232, 103, 6, 0, 133, 57, 88, 207, 88, 20, 113, 41, 174, 150, 66, 8, 25, 186, 177, 20, 47, 154, 243, 189, 9, 156, 200, 75, 109, 65, 56, 179, 248, 240, 128, 63, 61, 194, 204, 141, 103, 113, 124, 219, 82, 127, 108, 120, 149, 28, 54, 82, 124, 64, 56, 113, 44, 11, 93, 206, 152, 68, 218, 126, 8, 207, 110, 51, 201, 91, 85, 27, 131, 8, 3, 115, 178, 247, 181, 131, 74, 237, 58, 29, 92, 183, 190, 184, 186, 27, 224, 52, 110, 244, 51, 49, 250, 121, 163, 86, 179, 189, 56, 80, 5, 181, 54, 55, 196, 132, 193, 219, 155, 206, 53, 72, 97, 149, 218, 242, 3, 40, 150, 16, 213, 191, 241, 134, 63, 110, 203, 93, 187, 188, 125, 60, 89, 199, 40, 236, 70, 39, 127, 23, 206, 0, 121, 19, 53, 19, 47, 56, 1, 119, 253, 87, 238, 209, 77, 246, 191, 181, 132, 45, 106, 223, 14, 84, 75, 22, 159, 54, 85, 74, 126, 53, 8, 156, 102, 94, 109, 9, 210, 77, 70, 55, 32, 250, 28, 251, 200, 27, 209, 37, 243, 189, 199, 124, 117, 214, 244, 6, 239, 121, 194, 43, 61, 121, 157, 173, 103, 159, 245, 138, 128, 199, 211, 80, 188, 148, 35, 73, 156, 239, 102, 62, 230, 235, 99, 131, 137, 204, 238, 210, 154, 202, 51, 164, 19, 234, 71, 129, 178, 166, 95, 170, 72, 186, 222, 139, 135, 207, 129, 220, 147, 176, 163, 62, 153, 96, 227, 186, 162, 113, 217, 175, 174, 216, 131, 142, 248, 107, 24, 2, 93, 167, 160, 49, 9, 96, 58, 254, 192, 151, 165, 240, 106, 163, 37, 179, 59, 79, 129, 119, 223, 185, 175, 234, 110, 191, 17, 23, 217, 34, 177, 235, 225, 158, 17, 60, 94, 172, 205, 206, 188, 111, 28, 97, 243, 78, 45, 160, 186, 47, 219, 156, 191, 140, 142, 16, 85, 60, 47, 155, 159, 134, 12, 152, 203, 74, 162, 170, 190, 53, 135, 35, 6, 119, 162, 251, 56, 34, 194, 194, 173, 39, 40, 254, 39, 239, 48, 92, 150, 176, 206, 210, 206, 3, 243, 0, 8, 188, 130, 154, 202, 17, 69, 137, 151, 33, 243, 57, 16, 68, 50, 63, 115, 103, 37, 68, 196, 119, 251, 25, 103, 46, 16, 52, 172, 103, 212, 248, 123, 92, 159, 228, 81, 187, 240, 155, 107, 201, 213, 213, 27, 157, 141, 118, 205, 33, 176, 62, 68, 63, 248, 167, 65, 198, 125, 12, 108, 161, 82, 173, 239, 179, 12, 155, 90, 242, 166, 238, 89, 130, 133, 2, 112, 123, 117, 18, 14, 52, 111, 11, 187, 32, 91, 32, 188, 35, 210, 227, 173, 95, 151, 6, 171, 248, 79, 66, 142, 8, 243, 221, 2, 54, 212, 75, 151, 101, 201, 0, 184, 201, 66, 137, 250, 36, 245, 211, 20, 200, 39, 143, 172, 65, 146, 242, 92, 62, 116, 61, 243, 229, 28, 205, 42, 202, 207, 208, 54, 192, 169, 173, 199, 125, 128, 13, 182, 213, 40, 241, 87, 254, 56, 53, 209, 47, 14, 80, 159, 224, 79, 241, 16, 220, 91, 80, 85, 167, 218, 212, 87, 163, 7, 189, 3, 90, 62, 223, 231, 100, 206, 42, 103, 143, 250, 93, 245, 97, 141, 80]
2025-04-20 17:24:54,434 - INFO - [MUTATION] Mutation strategy for next input: explore_state_jump | Original: [2] | Mutated: [240, 7, 92, 139, 188, 141, 77, 171, 69, 211, 3, 75, 124, 106, 71, 108, 202, 176, 71, 248, 103, 108, 113, 67, 127, 47, 228, 255, 198, 83, 114, 77, 20, 107, 134, 60, 225, 21, 196, 17, 196, 148, 233, 61, 30, 190, 188, 171, 108, 127, 41, 212, 65, 113, 175, 240, 213, 25, 229, 153, 130, 212, 203, 187, 8, 238, 27, 183, 18, 213, 103, 186, 119, 248, 236, 161, 37, 87, 118, 88, 123, 61, 126, 238, 213, 219, 55, 159, 91, 16, 42, 60, 228, 217, 182, 143, 46, 240, 233, 42, 176, 162, 197, 95, 50, 235, 7, 114, 22, 117, 84, 144, 1, 230, 65, 179, 213, 88, 128, 24, 5, 95, 247, 70, 251, 134, 116, 223, 140, 238, 26, 88, 206, 93, 48, 208, 132, 170, 9, 118, 28, 171, 240, 106, 67, 101, 233, 221, 8, 110, 238, 5, 188, 135, 100, 136, 7, 254, 169, 202, 51, 243, 56, 70, 140, 205, 107, 248, 209, 106, 7, 90, 13, 72, 205, 165, 131, 108, 192, 113, 84, 183, 244, 3, 253, 22, 220, 219, 158, 195, 30, 106, 83, 20, 210, 131, 204, 141, 70, 146, 197, 178, 233, 73, 251, 222, 126, 181, 61, 31, 69, 160, 37, 117, 43, 109, 107, 24, 9, 83, 103, 191, 41, 174, 182, 237, 214, 195, 19, 93, 117, 167, 87, 61, 123, 239, 178, 136, 197, 109, 150, 219, 244, 46, 156, 211, 141, 28, 147, 56, 68, 52, 172, 44, 109, 184, 88, 98, 171, 67, 133, 168, 1, 196, 126, 64, 135, 66, 246, 192, 87, 151, 123, 98, 15, 251, 72, 62, 228, 235, 70, 85, 225, 28, 32, 142, 150, 37, 14, 196, 32, 211, 123, 179, 27, 110, 132, 20, 145, 3, 139, 183, 68, 36, 117, 54, 124, 10, 179, 242, 195, 252, 10, 197, 249, 221, 194, 144, 17, 131, 176, 182, 170, 191, 209, 142, 175, 111, 239, 128, 196, 195, 75, 62, 3, 37, 214, 102, 161, 84, 191, 54, 246, 188, 250, 43, 116, 114, 155, 152, 155, 198, 11, 178, 80, 77, 133, 226, 153, 213, 61, 120, 73, 97, 253, 108, 249, 151, 186, 230, 162, 102, 42, 98, 235, 139, 237, 234, 5, 253, 82, 34, 208, 35, 49, 34, 111, 159, 102, 139, 8, 152, 29, 47, 48, 101, 176, 196, 20, 216, 102, 219, 6, 184, 106, 9, 234, 136, 255, 161, 37, 162, 9, 188, 203, 130, 34, 146, 42, 138, 142, 71, 177, 150, 45, 155, 104, 226, 8, 209, 68, 203, 37, 6, 164, 164, 207, 129, 232, 103, 6, 0, 133, 57, 88, 207, 88, 20, 113, 41, 174, 150, 66, 8, 25, 186, 177, 20, 47, 154, 243, 189, 9, 156, 200, 75, 109, 65, 56, 179, 248, 240, 128, 63, 61, 194, 204, 141, 103, 113, 124, 219, 82, 127, 108, 120, 149, 28, 54, 82, 124, 64, 56, 113, 44, 11, 93, 206, 152, 68, 218, 126, 8, 207, 110, 51, 201, 91, 85, 27, 131, 8, 3, 115, 178, 247, 181, 131, 74, 237, 58, 29, 92, 183, 190, 184, 186, 27, 224, 52, 110, 244, 51, 49, 250, 121, 163, 86, 179, 189, 56, 80, 5, 181, 54, 55, 196, 132, 193, 219, 155, 206, 53, 72, 97, 149, 218, 242, 3, 40, 150, 16, 213, 191, 241, 134, 63, 110, 203, 93, 187, 188, 125, 60, 89, 199, 40, 236, 70, 39, 127, 23, 206, 0, 121, 19, 53, 19, 47, 56, 1, 119, 253, 87, 238, 209, 77, 246, 191, 181, 132, 45, 106, 223, 14, 84, 75, 22, 159, 54, 85, 74, 126, 53, 8, 156, 102, 94, 109, 9, 210, 77, 70, 55, 32, 250, 28, 251, 200, 27, 209, 37, 243, 189, 199, 124, 117, 214, 244, 6, 239, 121, 194, 43, 61, 121, 157, 173, 103, 159, 245, 138, 128, 199, 211, 80, 188, 148, 35, 73, 156, 239, 102, 62, 230, 235, 99, 131, 137, 204, 238, 210, 154, 202, 51, 164, 19, 234, 71, 129, 178, 166, 95, 170, 72, 186, 222, 139, 135, 207, 129, 220, 147, 176, 163, 62, 153, 96, 227, 186, 162, 113, 217, 175, 174, 216, 131, 142, 248, 107, 24, 2, 93, 167, 160, 49, 9, 96, 58, 254, 192, 151, 165, 240, 106, 163, 37, 179, 59, 79, 129, 119, 223, 185, 175, 234, 110, 191, 17, 23, 217, 34, 177, 235, 225, 158, 17, 60, 94, 172, 205, 206, 188, 111, 28, 97, 243, 78, 45, 160, 186, 47, 219, 156, 191, 140, 142, 16, 85, 60, 47, 155, 159, 134, 12, 152, 203, 74, 162, 170, 190, 53, 135, 35, 6, 119, 162, 251, 56, 34, 194, 194, 173, 39, 40, 254, 39, 239, 48, 92, 150, 176, 206, 210, 206, 3, 243, 0, 8, 188, 130, 154, 202, 17, 69, 137, 151, 33, 243, 57, 16, 68, 50, 63, 115, 103, 37, 68, 196, 119, 251, 25, 103, 46, 16, 52, 172, 103, 212, 248, 123, 92, 159, 228, 81, 187, 240, 155, 107, 201, 213, 213, 27, 157, 141, 118, 205, 33, 176, 62, 68, 63, 248, 167, 65, 198, 125, 12, 108, 161, 82, 173, 239, 179, 12, 155, 90, 242, 166, 238, 89, 130, 133, 2, 112, 123, 117, 18, 14, 52, 111, 11, 187, 32, 91, 32, 188, 35, 210, 227, 173, 95, 151, 6, 171, 248, 79, 66, 142, 8, 243, 221, 2, 54, 212, 75, 151, 101, 201, 0, 184, 201, 66, 137, 250, 36, 245, 211, 20, 200, 39, 143, 172, 65, 146, 242, 92, 62, 116, 61, 243, 229, 28, 205, 42, 202, 207, 208, 54, 192, 169, 173, 199, 125, 128, 13, 182, 213, 40, 241, 87, 254, 56, 53, 209, 47, 14, 80, 159, 224, 79, 241, 16, 220, 91, 80, 85, 167, 218, 212, 87, 163, 7, 189, 3, 90, 62, 223, 231, 100, 206, 42, 103, 143, 250, 93, 245, 97, 141, 80]
2025-04-20 17:24:54,434 - INFO - ------------------------------------------------------------
2025-04-20 17:24:54,434 - INFO - 
[>] Sending command: [240, 7, 92, 139, 188, 141, 77, 171, 69, 211, 3, 75, 124, 106, 71, 108, 202, 176, 71, 248, 103, 108, 113, 67, 127, 47, 228, 255, 198, 83, 114, 77, 20, 107, 134, 60, 225, 21, 196, 17, 196, 148, 233, 61, 30, 190, 188, 171, 108, 127, 41, 212, 65, 113, 175, 240, 213, 25, 229, 153, 130, 212, 203, 187, 8, 238, 27, 183, 18, 213, 103, 186, 119, 248, 236, 161, 37, 87, 118, 88, 123, 61, 126, 238, 213, 219, 55, 159, 91, 16, 42, 60, 228, 217, 182, 143, 46, 240, 233, 42, 176, 162, 197, 95, 50, 235, 7, 114, 22, 117, 84, 144, 1, 230, 65, 179, 213, 88, 128, 24, 5, 95, 247, 70, 251, 134, 116, 223, 140, 238, 26, 88, 206, 93, 48, 208, 132, 170, 9, 118, 28, 171, 240, 106, 67, 101, 233, 221, 8, 110, 238, 5, 188, 135, 100, 136, 7, 254, 169, 202, 51, 243, 56, 70, 140, 205, 107, 248, 209, 106, 7, 90, 13, 72, 205, 165, 131, 108, 192, 113, 84, 183, 244, 3, 253, 22, 220, 219, 158, 195, 30, 106, 83, 20, 210, 131, 204, 141, 70, 146, 197, 178, 233, 73, 251, 222, 126, 181, 61, 31, 69, 160, 37, 117, 43, 109, 107, 24, 9, 83, 103, 191, 41, 174, 182, 237, 214, 195, 19, 93, 117, 167, 87, 61, 123, 239, 178, 136, 197, 109, 150, 219, 244, 46, 156, 211, 141, 28, 147, 56, 68, 52, 172, 44, 109, 184, 88, 98, 171, 67, 133, 168, 1, 196, 126, 64, 135, 66, 246, 192, 87, 151, 123, 98, 15, 251, 72, 62, 228, 235, 70, 85, 225, 28, 32, 142, 150, 37, 14, 196, 32, 211, 123, 179, 27, 110, 132, 20, 145, 3, 139, 183, 68, 36, 117, 54, 124, 10, 179, 242, 195, 252, 10, 197, 249, 221, 194, 144, 17, 131, 176, 182, 170, 191, 209, 142, 175, 111, 239, 128, 196, 195, 75, 62, 3, 37, 214, 102, 161, 84, 191, 54, 246, 188, 250, 43, 116, 114, 155, 152, 155, 198, 11, 178, 80, 77, 133, 226, 153, 213, 61, 120, 73, 97, 253, 108, 249, 151, 186, 230, 162, 102, 42, 98, 235, 139, 237, 234, 5, 253, 82, 34, 208, 35, 49, 34, 111, 159, 102, 139, 8, 152, 29, 47, 48, 101, 176, 196, 20, 216, 102, 219, 6, 184, 106, 9, 234, 136, 255, 161, 37, 162, 9, 188, 203, 130, 34, 146, 42, 138, 142, 71, 177, 150, 45, 155, 104, 226, 8, 209, 68, 203, 37, 6, 164, 164, 207, 129, 232, 103, 6, 0, 133, 57, 88, 207, 88, 20, 113, 41, 174, 150, 66, 8, 25, 186, 177, 20, 47, 154, 243, 189, 9, 156, 200, 75, 109, 65, 56, 179, 248, 240, 128, 63, 61, 194, 204, 141, 103, 113, 124, 219, 82, 127, 108, 120, 149, 28, 54, 82, 124, 64, 56, 113, 44, 11, 93, 206, 152, 68, 218, 126, 8, 207, 110, 51, 201, 91, 85, 27, 131, 8, 3, 115, 178, 247, 181, 131, 74, 237, 58, 29, 92, 183, 190, 184, 186, 27, 224, 52, 110, 244, 51, 49, 250, 121, 163, 86, 179, 189, 56, 80, 5, 181, 54, 55, 196, 132, 193, 219, 155, 206, 53, 72, 97, 149, 218, 242, 3, 40, 150, 16, 213, 191, 241, 134, 63, 110, 203, 93, 187, 188, 125, 60, 89, 199, 40, 236, 70, 39, 127, 23, 206, 0, 121, 19, 53, 19, 47, 56, 1, 119, 253, 87, 238, 209, 77, 246, 191, 181, 132, 45, 106, 223, 14, 84, 75, 22, 159, 54, 85, 74, 126, 53, 8, 156, 102, 94, 109, 9, 210, 77, 70, 55, 32, 250, 28, 251, 200, 27, 209, 37, 243, 189, 199, 124, 117, 214, 244, 6, 239, 121, 194, 43, 61, 121, 157, 173, 103, 159, 245, 138, 128, 199, 211, 80, 188, 148, 35, 73, 156, 239, 102, 62, 230, 235, 99, 131, 137, 204, 238, 210, 154, 202, 51, 164, 19, 234, 71, 129, 178, 166, 95, 170, 72, 186, 222, 139, 135, 207, 129, 220, 147, 176, 163, 62, 153, 96, 227, 186, 162, 113, 217, 175, 174, 216, 131, 142, 248, 107, 24, 2, 93, 167, 160, 49, 9, 96, 58, 254, 192, 151, 165, 240, 106, 163, 37, 179, 59, 79, 129, 119, 223, 185, 175, 234, 110, 191, 17, 23, 217, 34, 177, 235, 225, 158, 17, 60, 94, 172, 205, 206, 188, 111, 28, 97, 243, 78, 45, 160, 186, 47, 219, 156, 191, 140, 142, 16, 85, 60, 47, 155, 159, 134, 12, 152, 203, 74, 162, 170, 190, 53, 135, 35, 6, 119, 162, 251, 56, 34, 194, 194, 173, 39, 40, 254, 39, 239, 48, 92, 150, 176, 206, 210, 206, 3, 243, 0, 8, 188, 130, 154, 202, 17, 69, 137, 151, 33, 243, 57, 16, 68, 50, 63, 115, 103, 37, 68, 196, 119, 251, 25, 103, 46, 16, 52, 172, 103, 212, 248, 123, 92, 159, 228, 81, 187, 240, 155, 107, 201, 213, 213, 27, 157, 141, 118, 205, 33, 176, 62, 68, 63, 248, 167, 65, 198, 125, 12, 108, 161, 82, 173, 239, 179, 12, 155, 90, 242, 166, 238, 89, 130, 133, 2, 112, 123, 117, 18, 14, 52, 111, 11, 187, 32, 91, 32, 188, 35, 210, 227, 173, 95, 151, 6, 171, 248, 79, 66, 142, 8, 243, 221, 2, 54, 212, 75, 151, 101, 201, 0, 184, 201, 66, 137, 250, 36, 245, 211, 20, 200, 39, 143, 172, 65, 146, 242, 92, 62, 116, 61, 243, 229, 28, 205, 42, 202, 207, 208, 54, 192, 169, 173, 199, 125, 128, 13, 182, 213, 40, 241, 87, 254, 56, 53, 209, 47, 14, 80, 159, 224, 79, 241, 16, 220, 91, 80, 85, 167, 218, 212, 87, 163, 7, 189, 3, 90, 62, 223, 231, 100, 206, 42, 103, 143, 250, 93, 245, 97, 141, 80]
2025-04-20 17:24:54,438 - INFO - [STATE-EXPLORATION] Strategy: empty_payload | Sequence: []
2025-04-20 17:24:54,438 - INFO - [MUTATION] Mutation strategy for next input: explore_state_jump | Original: [2] | Mutated: []
2025-04-20 17:24:54,438 - INFO - ------------------------------------------------------------
2025-04-20 17:24:54,438 - INFO - 
[>] Sending command: []
2025-04-20 17:24:54,550 - INFO - ['[Error] Code: 0x010203']
2025-04-20 17:24:54,551 - INFO - [1] Connecting to "Smart Lock [Group 10]"...
2025-04-20 17:24:56,765 - INFO - [2] Authenticating...
2025-04-20 17:24:58,788 - INFO - Sent AUTH+PASSCODE: [0, 1, 2, 3, 4, 5, 6]
2025-04-20 17:24:58,788 - INFO - Received response: [0]
2025-04-20 17:24:58,788 - INFO - [!] Authenticated!!!
2025-04-20 17:25:02,810 - INFO - 
[Paths] 1 discovered. (Path=()) s=0, f=1.
2025-04-20 17:25:02,811 - INFO - [STATE-EXPLORATION] Strategy: open_without_auth | Sequence: [1]
2025-04-20 17:25:02,811 - INFO - [MUTATION] Mutation strategy for next input: explore_state_jump | Original: [1] | Mutated: [1]
2025-04-20 17:25:02,811 - INFO - ------------------------------------------------------------
2025-04-20 17:25:02,811 - INFO - 
[>] Sending command: [1]
2025-04-20 17:25:02,996 - INFO - [<] Received response: [0]
2025-04-20 17:25:05,001 - INFO - [State] Device state: Authenticated
2025-04-20 17:25:05,002 - INFO - [State] Closing the lock mechanism
2025-04-20 17:25:05,002 - INFO - [State] Lock mechanism closed
2025-04-20 17:25:05,002 - INFO - [State] Device state: Authenticated
2025-04-20 17:25:05,002 - INFO - [State] Opening the lock mechanism
2025-04-20 17:25:05,002 - INFO - [State] Lock mechanism open
2025-04-20 17:25:05,002 - INFO - [State] Closing the lock mechanism
2025-04-20 17:25:05,002 - INFO - [State] Lock mechanism closed
2025-04-20 17:25:05,002 - INFO - [State] Device state: Authenticated
2025-04-20 17:25:05,002 - INFO - [State] Opening the lock mechanism
2025-04-20 17:25:05,003 - INFO - [State] Lock mechanism open
2025-04-20 17:25:05,003 - INFO - [State] Closing the lock mechanism
2025-04-20 17:25:05,003 - INFO - [State] Lock mechanism closed
2025-04-20 17:25:05,003 - INFO - [State] Device state: Authenticated
2025-04-20 17:25:05,003 - INFO - [State] Opening the lock mechanism
2025-04-20 17:25:05,003 - INFO - [State] Lock mechanism open
2025-04-20 17:25:05,003 - INFO - [State] Closing the lock mechanism
2025-04-20 17:25:05,003 - INFO - [State] Lock mechanism closed
2025-04-20 17:25:05,003 - INFO - [State] Device state: Authenticated
2025-04-20 17:25:05,003 - INFO - [State] Opening the lock mechanism
2025-04-20 17:25:05,003 - INFO - [State] Lock mechanism open
2025-04-20 17:25:05,003 - INFO - [State] Closing the lock mechanism
2025-04-20 17:25:05,003 - INFO - [State] Lock mechanism closed
2025-04-20 17:25:05,003 - INFO - [State] Device state: Authenticated
2025-04-20 17:25:05,003 - INFO - [State] Opening the lock mechanism
2025-04-20 17:25:05,003 - INFO - [State] Lock mechanism open
2025-04-20 17:25:05,003 - INFO - [State] Closing the lock mechanism
2025-04-20 17:25:05,004 - INFO - [State] Lock mechanism closed
2025-04-20 17:25:05,004 - INFO - [State] Device state: Authenticated
2025-04-20 17:25:05,004 - INFO - [{'from': 0, 'command': 'Authenticate', 'to': 2}, {'from': 2, 'command': 'Authenticate', 'to': 2}, {'from': 2, 'command': 'Authenticate', 'to': 2}, {'from': 2, 'command': 'Authenticate', 'to': 2}, {'from': 2, 'command': 'Authenticate', 'to': 2}, {'from': 2, 'command': 'Authenticate', 'to': 2}, {'from': 2, 'command': 'Authenticate', 'to': 2}]
2025-04-20 17:25:05,005 - INFO - [INTERESTING] New path discovered: ('[State] Device state: Authenticated', '[State] Closing the lock mechanism', '[State] Lock mechanism closed', '[State] Device state: Authenticated', '[State] Opening the lock mechanism', '[State] Lock mechanism open', '[State] Closing the lock mechanism', '[State] Lock mechanism closed', '[State] Device state: Authenticated', '[State] Opening the lock mechanism', '[State] Lock mechanism open', '[State] Closing the lock mechanism', '[State] Lock mechanism closed', '[State] Device state: Authenticated', '[State] Opening the lock mechanism', '[State] Lock mechanism open', '[State] Closing the lock mechanism', '[State] Lock mechanism closed', '[State] Device state: Authenticated', '[State] Opening the lock mechanism', '[State] Lock mechanism open', '[State] Closing the lock mechanism', '[State] Lock mechanism closed', '[State] Device state: Authenticated', '[State] Opening the lock mechanism', '[State] Lock mechanism open', '[State] Closing the lock mechanism', '[State] Lock mechanism closed', '[State] Device state: Authenticated')
2025-04-20 17:25:05,005 - INFO - [STATE-EXPLORATION] Strategy: close_without_auth | Sequence: [2]
2025-04-20 17:25:05,005 - INFO - [MUTATION] Mutation strategy for next input: explore_state_jump | Original: [1] | Mutated: [2]
2025-04-20 17:25:05,005 - INFO - ------------------------------------------------------------
2025-04-20 17:25:05,005 - INFO - 
[>] Sending command: [2]
2025-04-20 17:25:05,179 - INFO - [<] Received response: [0]
2025-04-20 17:25:07,171 - INFO - [State] Device state: Authenticated
2025-04-20 17:25:07,171 - INFO - [State] Closing the lock mechanism
2025-04-20 17:25:07,171 - INFO - [State] Lock mechanism closed
2025-04-20 17:25:07,171 - INFO - [State] Device state: Authenticated
2025-04-20 17:25:07,171 - INFO - [State] Opening the lock mechanism
2025-04-20 17:25:07,171 - INFO - [State] Lock mechanism open
2025-04-20 17:25:07,171 - INFO - [State] Closing the lock mechanism
2025-04-20 17:25:07,172 - INFO - [State] Lock mechanism closed
2025-04-20 17:25:07,172 - INFO - [State] Device state: Authenticated
2025-04-20 17:25:07,172 - INFO - [State] Opening the lock mechanism
2025-04-20 17:25:07,172 - INFO - [State] Lock mechanism open
2025-04-20 17:25:07,172 - INFO - [State] Closing the lock mechanism
2025-04-20 17:25:07,172 - INFO - [State] Lock mechanism closed
2025-04-20 17:25:07,172 - INFO - [State] Device state: Authenticated
2025-04-20 17:25:07,173 - INFO - [State] Opening the lock mechanism
2025-04-20 17:25:07,173 - INFO - [State] Lock mechanism open
2025-04-20 17:25:07,173 - INFO - [State] Closing the lock mechanism
2025-04-20 17:25:07,173 - INFO - [State] Lock mechanism closed
2025-04-20 17:25:07,173 - INFO - [State] Device state: Authenticated
2025-04-20 17:25:07,173 - INFO - [State] Opening the lock mechanism
2025-04-20 17:25:07,173 - INFO - [State] Lock mechanism open
2025-04-20 17:25:07,173 - INFO - [State] Closing the lock mechanism
2025-04-20 17:25:07,173 - INFO - [State] Lock mechanism closed
2025-04-20 17:25:07,173 - INFO - [State] Device state: Authenticated
2025-04-20 17:25:07,173 - INFO - [State] Opening the lock mechanism
2025-04-20 17:25:07,173 - INFO - [State] Lock mechanism open
2025-04-20 17:25:07,173 - INFO - [State] Closing the lock mechanism
2025-04-20 17:25:07,173 - INFO - [State] Lock mechanism closed
2025-04-20 17:25:07,173 - INFO - [State] Device state: Authenticated
2025-04-20 17:25:07,173 - INFO - [State] Opening the lock mechanism
2025-04-20 17:25:07,173 - INFO - [State] Lock mechanism open
2025-04-20 17:25:07,173 - INFO - [State] Closing the lock mechanism
2025-04-20 17:25:07,173 - INFO - [State] Lock mechanism closed
2025-04-20 17:25:07,173 - INFO - [{'from': 0, 'command': 'Authenticate', 'to': 2}, {'from': 2, 'command': 'Authenticate', 'to': 2}, {'from': 2, 'command': 'Authenticate', 'to': 2}, {'from': 2, 'command': 'Authenticate', 'to': 2}, {'from': 2, 'command': 'Authenticate', 'to': 2}, {'from': 2, 'command': 'Authenticate', 'to': 2}, {'from': 2, 'command': 'Authenticate', 'to': 2}]
2025-04-20 17:25:07,174 - INFO - [INTERESTING] New path discovered: ('[State] Device state: Authenticated', '[State] Closing the lock mechanism', '[State] Lock mechanism closed', '[State] Device state: Authenticated', '[State] Opening the lock mechanism', '[State] Lock mechanism open', '[State] Closing the lock mechanism', '[State] Lock mechanism closed', '[State] Device state: Authenticated', '[State] Opening the lock mechanism', '[State] Lock mechanism open', '[State] Closing the lock mechanism', '[State] Lock mechanism closed', '[State] Device state: Authenticated', '[State] Opening the lock mechanism', '[State] Lock mechanism open', '[State] Closing the lock mechanism', '[State] Lock mechanism closed', '[State] Device state: Authenticated', '[State] Opening the lock mechanism', '[State] Lock mechanism open', '[State] Closing the lock mechanism', '[State] Lock mechanism closed', '[State] Device state: Authenticated', '[State] Opening the lock mechanism', '[State] Lock mechanism open', '[State] Closing the lock mechanism', '[State] Lock mechanism closed', '[State] Device state: Authenticated', '[State] Opening the lock mechanism', '[State] Lock mechanism open', '[State] Closing the lock mechanism', '[State] Lock mechanism closed')
2025-04-20 17:25:07,174 - INFO - 
[Paths] 1 discovered. (Path=()) s=1, f=2.
2025-04-20 17:25:07,174 - INFO - [STATE-EXPLORATION] Strategy: partial_auth | Sequence: [0, 12, 206]
2025-04-20 17:25:07,174 - INFO - [MUTATION] Mutation strategy for next input: explore_state_jump | Original: [2] | Mutated: [0, 12, 206]
2025-04-20 17:25:07,174 - INFO - ------------------------------------------------------------
2025-04-20 17:25:07,174 - INFO - 
[>] Sending command: [0, 12, 206]
2025-04-20 17:25:08,403 - INFO - [STATE-EXPLORATION] Strategy: spam_auth | Sequence: [0, 1, 2, 3, 4, 5, 6, 0, 1, 2, 3, 4, 5, 6, 0, 1, 2, 3, 4, 5, 6, 0, 1, 2, 3, 4, 5, 6, 0, 1, 2, 3, 4, 5, 6, 0, 1, 2, 3, 4, 5, 6]
2025-04-20 17:25:08,403 - INFO - [MUTATION] Mutation strategy for next input: explore_state_jump | Original: [2] | Mutated: [0, 1, 2, 3, 4, 5, 6, 0, 1, 2, 3, 4, 5, 6, 0, 1, 2, 3, 4, 5, 6, 0, 1, 2, 3, 4, 5, 6, 0, 1, 2, 3, 4, 5, 6, 0, 1, 2, 3, 4, 5, 6]
2025-04-20 17:25:08,403 - INFO - ------------------------------------------------------------
2025-04-20 17:25:08,403 - INFO - 
[>] Sending command: [0, 1, 2, 3, 4, 5, 6, 0, 1, 2, 3, 4, 5, 6, 0, 1, 2, 3, 4, 5, 6, 0, 1, 2, 3, 4, 5, 6, 0, 1, 2, 3, 4, 5, 6, 0, 1, 2, 3, 4, 5, 6]
2025-04-20 17:25:08,404 - INFO - [STATE-EXPLORATION] Strategy: spam_open_without_close | Sequence: [0, 1, 2, 3, 4, 5, 6, 1, 1, 1, 1]
2025-04-20 17:25:08,404 - INFO - [MUTATION] Mutation strategy for next input: explore_state_jump | Original: [2] | Mutated: [0, 1, 2, 3, 4, 5, 6, 1, 1, 1, 1]
2025-04-20 17:25:08,404 - INFO - ------------------------------------------------------------
2025-04-20 17:25:08,404 - INFO - 
[>] Sending command: [0, 1, 2, 3, 4, 5, 6, 1, 1, 1, 1]
2025-04-20 17:25:08,405 - INFO - [STATE-EXPLORATION] Strategy: auth_open_unknown_close | Sequence: [0, 1, 2, 3, 4, 5, 6, 1, 153, 2]
2025-04-20 17:25:08,405 - INFO - [MUTATION] Mutation strategy for next input: explore_state_jump | Original: [2] | Mutated: [0, 1, 2, 3, 4, 5, 6, 1, 153, 2]
2025-04-20 17:25:08,405 - INFO - ------------------------------------------------------------
2025-04-20 17:25:08,405 - INFO - 
[>] Sending command: [0, 1, 2, 3, 4, 5, 6, 1, 153, 2]
2025-04-20 17:25:08,406 - INFO - 
[Paths] 2 discovered. (Path=()) s=2, f=4. (Path=('[State] Device state: Authenticated', '[State] Closing the lock mechanism', '[State] Lock mechanism closed', '[State] Device state: Authenticated', '[State] Opening the lock mechanism', '[State] Lock mechanism open', '[State] Closing the lock mechanism', '[State] Lock mechanism closed', '[State] Device state: Authenticated', '[State] Opening the lock mechanism', '[State] Lock mechanism open', '[State] Closing the lock mechanism', '[State] Lock mechanism closed', '[State] Device state: Authenticated', '[State] Opening the lock mechanism', '[State] Lock mechanism open', '[State] Closing the lock mechanism', '[State] Lock mechanism closed', '[State] Device state: Authenticated', '[State] Opening the lock mechanism', '[State] Lock mechanism open', '[State] Closing the lock mechanism', '[State] Lock mechanism closed', '[State] Device state: Authenticated', '[State] Opening the lock mechanism', '[State] Lock mechanism open', '[State] Closing the lock mechanism', '[State] Lock mechanism closed', '[State] Device state: Authenticated')) s=0, f=1.
2025-04-20 17:25:08,406 - INFO - [STATE-EXPLORATION] Strategy: repeated_toggle | Sequence: [0, 1, 2, 3, 4, 5, 6, 1, 1, 1, 2, 2]
2025-04-20 17:25:08,406 - INFO - [MUTATION] Mutation strategy for next input: explore_state_jump | Original: [1] | Mutated: [0, 1, 2, 3, 4, 5, 6, 1, 1, 1, 2, 2]
2025-04-20 17:25:08,406 - INFO - ------------------------------------------------------------
2025-04-20 17:25:08,406 - INFO - 
[>] Sending command: [0, 1, 2, 3, 4, 5, 6, 1, 1, 1, 2, 2]
2025-04-20 17:25:08,407 - INFO - [STATE-EXPLORATION] Strategy: unknown_before_auth | Sequence: [153, 0, 1, 2, 3, 4, 5, 6]
2025-04-20 17:25:08,408 - INFO - [MUTATION] Mutation strategy for next input: explore_state_jump | Original: [1] | Mutated: [153, 0, 1, 2, 3, 4, 5, 6]
2025-04-20 17:25:08,408 - INFO - ------------------------------------------------------------
2025-04-20 17:25:08,408 - INFO - 
[>] Sending command: [153, 0, 1, 2, 3, 4, 5, 6]
2025-04-20 17:25:08,410 - INFO - 
[Paths] 3 discovered. (Path=()) s=2, f=4. (Path=('[State] Device state: Authenticated', '[State] Closing the lock mechanism', '[State] Lock mechanism closed', '[State] Device state: Authenticated', '[State] Opening the lock mechanism', '[State] Lock mechanism open', '[State] Closing the lock mechanism', '[State] Lock mechanism closed', '[State] Device state: Authenticated', '[State] Opening the lock mechanism', '[State] Lock mechanism open', '[State] Closing the lock mechanism', '[State] Lock mechanism closed', '[State] Device state: Authenticated', '[State] Opening the lock mechanism', '[State] Lock mechanism open', '[State] Closing the lock mechanism', '[State] Lock mechanism closed', '[State] Device state: Authenticated', '[State] Opening the lock mechanism', '[State] Lock mechanism open', '[State] Closing the lock mechanism', '[State] Lock mechanism closed', '[State] Device state: Authenticated', '[State] Opening the lock mechanism', '[State] Lock mechanism open', '[State] Closing the lock mechanism', '[State] Lock mechanism closed', '[State] Device state: Authenticated')) s=1, f=2. (Path=('[State] Device state: Authenticated', '[State] Closing the lock mechanism', '[State] Lock mechanism closed', '[State] Device state: Authenticated', '[State] Opening the lock mechanism', '[State] Lock mechanism open', '[State] Closing the lock mechanism', '[State] Lock mechanism closed', '[State] Device state: Authenticated', '[State] Opening the lock mechanism', '[State] Lock mechanism open', '[State] Closing the lock mechanism', '[State] Lock mechanism closed', '[State] Device state: Authenticated', '[State] Opening the lock mechanism', '[State] Lock mechanism open', '[State] Closing the lock mechanism', '[State] Lock mechanism closed', '[State] Device state: Authenticated', '[State] Opening the lock mechanism', '[State] Lock mechanism open', '[State] Closing the lock mechanism', '[State] Lock mechanism closed', '[State] Device state: Authenticated', '[State] Opening the lock mechanism', '[State] Lock mechanism open', '[State] Closing the lock mechanism', '[State] Lock mechanism closed', '[State] Device state: Authenticated', '[State] Opening the lock mechanism', '[State] Lock mechanism open', '[State] Closing the lock mechanism', '[State] Lock mechanism closed')) s=0, f=1.
2025-04-20 17:25:08,411 - INFO - [STATE-EXPLORATION] Strategy: garbage_payload | Sequence: [100, 164, 74, 42, 62, 175, 220, 80, 13, 171, 122, 20, 237, 238, 109, 166, 241, 16, 179, 57, 229, 69, 27, 204, 79, 14, 234, 207, 2, 193, 132, 29, 98, 161, 99, 116, 218, 53, 163, 78, 200, 76, 54, 75, 208, 58, 32, 237, 34, 46, 195, 140, 84, 64, 34, 146, 135, 156, 181, 144, 212, 15, 200, 123, 4, 100, 2, 138, 35, 79, 251, 123, 103, 160, 36, 72, 27, 125, 170, 243, 210, 175, 104, 72, 109, 254, 254, 197, 172, 213, 145, 83, 118, 249, 48, 170, 185, 141, 63, 234, 85, 110, 189, 50, 244, 213, 100, 122, 201, 104, 3, 93, 182, 86, 208, 5, 220, 86, 196, 100, 77, 165, 6, 113, 14, 114, 9, 20, 254, 23, 31, 110, 168, 182, 167, 119, 94, 92, 182, 229, 187, 247, 207, 196, 225, 28, 127, 216, 146, 206, 245, 187, 94, 101, 136, 64, 119, 238, 42, 140, 48, 80, 133, 26, 11, 77, 247, 126, 24, 171, 97, 197, 116, 7, 2, 201, 70, 252, 26, 130, 12, 0, 115, 34, 170, 90, 146, 47, 101, 207, 162, 137, 94, 82, 159, 195, 217, 94, 166, 221, 201, 23, 233, 252, 29, 165, 58, 173, 158, 39, 247, 233, 231, 222, 191, 108, 206, 226, 204, 99, 149, 34, 143, 100, 30, 23, 115, 212, 208, 241, 0, 142, 110, 113, 112, 14, 181, 6, 161, 71, 59, 204, 40, 245, 21, 112, 212, 201, 32, 56, 185, 151, 219, 213, 14, 126, 204, 53, 217, 254, 236, 185, 147, 237, 78, 242, 70, 70, 160, 202, 97, 161, 102, 39, 178, 153, 175, 74, 253, 70, 254, 55, 15, 194, 132, 176, 144, 16, 248, 121, 55, 11, 213, 66, 195, 137, 47, 190, 242, 177, 151, 19, 173, 139, 245, 155, 146, 207, 59, 165, 39, 184, 249, 79, 31, 211, 96, 245, 178, 207, 46, 204, 135, 163, 79, 163, 31, 206, 140, 100, 19, 121, 164, 122, 66, 23, 174, 103, 47, 138, 166, 97, 26, 224, 140, 253, 184, 132, 25, 141, 122, 201, 111, 16, 145, 81, 97, 223, 178, 69, 76, 56, 95, 159, 216, 27, 120, 78, 253, 235, 213, 36, 212, 94, 130, 231, 97, 137, 117, 35, 241, 16, 191, 111, 198, 134, 175, 185, 54, 119, 180, 156, 90, 180, 170, 47, 118, 39, 119, 0, 178, 117, 0, 77, 31, 170, 146, 167, 2, 235, 99, 57, 199, 112, 156, 126, 169, 157, 208, 246, 45, 203, 6, 233, 242, 207, 39, 188, 240, 199, 33, 28, 57, 13, 35, 202, 151, 91, 1, 159, 216, 143, 38, 115, 32, 4, 173, 19, 109, 37, 205, 192, 53, 234, 121, 34, 196, 167, 124, 217, 20, 248, 73, 208, 189, 204, 105, 210, 220, 228, 214, 247, 29, 194, 255, 157, 145, 221, 45, 120, 90, 64, 244, 12, 97, 111, 84, 195, 42, 100, 218, 11, 212, 73, 175, 157, 207, 12, 140, 227, 15, 19, 78, 237, 180, 168, 76, 54, 70, 162, 203, 7, 149, 57, 48, 210, 207, 232, 149, 127, 219, 232, 124, 128, 59, 179, 1, 88, 220, 216, 89, 182, 26, 34, 55, 26, 112, 243, 101, 67, 225, 175, 73, 52, 51, 94, 253, 51, 109, 41, 36, 202, 4, 238, 93, 94, 206, 91, 168, 169, 184, 6, 71, 38, 26, 172, 0, 231, 246, 137, 38, 135, 170, 2, 199, 236, 29, 119, 176, 205, 130, 113, 215, 154, 233, 240, 96, 136, 208, 82, 126, 108, 92, 192, 84, 15, 180, 152, 110, 28, 43, 14, 249, 29, 213, 41, 203, 84, 181, 82, 149, 134, 224, 25, 172, 255, 217, 5, 82, 61, 73, 173, 151, 104, 196, 210, 12, 40, 86, 246, 32, 4, 48, 158, 152, 14, 146, 171, 196, 171, 65, 183, 85, 92, 147, 210, 158, 55, 182, 182, 6, 105, 8, 53, 11, 65, 207, 86, 63, 202, 113, 32, 47, 23, 26, 125, 156, 93, 231, 36, 179, 238, 129, 58, 171, 126, 193, 125, 61, 249, 168, 23, 50, 52, 91, 187, 244, 73, 69, 132, 223, 187, 139, 187, 123, 66, 218, 72, 100, 48, 112, 248, 96, 5, 14, 174, 60, 86, 129, 246, 53, 133, 208, 212, 205, 218, 76, 141, 220, 189, 123, 157, 112, 115, 57, 193, 81, 67, 105, 193, 38, 192, 127, 9, 213, 81, 236, 3, 150, 85, 233, 244, 26, 87, 163, 46, 139, 131, 200, 188, 66, 108, 25, 112, 135, 232, 254, 69, 254, 171, 106, 168, 45, 98, 218, 87, 59, 73, 174, 132, 187, 171, 134, 43, 159, 201, 143, 81, 136, 130, 75, 89, 207, 240, 230, 226, 176, 174, 247, 145, 29, 119, 222, 209, 25, 166, 158, 246, 28, 25, 151, 153, 164, 57, 80, 251, 37, 223, 113, 243, 48, 226, 142, 13, 204, 12, 66, 81, 234, 133, 29, 140, 12, 158, 178, 106, 242, 61, 119, 2, 230, 229, 146, 188, 239, 184, 176, 72, 90, 52, 144, 43, 38, 235, 212, 69, 219, 155, 59, 219, 211, 6, 35, 246, 222, 189, 180, 234, 142, 229, 130, 106, 207, 118, 248, 142, 234, 122, 180, 216, 139, 56, 183, 205, 145, 204, 188, 242, 219, 98, 20, 38, 138, 42, 56, 176, 0, 83, 28, 224, 189, 138, 212, 87, 121, 211, 154, 237, 198, 165, 227, 145, 169, 102, 226, 189, 245, 187, 78, 19, 64, 242, 63, 13, 88, 162, 73, 45, 205, 158, 61, 201, 223, 106, 85, 10, 185, 170, 29, 114, 83, 254, 223, 143, 175, 154, 46, 216, 217, 68, 21, 225, 132, 118, 17, 252, 7, 161, 81, 75, 140, 135, 114, 123, 212, 217, 230, 239, 40, 241, 224, 41, 177, 180, 162, 42, 68, 120, 72, 8, 38, 197, 109, 237, 25, 15, 228, 59, 246, 155, 218, 81, 232, 192, 189, 194, 175, 153, 193, 18, 188, 16, 253, 62, 88, 212, 170, 13, 14, 243]
2025-04-20 17:25:08,411 - INFO - [MUTATION] Mutation strategy for next input: explore_state_jump | Original: [2] | Mutated: [100, 164, 74, 42, 62, 175, 220, 80, 13, 171, 122, 20, 237, 238, 109, 166, 241, 16, 179, 57, 229, 69, 27, 204, 79, 14, 234, 207, 2, 193, 132, 29, 98, 161, 99, 116, 218, 53, 163, 78, 200, 76, 54, 75, 208, 58, 32, 237, 34, 46, 195, 140, 84, 64, 34, 146, 135, 156, 181, 144, 212, 15, 200, 123, 4, 100, 2, 138, 35, 79, 251, 123, 103, 160, 36, 72, 27, 125, 170, 243, 210, 175, 104, 72, 109, 254, 254, 197, 172, 213, 145, 83, 118, 249, 48, 170, 185, 141, 63, 234, 85, 110, 189, 50, 244, 213, 100, 122, 201, 104, 3, 93, 182, 86, 208, 5, 220, 86, 196, 100, 77, 165, 6, 113, 14, 114, 9, 20, 254, 23, 31, 110, 168, 182, 167, 119, 94, 92, 182, 229, 187, 247, 207, 196, 225, 28, 127, 216, 146, 206, 245, 187, 94, 101, 136, 64, 119, 238, 42, 140, 48, 80, 133, 26, 11, 77, 247, 126, 24, 171, 97, 197, 116, 7, 2, 201, 70, 252, 26, 130, 12, 0, 115, 34, 170, 90, 146, 47, 101, 207, 162, 137, 94, 82, 159, 195, 217, 94, 166, 221, 201, 23, 233, 252, 29, 165, 58, 173, 158, 39, 247, 233, 231, 222, 191, 108, 206, 226, 204, 99, 149, 34, 143, 100, 30, 23, 115, 212, 208, 241, 0, 142, 110, 113, 112, 14, 181, 6, 161, 71, 59, 204, 40, 245, 21, 112, 212, 201, 32, 56, 185, 151, 219, 213, 14, 126, 204, 53, 217, 254, 236, 185, 147, 237, 78, 242, 70, 70, 160, 202, 97, 161, 102, 39, 178, 153, 175, 74, 253, 70, 254, 55, 15, 194, 132, 176, 144, 16, 248, 121, 55, 11, 213, 66, 195, 137, 47, 190, 242, 177, 151, 19, 173, 139, 245, 155, 146, 207, 59, 165, 39, 184, 249, 79, 31, 211, 96, 245, 178, 207, 46, 204, 135, 163, 79, 163, 31, 206, 140, 100, 19, 121, 164, 122, 66, 23, 174, 103, 47, 138, 166, 97, 26, 224, 140, 253, 184, 132, 25, 141, 122, 201, 111, 16, 145, 81, 97, 223, 178, 69, 76, 56, 95, 159, 216, 27, 120, 78, 253, 235, 213, 36, 212, 94, 130, 231, 97, 137, 117, 35, 241, 16, 191, 111, 198, 134, 175, 185, 54, 119, 180, 156, 90, 180, 170, 47, 118, 39, 119, 0, 178, 117, 0, 77, 31, 170, 146, 167, 2, 235, 99, 57, 199, 112, 156, 126, 169, 157, 208, 246, 45, 203, 6, 233, 242, 207, 39, 188, 240, 199, 33, 28, 57, 13, 35, 202, 151, 91, 1, 159, 216, 143, 38, 115, 32, 4, 173, 19, 109, 37, 205, 192, 53, 234, 121, 34, 196, 167, 124, 217, 20, 248, 73, 208, 189, 204, 105, 210, 220, 228, 214, 247, 29, 194, 255, 157, 145, 221, 45, 120, 90, 64, 244, 12, 97, 111, 84, 195, 42, 100, 218, 11, 212, 73, 175, 157, 207, 12, 140, 227, 15, 19, 78, 237, 180, 168, 76, 54, 70, 162, 203, 7, 149, 57, 48, 210, 207, 232, 149, 127, 219, 232, 124, 128, 59, 179, 1, 88, 220, 216, 89, 182, 26, 34, 55, 26, 112, 243, 101, 67, 225, 175, 73, 52, 51, 94, 253, 51, 109, 41, 36, 202, 4, 238, 93, 94, 206, 91, 168, 169, 184, 6, 71, 38, 26, 172, 0, 231, 246, 137, 38, 135, 170, 2, 199, 236, 29, 119, 176, 205, 130, 113, 215, 154, 233, 240, 96, 136, 208, 82, 126, 108, 92, 192, 84, 15, 180, 152, 110, 28, 43, 14, 249, 29, 213, 41, 203, 84, 181, 82, 149, 134, 224, 25, 172, 255, 217, 5, 82, 61, 73, 173, 151, 104, 196, 210, 12, 40, 86, 246, 32, 4, 48, 158, 152, 14, 146, 171, 196, 171, 65, 183, 85, 92, 147, 210, 158, 55, 182, 182, 6, 105, 8, 53, 11, 65, 207, 86, 63, 202, 113, 32, 47, 23, 26, 125, 156, 93, 231, 36, 179, 238, 129, 58, 171, 126, 193, 125, 61, 249, 168, 23, 50, 52, 91, 187, 244, 73, 69, 132, 223, 187, 139, 187, 123, 66, 218, 72, 100, 48, 112, 248, 96, 5, 14, 174, 60, 86, 129, 246, 53, 133, 208, 212, 205, 218, 76, 141, 220, 189, 123, 157, 112, 115, 57, 193, 81, 67, 105, 193, 38, 192, 127, 9, 213, 81, 236, 3, 150, 85, 233, 244, 26, 87, 163, 46, 139, 131, 200, 188, 66, 108, 25, 112, 135, 232, 254, 69, 254, 171, 106, 168, 45, 98, 218, 87, 59, 73, 174, 132, 187, 171, 134, 43, 159, 201, 143, 81, 136, 130, 75, 89, 207, 240, 230, 226, 176, 174, 247, 145, 29, 119, 222, 209, 25, 166, 158, 246, 28, 25, 151, 153, 164, 57, 80, 251, 37, 223, 113, 243, 48, 226, 142, 13, 204, 12, 66, 81, 234, 133, 29, 140, 12, 158, 178, 106, 242, 61, 119, 2, 230, 229, 146, 188, 239, 184, 176, 72, 90, 52, 144, 43, 38, 235, 212, 69, 219, 155, 59, 219, 211, 6, 35, 246, 222, 189, 180, 234, 142, 229, 130, 106, 207, 118, 248, 142, 234, 122, 180, 216, 139, 56, 183, 205, 145, 204, 188, 242, 219, 98, 20, 38, 138, 42, 56, 176, 0, 83, 28, 224, 189, 138, 212, 87, 121, 211, 154, 237, 198, 165, 227, 145, 169, 102, 226, 189, 245, 187, 78, 19, 64, 242, 63, 13, 88, 162, 73, 45, 205, 158, 61, 201, 223, 106, 85, 10, 185, 170, 29, 114, 83, 254, 223, 143, 175, 154, 46, 216, 217, 68, 21, 225, 132, 118, 17, 252, 7, 161, 81, 75, 140, 135, 114, 123, 212, 217, 230, 239, 40, 241, 224, 41, 177, 180, 162, 42, 68, 120, 72, 8, 38, 197, 109, 237, 25, 15, 228, 59, 246, 155, 218, 81, 232, 192, 189, 194, 175, 153, 193, 18, 188, 16, 253, 62, 88, 212, 170, 13, 14, 243]
2025-04-20 17:25:08,411 - INFO - ------------------------------------------------------------
2025-04-20 17:25:08,411 - INFO - 
[>] Sending command: [100, 164, 74, 42, 62, 175, 220, 80, 13, 171, 122, 20, 237, 238, 109, 166, 241, 16, 179, 57, 229, 69, 27, 204, 79, 14, 234, 207, 2, 193, 132, 29, 98, 161, 99, 116, 218, 53, 163, 78, 200, 76, 54, 75, 208, 58, 32, 237, 34, 46, 195, 140, 84, 64, 34, 146, 135, 156, 181, 144, 212, 15, 200, 123, 4, 100, 2, 138, 35, 79, 251, 123, 103, 160, 36, 72, 27, 125, 170, 243, 210, 175, 104, 72, 109, 254, 254, 197, 172, 213, 145, 83, 118, 249, 48, 170, 185, 141, 63, 234, 85, 110, 189, 50, 244, 213, 100, 122, 201, 104, 3, 93, 182, 86, 208, 5, 220, 86, 196, 100, 77, 165, 6, 113, 14, 114, 9, 20, 254, 23, 31, 110, 168, 182, 167, 119, 94, 92, 182, 229, 187, 247, 207, 196, 225, 28, 127, 216, 146, 206, 245, 187, 94, 101, 136, 64, 119, 238, 42, 140, 48, 80, 133, 26, 11, 77, 247, 126, 24, 171, 97, 197, 116, 7, 2, 201, 70, 252, 26, 130, 12, 0, 115, 34, 170, 90, 146, 47, 101, 207, 162, 137, 94, 82, 159, 195, 217, 94, 166, 221, 201, 23, 233, 252, 29, 165, 58, 173, 158, 39, 247, 233, 231, 222, 191, 108, 206, 226, 204, 99, 149, 34, 143, 100, 30, 23, 115, 212, 208, 241, 0, 142, 110, 113, 112, 14, 181, 6, 161, 71, 59, 204, 40, 245, 21, 112, 212, 201, 32, 56, 185, 151, 219, 213, 14, 126, 204, 53, 217, 254, 236, 185, 147, 237, 78, 242, 70, 70, 160, 202, 97, 161, 102, 39, 178, 153, 175, 74, 253, 70, 254, 55, 15, 194, 132, 176, 144, 16, 248, 121, 55, 11, 213, 66, 195, 137, 47, 190, 242, 177, 151, 19, 173, 139, 245, 155, 146, 207, 59, 165, 39, 184, 249, 79, 31, 211, 96, 245, 178, 207, 46, 204, 135, 163, 79, 163, 31, 206, 140, 100, 19, 121, 164, 122, 66, 23, 174, 103, 47, 138, 166, 97, 26, 224, 140, 253, 184, 132, 25, 141, 122, 201, 111, 16, 145, 81, 97, 223, 178, 69, 76, 56, 95, 159, 216, 27, 120, 78, 253, 235, 213, 36, 212, 94, 130, 231, 97, 137, 117, 35, 241, 16, 191, 111, 198, 134, 175, 185, 54, 119, 180, 156, 90, 180, 170, 47, 118, 39, 119, 0, 178, 117, 0, 77, 31, 170, 146, 167, 2, 235, 99, 57, 199, 112, 156, 126, 169, 157, 208, 246, 45, 203, 6, 233, 242, 207, 39, 188, 240, 199, 33, 28, 57, 13, 35, 202, 151, 91, 1, 159, 216, 143, 38, 115, 32, 4, 173, 19, 109, 37, 205, 192, 53, 234, 121, 34, 196, 167, 124, 217, 20, 248, 73, 208, 189, 204, 105, 210, 220, 228, 214, 247, 29, 194, 255, 157, 145, 221, 45, 120, 90, 64, 244, 12, 97, 111, 84, 195, 42, 100, 218, 11, 212, 73, 175, 157, 207, 12, 140, 227, 15, 19, 78, 237, 180, 168, 76, 54, 70, 162, 203, 7, 149, 57, 48, 210, 207, 232, 149, 127, 219, 232, 124, 128, 59, 179, 1, 88, 220, 216, 89, 182, 26, 34, 55, 26, 112, 243, 101, 67, 225, 175, 73, 52, 51, 94, 253, 51, 109, 41, 36, 202, 4, 238, 93, 94, 206, 91, 168, 169, 184, 6, 71, 38, 26, 172, 0, 231, 246, 137, 38, 135, 170, 2, 199, 236, 29, 119, 176, 205, 130, 113, 215, 154, 233, 240, 96, 136, 208, 82, 126, 108, 92, 192, 84, 15, 180, 152, 110, 28, 43, 14, 249, 29, 213, 41, 203, 84, 181, 82, 149, 134, 224, 25, 172, 255, 217, 5, 82, 61, 73, 173, 151, 104, 196, 210, 12, 40, 86, 246, 32, 4, 48, 158, 152, 14, 146, 171, 196, 171, 65, 183, 85, 92, 147, 210, 158, 55, 182, 182, 6, 105, 8, 53, 11, 65, 207, 86, 63, 202, 113, 32, 47, 23, 26, 125, 156, 93, 231, 36, 179, 238, 129, 58, 171, 126, 193, 125, 61, 249, 168, 23, 50, 52, 91, 187, 244, 73, 69, 132, 223, 187, 139, 187, 123, 66, 218, 72, 100, 48, 112, 248, 96, 5, 14, 174, 60, 86, 129, 246, 53, 133, 208, 212, 205, 218, 76, 141, 220, 189, 123, 157, 112, 115, 57, 193, 81, 67, 105, 193, 38, 192, 127, 9, 213, 81, 236, 3, 150, 85, 233, 244, 26, 87, 163, 46, 139, 131, 200, 188, 66, 108, 25, 112, 135, 232, 254, 69, 254, 171, 106, 168, 45, 98, 218, 87, 59, 73, 174, 132, 187, 171, 134, 43, 159, 201, 143, 81, 136, 130, 75, 89, 207, 240, 230, 226, 176, 174, 247, 145, 29, 119, 222, 209, 25, 166, 158, 246, 28, 25, 151, 153, 164, 57, 80, 251, 37, 223, 113, 243, 48, 226, 142, 13, 204, 12, 66, 81, 234, 133, 29, 140, 12, 158, 178, 106, 242, 61, 119, 2, 230, 229, 146, 188, 239, 184, 176, 72, 90, 52, 144, 43, 38, 235, 212, 69, 219, 155, 59, 219, 211, 6, 35, 246, 222, 189, 180, 234, 142, 229, 130, 106, 207, 118, 248, 142, 234, 122, 180, 216, 139, 56, 183, 205, 145, 204, 188, 242, 219, 98, 20, 38, 138, 42, 56, 176, 0, 83, 28, 224, 189, 138, 212, 87, 121, 211, 154, 237, 198, 165, 227, 145, 169, 102, 226, 189, 245, 187, 78, 19, 64, 242, 63, 13, 88, 162, 73, 45, 205, 158, 61, 201, 223, 106, 85, 10, 185, 170, 29, 114, 83, 254, 223, 143, 175, 154, 46, 216, 217, 68, 21, 225, 132, 118, 17, 252, 7, 161, 81, 75, 140, 135, 114, 123, 212, 217, 230, 239, 40, 241, 224, 41, 177, 180, 162, 42, 68, 120, 72, 8, 38, 197, 109, 237, 25, 15, 228, 59, 246, 155, 218, 81, 232, 192, 189, 194, 175, 153, 193, 18, 188, 16, 253, 62, 88, 212, 170, 13, 14, 243]
2025-04-20 17:25:08,414 - INFO - [STATE-EXPLORATION] Strategy: empty_payload | Sequence: []
2025-04-20 17:25:08,415 - INFO - [MUTATION] Mutation strategy for next input: explore_state_jump | Original: [2] | Mutated: []
2025-04-20 17:25:08,415 - INFO - ------------------------------------------------------------
2025-04-20 17:25:08,415 - INFO - 
[>] Sending command: []
2025-04-20 17:25:08,514 - INFO - ['[Error] Code: 0x010203']
2025-04-20 17:25:08,515 - INFO - [1] Connecting to "Smart Lock [Group 10]"...
2025-04-20 17:25:10,535 - INFO - [2] Authenticating...
2025-04-20 17:25:12,578 - INFO - Sent AUTH+PASSCODE: [0, 1, 2, 3, 4, 5, 6]
2025-04-20 17:25:12,578 - INFO - Received response: [0]
2025-04-20 17:25:12,578 - INFO - [!] Authenticated!!!
2025-04-20 17:25:16,601 - INFO - 
[Paths] 1 discovered. (Path=()) s=0, f=1.
2025-04-20 17:25:16,601 - INFO - [STATE-EXPLORATION] Strategy: open_without_auth | Sequence: [1]
2025-04-20 17:25:16,601 - INFO - [MUTATION] Mutation strategy for next input: explore_state_jump | Original: [1] | Mutated: [1]
2025-04-20 17:25:16,601 - INFO - ------------------------------------------------------------
2025-04-20 17:25:16,601 - INFO - 
[>] Sending command: [1]
2025-04-20 17:25:16,778 - INFO - [<] Received response: [0]
2025-04-20 17:25:18,787 - INFO - [State] Device state: Authenticated
2025-04-20 17:25:18,788 - INFO - [State] Closing the lock mechanism
2025-04-20 17:25:18,788 - INFO - [State] Lock mechanism closed
2025-04-20 17:25:18,789 - INFO - [State] Device state: Authenticated
2025-04-20 17:25:18,789 - INFO - [State] Opening the lock mechanism
2025-04-20 17:25:18,789 - INFO - [State] Lock mechanism open
2025-04-20 17:25:18,789 - INFO - [State] Closing the lock mechanism
2025-04-20 17:25:18,789 - INFO - [State] Lock mechanism closed
2025-04-20 17:25:18,789 - INFO - [State] Device state: Authenticated
2025-04-20 17:25:18,789 - INFO - [State] Opening the lock mechanism
2025-04-20 17:25:18,789 - INFO - [State] Lock mechanism open
2025-04-20 17:25:18,789 - INFO - [State] Closing the lock mechanism
2025-04-20 17:25:18,789 - INFO - [State] Lock mechanism closed
2025-04-20 17:25:18,789 - INFO - [State] Device state: Authenticated
2025-04-20 17:25:18,790 - INFO - [State] Opening the lock mechanism
2025-04-20 17:25:18,790 - INFO - [State] Lock mechanism open
2025-04-20 17:25:18,790 - INFO - [State] Closing the lock mechanism
2025-04-20 17:25:18,790 - INFO - [State] Lock mechanism closed
2025-04-20 17:25:18,790 - INFO - [State] Device state: Authenticated
2025-04-20 17:25:18,790 - INFO - [State] Opening the lock mechanism
2025-04-20 17:25:18,790 - INFO - [State] Lock mechanism open
2025-04-20 17:25:18,790 - INFO - [State] Closing the lock mechanism
2025-04-20 17:25:18,790 - INFO - [State] Lock mechanism closed
2025-04-20 17:25:18,790 - INFO - [State] Device state: Authenticated
2025-04-20 17:25:18,790 - INFO - [State] Opening the lock mechanism
2025-04-20 17:25:18,790 - INFO - [State] Lock mechanism open
2025-04-20 17:25:18,790 - INFO - [State] Closing the lock mechanism
2025-04-20 17:25:18,790 - INFO - [State] Lock mechanism closed
2025-04-20 17:25:18,790 - INFO - [State] Device state: Authenticated
2025-04-20 17:25:18,791 - INFO - [State] Opening the lock mechanism
2025-04-20 17:25:18,791 - INFO - [State] Lock mechanism open
2025-04-20 17:25:18,791 - INFO - [State] Closing the lock mechanism
2025-04-20 17:25:18,791 - INFO - [State] Lock mechanism closed
2025-04-20 17:25:18,791 - INFO - [State] Device state: Authenticated
2025-04-20 17:25:18,792 - INFO - [{'from': 0, 'command': 'Authenticate', 'to': 2}, {'from': 2, 'command': 'Authenticate', 'to': 2}, {'from': 2, 'command': 'Authenticate', 'to': 2}, {'from': 2, 'command': 'Authenticate', 'to': 2}, {'from': 2, 'command': 'Authenticate', 'to': 2}, {'from': 2, 'command': 'Authenticate', 'to': 2}, {'from': 2, 'command': 'Authenticate', 'to': 2}, {'from': 2, 'command': 'Authenticate', 'to': 2}]
2025-04-20 17:25:18,792 - INFO - [INTERESTING] New path discovered: ('[State] Device state: Authenticated', '[State] Closing the lock mechanism', '[State] Lock mechanism closed', '[State] Device state: Authenticated', '[State] Opening the lock mechanism', '[State] Lock mechanism open', '[State] Closing the lock mechanism', '[State] Lock mechanism closed', '[State] Device state: Authenticated', '[State] Opening the lock mechanism', '[State] Lock mechanism open', '[State] Closing the lock mechanism', '[State] Lock mechanism closed', '[State] Device state: Authenticated', '[State] Opening the lock mechanism', '[State] Lock mechanism open', '[State] Closing the lock mechanism', '[State] Lock mechanism closed', '[State] Device state: Authenticated', '[State] Opening the lock mechanism', '[State] Lock mechanism open', '[State] Closing the lock mechanism', '[State] Lock mechanism closed', '[State] Device state: Authenticated', '[State] Opening the lock mechanism', '[State] Lock mechanism open', '[State] Closing the lock mechanism', '[State] Lock mechanism closed', '[State] Device state: Authenticated', '[State] Opening the lock mechanism', '[State] Lock mechanism open', '[State] Closing the lock mechanism', '[State] Lock mechanism closed', '[State] Device state: Authenticated')
2025-04-20 17:25:18,792 - INFO - [STATE-EXPLORATION] Strategy: close_without_auth | Sequence: [2]
2025-04-20 17:25:18,793 - INFO - [MUTATION] Mutation strategy for next input: explore_state_jump | Original: [1] | Mutated: [2]
2025-04-20 17:25:18,793 - INFO - ------------------------------------------------------------
2025-04-20 17:25:18,793 - INFO - 
[>] Sending command: [2]
2025-04-20 17:25:18,972 - INFO - [<] Received response: [0]
2025-04-20 17:25:20,987 - INFO - [State] Device state: Authenticated
2025-04-20 17:25:20,988 - INFO - [State] Closing the lock mechanism
2025-04-20 17:25:20,988 - INFO - [State] Lock mechanism closed
2025-04-20 17:25:20,988 - INFO - [State] Device state: Authenticated
2025-04-20 17:25:20,988 - INFO - [State] Opening the lock mechanism
2025-04-20 17:25:20,988 - INFO - [State] Lock mechanism open
2025-04-20 17:25:20,988 - INFO - [State] Closing the lock mechanism
2025-04-20 17:25:20,988 - INFO - [State] Lock mechanism closed
2025-04-20 17:25:20,988 - INFO - [State] Device state: Authenticated
2025-04-20 17:25:20,989 - INFO - [State] Opening the lock mechanism
2025-04-20 17:25:20,989 - INFO - [State] Lock mechanism open
2025-04-20 17:25:20,989 - INFO - [State] Closing the lock mechanism
2025-04-20 17:25:20,989 - INFO - [State] Lock mechanism closed
2025-04-20 17:25:20,989 - INFO - [State] Device state: Authenticated
2025-04-20 17:25:20,989 - INFO - [State] Opening the lock mechanism
2025-04-20 17:25:20,989 - INFO - [State] Lock mechanism open
2025-04-20 17:25:20,989 - INFO - [State] Closing the lock mechanism
2025-04-20 17:25:20,989 - INFO - [State] Lock mechanism closed
2025-04-20 17:25:20,989 - INFO - [State] Device state: Authenticated
2025-04-20 17:25:20,989 - INFO - [State] Opening the lock mechanism
2025-04-20 17:25:20,990 - INFO - [State] Lock mechanism open
2025-04-20 17:25:20,990 - INFO - [State] Closing the lock mechanism
2025-04-20 17:25:20,990 - INFO - [State] Lock mechanism closed
2025-04-20 17:25:20,990 - INFO - [State] Device state: Authenticated
2025-04-20 17:25:20,990 - INFO - [State] Opening the lock mechanism
2025-04-20 17:25:20,990 - INFO - [State] Lock mechanism open
2025-04-20 17:25:20,990 - INFO - [State] Closing the lock mechanism
2025-04-20 17:25:20,990 - INFO - [State] Lock mechanism closed
2025-04-20 17:25:20,990 - INFO - [State] Device state: Authenticated
2025-04-20 17:25:20,990 - INFO - [State] Opening the lock mechanism
2025-04-20 17:25:20,990 - INFO - [State] Lock mechanism open
2025-04-20 17:25:20,990 - INFO - [State] Closing the lock mechanism
2025-04-20 17:25:20,990 - INFO - [State] Lock mechanism closed
2025-04-20 17:25:20,991 - INFO - [State] Device state: Authenticated
2025-04-20 17:25:20,991 - INFO - [State] Opening the lock mechanism
2025-04-20 17:25:20,991 - INFO - [State] Lock mechanism open
2025-04-20 17:25:20,991 - INFO - [State] Closing the lock mechanism
2025-04-20 17:25:20,991 - INFO - [State] Lock mechanism closed
2025-04-20 17:25:20,993 - INFO - [{'from': 0, 'command': 'Authenticate', 'to': 2}, {'from': 2, 'command': 'Authenticate', 'to': 2}, {'from': 2, 'command': 'Authenticate', 'to': 2}, {'from': 2, 'command': 'Authenticate', 'to': 2}, {'from': 2, 'command': 'Authenticate', 'to': 2}, {'from': 2, 'command': 'Authenticate', 'to': 2}, {'from': 2, 'command': 'Authenticate', 'to': 2}, {'from': 2, 'command': 'Authenticate', 'to': 2}]
2025-04-20 17:25:20,993 - INFO - [INTERESTING] New path discovered: ('[State] Device state: Authenticated', '[State] Closing the lock mechanism', '[State] Lock mechanism closed', '[State] Device state: Authenticated', '[State] Opening the lock mechanism', '[State] Lock mechanism open', '[State] Closing the lock mechanism', '[State] Lock mechanism closed', '[State] Device state: Authenticated', '[State] Opening the lock mechanism', '[State] Lock mechanism open', '[State] Closing the lock mechanism', '[State] Lock mechanism closed', '[State] Device state: Authenticated', '[State] Opening the lock mechanism', '[State] Lock mechanism open', '[State] Closing the lock mechanism', '[State] Lock mechanism closed', '[State] Device state: Authenticated', '[State] Opening the lock mechanism', '[State] Lock mechanism open', '[State] Closing the lock mechanism', '[State] Lock mechanism closed', '[State] Device state: Authenticated', '[State] Opening the lock mechanism', '[State] Lock mechanism open', '[State] Closing the lock mechanism', '[State] Lock mechanism closed', '[State] Device state: Authenticated', '[State] Opening the lock mechanism', '[State] Lock mechanism open', '[State] Closing the lock mechanism', '[State] Lock mechanism closed', '[State] Device state: Authenticated', '[State] Opening the lock mechanism', '[State] Lock mechanism open', '[State] Closing the lock mechanism', '[State] Lock mechanism closed')
2025-04-20 17:25:20,993 - INFO - 
[Paths] 1 discovered. (Path=()) s=1, f=2.
2025-04-20 17:25:20,993 - INFO - [STATE-EXPLORATION] Strategy: partial_auth | Sequence: [0, 18]
2025-04-20 17:25:20,993 - INFO - [MUTATION] Mutation strategy for next input: explore_state_jump | Original: [2] | Mutated: [0, 18]
2025-04-20 17:25:20,993 - INFO - ------------------------------------------------------------
2025-04-20 17:25:20,993 - INFO - 
[>] Sending command: [0, 18]
2025-04-20 17:25:22,286 - INFO - [STATE-EXPLORATION] Strategy: spam_auth | Sequence: [0, 1, 2, 3, 4, 5, 6, 0, 1, 2, 3, 4, 5, 6, 0, 1, 2, 3, 4, 5, 6, 0, 1, 2, 3, 4, 5, 6, 0, 1, 2, 3, 4, 5, 6, 0, 1, 2, 3, 4, 5, 6, 0, 1, 2, 3, 4, 5, 6, 0, 1, 2, 3, 4, 5, 6, 0, 1, 2, 3, 4, 5, 6, 0, 1, 2, 3, 4, 5, 6]
2025-04-20 17:25:22,286 - INFO - [MUTATION] Mutation strategy for next input: explore_state_jump | Original: [2] | Mutated: [0, 1, 2, 3, 4, 5, 6, 0, 1, 2, 3, 4, 5, 6, 0, 1, 2, 3, 4, 5, 6, 0, 1, 2, 3, 4, 5, 6, 0, 1, 2, 3, 4, 5, 6, 0, 1, 2, 3, 4, 5, 6, 0, 1, 2, 3, 4, 5, 6, 0, 1, 2, 3, 4, 5, 6, 0, 1, 2, 3, 4, 5, 6, 0, 1, 2, 3, 4, 5, 6]
2025-04-20 17:25:22,286 - INFO - ------------------------------------------------------------
2025-04-20 17:25:22,286 - INFO - 
[>] Sending command: [0, 1, 2, 3, 4, 5, 6, 0, 1, 2, 3, 4, 5, 6, 0, 1, 2, 3, 4, 5, 6, 0, 1, 2, 3, 4, 5, 6, 0, 1, 2, 3, 4, 5, 6, 0, 1, 2, 3, 4, 5, 6, 0, 1, 2, 3, 4, 5, 6, 0, 1, 2, 3, 4, 5, 6, 0, 1, 2, 3, 4, 5, 6, 0, 1, 2, 3, 4, 5, 6]
2025-04-20 17:25:22,291 - INFO - [STATE-EXPLORATION] Strategy: spam_open_without_close | Sequence: [0, 1, 2, 3, 4, 5, 6, 1, 1, 1, 1, 1, 1, 1]
2025-04-20 17:25:22,292 - INFO - [MUTATION] Mutation strategy for next input: explore_state_jump | Original: [2] | Mutated: [0, 1, 2, 3, 4, 5, 6, 1, 1, 1, 1, 1, 1, 1]
2025-04-20 17:25:22,292 - INFO - ------------------------------------------------------------
2025-04-20 17:25:22,292 - INFO - 
[>] Sending command: [0, 1, 2, 3, 4, 5, 6, 1, 1, 1, 1, 1, 1, 1]
2025-04-20 17:25:22,293 - INFO - [STATE-EXPLORATION] Strategy: auth_open_unknown_close | Sequence: [0, 1, 2, 3, 4, 5, 6, 1, 127, 2]
2025-04-20 17:25:22,293 - INFO - [MUTATION] Mutation strategy for next input: explore_state_jump | Original: [2] | Mutated: [0, 1, 2, 3, 4, 5, 6, 1, 127, 2]
2025-04-20 17:25:22,293 - INFO - ------------------------------------------------------------
2025-04-20 17:25:22,293 - INFO - 
[>] Sending command: [0, 1, 2, 3, 4, 5, 6, 1, 127, 2]
2025-04-20 17:25:22,294 - INFO - 
[Paths] 2 discovered. (Path=()) s=2, f=4. (Path=('[State] Device state: Authenticated', '[State] Closing the lock mechanism', '[State] Lock mechanism closed', '[State] Device state: Authenticated', '[State] Opening the lock mechanism', '[State] Lock mechanism open', '[State] Closing the lock mechanism', '[State] Lock mechanism closed', '[State] Device state: Authenticated', '[State] Opening the lock mechanism', '[State] Lock mechanism open', '[State] Closing the lock mechanism', '[State] Lock mechanism closed', '[State] Device state: Authenticated', '[State] Opening the lock mechanism', '[State] Lock mechanism open', '[State] Closing the lock mechanism', '[State] Lock mechanism closed', '[State] Device state: Authenticated', '[State] Opening the lock mechanism', '[State] Lock mechanism open', '[State] Closing the lock mechanism', '[State] Lock mechanism closed', '[State] Device state: Authenticated', '[State] Opening the lock mechanism', '[State] Lock mechanism open', '[State] Closing the lock mechanism', '[State] Lock mechanism closed', '[State] Device state: Authenticated', '[State] Opening the lock mechanism', '[State] Lock mechanism open', '[State] Closing the lock mechanism', '[State] Lock mechanism closed', '[State] Device state: Authenticated')) s=0, f=1.
2025-04-20 17:25:22,294 - INFO - [STATE-EXPLORATION] Strategy: repeated_toggle | Sequence: [0, 1, 2, 3, 4, 5, 6, 1, 1, 2, 2, 2, 1, 1, 2, 1, 2, 1, 2, 2]
2025-04-20 17:25:22,294 - INFO - [MUTATION] Mutation strategy for next input: explore_state_jump | Original: [1] | Mutated: [0, 1, 2, 3, 4, 5, 6, 1, 1, 2, 2, 2, 1, 1, 2, 1, 2, 1, 2, 2]
2025-04-20 17:25:22,295 - INFO - ------------------------------------------------------------
2025-04-20 17:25:22,295 - INFO - 
[>] Sending command: [0, 1, 2, 3, 4, 5, 6, 1, 1, 2, 2, 2, 1, 1, 2, 1, 2, 1, 2, 2]
2025-04-20 17:25:22,296 - INFO - [STATE-EXPLORATION] Strategy: unknown_before_auth | Sequence: [127, 0, 1, 2, 3, 4, 5, 6]
2025-04-20 17:25:22,296 - INFO - [MUTATION] Mutation strategy for next input: explore_state_jump | Original: [1] | Mutated: [127, 0, 1, 2, 3, 4, 5, 6]
2025-04-20 17:25:22,296 - INFO - ------------------------------------------------------------
2025-04-20 17:25:22,296 - INFO - 
[>] Sending command: [127, 0, 1, 2, 3, 4, 5, 6]
2025-04-20 17:25:22,299 - ERROR - Task exception was never retrieved
future: <Task finished name='Task-12' coro=<BLEClient._serialport_task() done, defined at C:\Users\ASUS\Documents\T8\software testing\project\groupwork\DjangoWebApplication\smartlock\BLEClient.py:72> exception=SerialException("could not open port 'COM4': PermissionError(13, 'Access is denied.', None, 5)")>
Traceback (most recent call last):
  File "C:\Users\ASUS\Documents\T8\software testing\project\groupwork\DjangoWebApplication\smartlock\BLEClient.py", line 74, in _serialport_task
    port = self.open_serialport()
           ^^^^^^^^^^^^^^^^^^^^^^
  File "C:\Users\ASUS\Documents\T8\software testing\project\groupwork\DjangoWebApplication\smartlock\BLEClient.py", line 55, in open_serialport
    self.serialport = serial.Serial(
                      ^^^^^^^^^^^^^^
  File "C:\Users\ASUS\Documents\T8\software testing\project\groupwork\DjangoWebApplication\.venv\Lib\site-packages\serial\serialwin32.py", line 33, in __init__
    super(Serial, self).__init__(*args, **kwargs)
  File "C:\Users\ASUS\Documents\T8\software testing\project\groupwork\DjangoWebApplication\.venv\Lib\site-packages\serial\serialutil.py", line 244, in __init__
    self.open()
  File "C:\Users\ASUS\Documents\T8\software testing\project\groupwork\DjangoWebApplication\.venv\Lib\site-packages\serial\serialwin32.py", line 64, in open
    raise SerialException("could not open port {!r}: {!r}".format(self.portstr, ctypes.WinError()))
serial.serialutil.SerialException: could not open port 'COM4': PermissionError(13, 'Access is denied.', None, 5)
2025-04-20 17:25:22,300 - ERROR - Task exception was never retrieved
future: <Task finished name='Task-14' coro=<BLEClient._serialport_task() done, defined at C:\Users\ASUS\Documents\T8\software testing\project\groupwork\DjangoWebApplication\smartlock\BLEClient.py:72> exception=SerialException("could not open port 'COM4': PermissionError(13, 'Access is denied.', None, 5)")>
Traceback (most recent call last):
  File "C:\Users\ASUS\Documents\T8\software testing\project\groupwork\DjangoWebApplication\smartlock\BLEClient.py", line 74, in _serialport_task
    port = self.open_serialport()
           ^^^^^^^^^^^^^^^^^^^^^^
  File "C:\Users\ASUS\Documents\T8\software testing\project\groupwork\DjangoWebApplication\smartlock\BLEClient.py", line 55, in open_serialport
    self.serialport = serial.Serial(
                      ^^^^^^^^^^^^^^
  File "C:\Users\ASUS\Documents\T8\software testing\project\groupwork\DjangoWebApplication\.venv\Lib\site-packages\serial\serialwin32.py", line 33, in __init__
    super(Serial, self).__init__(*args, **kwargs)
  File "C:\Users\ASUS\Documents\T8\software testing\project\groupwork\DjangoWebApplication\.venv\Lib\site-packages\serial\serialutil.py", line 244, in __init__
    self.open()
  File "C:\Users\ASUS\Documents\T8\software testing\project\groupwork\DjangoWebApplication\.venv\Lib\site-packages\serial\serialwin32.py", line 64, in open
    raise SerialException("could not open port {!r}: {!r}".format(self.portstr, ctypes.WinError()))
serial.serialutil.SerialException: could not open port 'COM4': PermissionError(13, 'Access is denied.', None, 5)
2025-04-20 17:25:22,298 - INFO - 
[Paths] 3 discovered. (Path=()) s=2, f=4. (Path=('[State] Device state: Authenticated', '[State] Closing the lock mechanism', '[State] Lock mechanism closed', '[State] Device state: Authenticated', '[State] Opening the lock mechanism', '[State] Lock mechanism open', '[State] Closing the lock mechanism', '[State] Lock mechanism closed', '[State] Device state: Authenticated', '[State] Opening the lock mechanism', '[State] Lock mechanism open', '[State] Closing the lock mechanism', '[State] Lock mechanism closed', '[State] Device state: Authenticated', '[State] Opening the lock mechanism', '[State] Lock mechanism open', '[State] Closing the lock mechanism', '[State] Lock mechanism closed', '[State] Device state: Authenticated', '[State] Opening the lock mechanism', '[State] Lock mechanism open', '[State] Closing the lock mechanism', '[State] Lock mechanism closed', '[State] Device state: Authenticated', '[State] Opening the lock mechanism', '[State] Lock mechanism open', '[State] Closing the lock mechanism', '[State] Lock mechanism closed', '[State] Device state: Authenticated', '[State] Opening the lock mechanism', '[State] Lock mechanism open', '[State] Closing the lock mechanism', '[State] Lock mechanism closed', '[State] Device state: Authenticated')) s=1, f=2. (Path=('[State] Device state: Authenticated', '[State] Closing the lock mechanism', '[State] Lock mechanism closed', '[State] Device state: Authenticated', '[State] Opening the lock mechanism', '[State] Lock mechanism open', '[State] Closing the lock mechanism', '[State] Lock mechanism closed', '[State] Device state: Authenticated', '[State] Opening the lock mechanism', '[State] Lock mechanism open', '[State] Closing the lock mechanism', '[State] Lock mechanism closed', '[State] Device state: Authenticated', '[State] Opening the lock mechanism', '[State] Lock mechanism open', '[State] Closing the lock mechanism', '[State] Lock mechanism closed', '[State] Device state: Authenticated', '[State] Opening the lock mechanism', '[State] Lock mechanism open', '[State] Closing the lock mechanism', '[State] Lock mechanism closed', '[State] Device state: Authenticated', '[State] Opening the lock mechanism', '[State] Lock mechanism open', '[State] Closing the lock mechanism', '[State] Lock mechanism closed', '[State] Device state: Authenticated', '[State] Opening the lock mechanism', '[State] Lock mechanism open', '[State] Closing the lock mechanism', '[State] Lock mechanism closed', '[State] Device state: Authenticated', '[State] Opening the lock mechanism', '[State] Lock mechanism open', '[State] Closing the lock mechanism', '[State] Lock mechanism closed')) s=0, f=1.
2025-04-20 17:25:22,302 - INFO - [STATE-EXPLORATION] Strategy: garbage_payload | Sequence: [49, 93, 107, 143, 117, 120, 48, 38, 169, 175, 113, 178, 64, 244, 117, 60, 87, 9, 112, 255, 251, 138, 100, 57, 211, 24, 223, 50, 127, 87, 68, 211, 242, 62, 169, 135, 126, 248, 99, 15, 59, 166, 247, 21, 173, 120, 6, 70, 135, 243, 253, 118, 36, 53, 177, 62, 170, 103, 22, 14, 136, 83, 86, 219, 207, 6, 200, 155, 224, 162, 19, 31, 232, 240, 213, 38, 117, 97, 230, 205, 74, 167, 9, 105, 80, 100, 105, 126, 187, 185, 250, 38, 207, 135, 155, 159, 28, 128, 173, 161, 239, 213, 32, 20, 137, 142, 158, 142, 190, 105, 15, 232, 58, 200, 12, 149, 48, 197, 115, 72, 6, 239, 217, 66, 117, 33, 193, 46, 112, 199, 253, 197, 108, 219, 115, 69, 168, 158, 180, 61, 251, 252, 147, 236, 107, 147, 191, 5, 56, 235, 42, 206, 166, 166, 79, 77, 226, 217, 222, 219, 199, 38, 204, 217, 242, 232, 254, 81, 63, 42, 251, 87, 79, 168, 140, 92, 180, 169, 8, 33, 79, 47, 4, 121, 160, 121, 7, 203, 184, 33, 98, 2, 62, 79, 0, 65, 163, 61, 152, 209, 43, 237, 221, 195, 217, 200, 58, 133, 53, 79, 206, 241, 163, 82, 166, 118, 247, 170, 150, 29, 125, 210, 232, 55, 224, 8, 54, 121, 179, 2, 64, 6, 66, 164, 96, 87, 34, 5, 63, 126, 248, 174, 170, 110, 131, 86, 86, 244, 191, 218, 184, 161, 243, 119, 177, 179, 145, 210, 201, 209, 34, 213, 108, 194, 113, 2, 98, 240, 122, 177, 166, 110, 251, 138, 97, 189, 108, 223, 220, 88, 36, 156, 76, 46, 68, 47, 18, 121, 54, 203, 102, 108, 234, 253, 191, 198, 189, 132, 40, 170, 232, 121, 88, 94, 156, 130, 163, 253, 254, 131, 140, 56, 91, 17, 191, 21, 129, 249, 81, 219, 193, 173, 73, 157, 99, 124, 186, 210, 25, 169, 199, 138, 23, 235, 70, 5, 55, 98, 250, 67, 234, 45, 69, 77, 79, 144, 72, 83, 103, 67, 71, 11, 164, 85, 104, 51, 151, 20, 76, 85, 240, 194, 11, 217, 24, 100, 92, 195, 13, 164, 103, 22, 55, 61, 33, 103, 196, 0, 33, 42, 88, 138, 164, 85, 232, 137, 57, 178, 240, 159, 73, 255, 254, 49, 235, 109, 194, 77, 143, 216, 245, 139, 182, 138, 246, 111, 200, 98, 126, 225, 182, 104, 142, 14, 113, 50, 58, 249, 113, 102, 226, 103, 129, 94, 5, 152, 197, 154, 250, 16, 168, 36, 64, 232, 181, 202, 200, 242, 222, 64, 84, 90, 13, 149, 21, 170, 235, 121, 64, 56, 106, 124, 92, 78, 152, 167, 183, 112, 36, 184, 251, 150, 195, 178, 82, 48, 203, 212, 46, 194, 74, 213, 208, 194, 23, 105, 72, 54, 178, 122, 80, 252, 58, 16, 198, 102, 25, 213, 93, 106, 20, 68, 97, 203, 11, 219, 56, 212, 139, 190, 80, 119, 188, 110, 12, 111, 35, 1, 116, 185, 157, 82, 115, 220, 1, 109, 47, 216, 64, 162, 18, 103, 97, 35, 16, 218, 253, 29, 218, 156, 128, 202, 179, 128, 227, 97, 183, 174, 104, 102, 10, 144, 27, 31, 148, 51, 2, 160, 241, 97, 168, 230, 82, 4, 80, 35, 248, 250, 33, 192, 76, 0, 6, 167, 4, 80, 54, 129, 213, 12, 184, 219, 189, 237, 36, 74, 168, 211, 227, 249, 177, 27, 65, 26, 227, 49, 240, 166, 37, 8, 27, 29, 141, 172, 34, 240, 154, 113, 221, 209, 49, 189, 62, 166, 85, 101, 64, 185, 90, 161, 174, 36, 183, 114, 146, 75, 107, 45, 161, 54, 27, 49, 58, 204, 149, 169, 45, 92, 102, 30, 182, 113, 11, 67, 78, 112, 19, 80, 133, 113, 175, 79, 44, 54, 1, 126, 169, 68, 120, 56, 86, 45, 97, 236, 212, 31, 36, 205, 85, 231, 189, 7, 249, 174, 115, 188, 66, 193, 23, 2, 97, 57, 28, 4, 104, 135, 56, 43, 222, 227, 11, 171, 189, 121, 146, 100, 239, 102, 230, 100, 22, 2, 167, 200, 36, 234, 132, 65, 194, 147, 236, 39, 39, 13, 75, 162, 97, 182, 32, 253, 113, 45, 18, 224, 161, 190, 47, 41, 197, 47, 19, 221, 28, 80, 49, 93, 163, 47, 16, 1, 193, 163, 85, 253, 128, 149, 79, 182, 238, 113, 83, 182, 155, 63, 105, 16, 160, 154, 254, 121, 57, 214, 176, 111, 127, 119, 242, 184, 83, 68, 200, 144, 97, 185, 86, 62, 52, 99, 36, 208, 55, 166, 173, 245, 119, 196, 206, 28, 118, 111, 89, 154, 172, 62, 220, 151, 29, 195, 114, 94, 219, 29, 60, 156, 102, 8, 192, 61, 198, 207, 184, 57, 0, 107, 65, 233, 158, 123, 164, 193, 125, 225, 109, 51, 171, 11, 188, 121, 212, 178, 86, 47, 55, 62, 238, 228, 58, 123, 178, 84, 93, 21, 198, 77, 83, 59, 84, 29, 203, 118, 96, 239, 80, 53, 215, 169, 57, 108, 98, 195, 97, 244, 104, 93, 139, 37, 165, 81, 237, 141, 171, 17, 74, 235, 46, 223, 237, 229, 226, 20, 157, 4, 30, 174, 51, 100, 77, 112, 83, 191, 73, 133, 144, 38, 149, 161, 156, 61, 50, 118, 74, 133, 15, 188, 16, 54, 238, 24, 61, 123, 191, 91, 97, 210, 237, 23, 95, 152, 6, 68, 35, 227, 81, 110, 160, 66, 159, 7, 47, 187, 206, 174, 161, 102, 135, 219, 221, 16, 183, 100, 228, 230, 246, 196, 216, 121, 22, 42, 92, 218, 39, 179, 146, 132, 141, 113, 88, 213, 175, 242, 60, 240, 57, 109, 195, 103, 170, 143, 237, 105, 165, 134, 62, 31, 18, 122, 17, 175, 61, 109, 54, 170, 237, 237, 206, 136, 193, 4, 180, 27, 197, 71, 81, 43, 222, 167, 20, 177, 113, 35, 215, 187, 70, 61, 54, 65, 94, 205, 21, 244]
2025-04-20 17:25:22,302 - INFO - [MUTATION] Mutation strategy for next input: explore_state_jump | Original: [2] | Mutated: [49, 93, 107, 143, 117, 120, 48, 38, 169, 175, 113, 178, 64, 244, 117, 60, 87, 9, 112, 255, 251, 138, 100, 57, 211, 24, 223, 50, 127, 87, 68, 211, 242, 62, 169, 135, 126, 248, 99, 15, 59, 166, 247, 21, 173, 120, 6, 70, 135, 243, 253, 118, 36, 53, 177, 62, 170, 103, 22, 14, 136, 83, 86, 219, 207, 6, 200, 155, 224, 162, 19, 31, 232, 240, 213, 38, 117, 97, 230, 205, 74, 167, 9, 105, 80, 100, 105, 126, 187, 185, 250, 38, 207, 135, 155, 159, 28, 128, 173, 161, 239, 213, 32, 20, 137, 142, 158, 142, 190, 105, 15, 232, 58, 200, 12, 149, 48, 197, 115, 72, 6, 239, 217, 66, 117, 33, 193, 46, 112, 199, 253, 197, 108, 219, 115, 69, 168, 158, 180, 61, 251, 252, 147, 236, 107, 147, 191, 5, 56, 235, 42, 206, 166, 166, 79, 77, 226, 217, 222, 219, 199, 38, 204, 217, 242, 232, 254, 81, 63, 42, 251, 87, 79, 168, 140, 92, 180, 169, 8, 33, 79, 47, 4, 121, 160, 121, 7, 203, 184, 33, 98, 2, 62, 79, 0, 65, 163, 61, 152, 209, 43, 237, 221, 195, 217, 200, 58, 133, 53, 79, 206, 241, 163, 82, 166, 118, 247, 170, 150, 29, 125, 210, 232, 55, 224, 8, 54, 121, 179, 2, 64, 6, 66, 164, 96, 87, 34, 5, 63, 126, 248, 174, 170, 110, 131, 86, 86, 244, 191, 218, 184, 161, 243, 119, 177, 179, 145, 210, 201, 209, 34, 213, 108, 194, 113, 2, 98, 240, 122, 177, 166, 110, 251, 138, 97, 189, 108, 223, 220, 88, 36, 156, 76, 46, 68, 47, 18, 121, 54, 203, 102, 108, 234, 253, 191, 198, 189, 132, 40, 170, 232, 121, 88, 94, 156, 130, 163, 253, 254, 131, 140, 56, 91, 17, 191, 21, 129, 249, 81, 219, 193, 173, 73, 157, 99, 124, 186, 210, 25, 169, 199, 138, 23, 235, 70, 5, 55, 98, 250, 67, 234, 45, 69, 77, 79, 144, 72, 83, 103, 67, 71, 11, 164, 85, 104, 51, 151, 20, 76, 85, 240, 194, 11, 217, 24, 100, 92, 195, 13, 164, 103, 22, 55, 61, 33, 103, 196, 0, 33, 42, 88, 138, 164, 85, 232, 137, 57, 178, 240, 159, 73, 255, 254, 49, 235, 109, 194, 77, 143, 216, 245, 139, 182, 138, 246, 111, 200, 98, 126, 225, 182, 104, 142, 14, 113, 50, 58, 249, 113, 102, 226, 103, 129, 94, 5, 152, 197, 154, 250, 16, 168, 36, 64, 232, 181, 202, 200, 242, 222, 64, 84, 90, 13, 149, 21, 170, 235, 121, 64, 56, 106, 124, 92, 78, 152, 167, 183, 112, 36, 184, 251, 150, 195, 178, 82, 48, 203, 212, 46, 194, 74, 213, 208, 194, 23, 105, 72, 54, 178, 122, 80, 252, 58, 16, 198, 102, 25, 213, 93, 106, 20, 68, 97, 203, 11, 219, 56, 212, 139, 190, 80, 119, 188, 110, 12, 111, 35, 1, 116, 185, 157, 82, 115, 220, 1, 109, 47, 216, 64, 162, 18, 103, 97, 35, 16, 218, 253, 29, 218, 156, 128, 202, 179, 128, 227, 97, 183, 174, 104, 102, 10, 144, 27, 31, 148, 51, 2, 160, 241, 97, 168, 230, 82, 4, 80, 35, 248, 250, 33, 192, 76, 0, 6, 167, 4, 80, 54, 129, 213, 12, 184, 219, 189, 237, 36, 74, 168, 211, 227, 249, 177, 27, 65, 26, 227, 49, 240, 166, 37, 8, 27, 29, 141, 172, 34, 240, 154, 113, 221, 209, 49, 189, 62, 166, 85, 101, 64, 185, 90, 161, 174, 36, 183, 114, 146, 75, 107, 45, 161, 54, 27, 49, 58, 204, 149, 169, 45, 92, 102, 30, 182, 113, 11, 67, 78, 112, 19, 80, 133, 113, 175, 79, 44, 54, 1, 126, 169, 68, 120, 56, 86, 45, 97, 236, 212, 31, 36, 205, 85, 231, 189, 7, 249, 174, 115, 188, 66, 193, 23, 2, 97, 57, 28, 4, 104, 135, 56, 43, 222, 227, 11, 171, 189, 121, 146, 100, 239, 102, 230, 100, 22, 2, 167, 200, 36, 234, 132, 65, 194, 147, 236, 39, 39, 13, 75, 162, 97, 182, 32, 253, 113, 45, 18, 224, 161, 190, 47, 41, 197, 47, 19, 221, 28, 80, 49, 93, 163, 47, 16, 1, 193, 163, 85, 253, 128, 149, 79, 182, 238, 113, 83, 182, 155, 63, 105, 16, 160, 154, 254, 121, 57, 214, 176, 111, 127, 119, 242, 184, 83, 68, 200, 144, 97, 185, 86, 62, 52, 99, 36, 208, 55, 166, 173, 245, 119, 196, 206, 28, 118, 111, 89, 154, 172, 62, 220, 151, 29, 195, 114, 94, 219, 29, 60, 156, 102, 8, 192, 61, 198, 207, 184, 57, 0, 107, 65, 233, 158, 123, 164, 193, 125, 225, 109, 51, 171, 11, 188, 121, 212, 178, 86, 47, 55, 62, 238, 228, 58, 123, 178, 84, 93, 21, 198, 77, 83, 59, 84, 29, 203, 118, 96, 239, 80, 53, 215, 169, 57, 108, 98, 195, 97, 244, 104, 93, 139, 37, 165, 81, 237, 141, 171, 17, 74, 235, 46, 223, 237, 229, 226, 20, 157, 4, 30, 174, 51, 100, 77, 112, 83, 191, 73, 133, 144, 38, 149, 161, 156, 61, 50, 118, 74, 133, 15, 188, 16, 54, 238, 24, 61, 123, 191, 91, 97, 210, 237, 23, 95, 152, 6, 68, 35, 227, 81, 110, 160, 66, 159, 7, 47, 187, 206, 174, 161, 102, 135, 219, 221, 16, 183, 100, 228, 230, 246, 196, 216, 121, 22, 42, 92, 218, 39, 179, 146, 132, 141, 113, 88, 213, 175, 242, 60, 240, 57, 109, 195, 103, 170, 143, 237, 105, 165, 134, 62, 31, 18, 122, 17, 175, 61, 109, 54, 170, 237, 237, 206, 136, 193, 4, 180, 27, 197, 71, 81, 43, 222, 167, 20, 177, 113, 35, 215, 187, 70, 61, 54, 65, 94, 205, 21, 244]
2025-04-20 17:25:22,302 - INFO - ------------------------------------------------------------
2025-04-20 17:25:22,302 - INFO - 
[>] Sending command: [49, 93, 107, 143, 117, 120, 48, 38, 169, 175, 113, 178, 64, 244, 117, 60, 87, 9, 112, 255, 251, 138, 100, 57, 211, 24, 223, 50, 127, 87, 68, 211, 242, 62, 169, 135, 126, 248, 99, 15, 59, 166, 247, 21, 173, 120, 6, 70, 135, 243, 253, 118, 36, 53, 177, 62, 170, 103, 22, 14, 136, 83, 86, 219, 207, 6, 200, 155, 224, 162, 19, 31, 232, 240, 213, 38, 117, 97, 230, 205, 74, 167, 9, 105, 80, 100, 105, 126, 187, 185, 250, 38, 207, 135, 155, 159, 28, 128, 173, 161, 239, 213, 32, 20, 137, 142, 158, 142, 190, 105, 15, 232, 58, 200, 12, 149, 48, 197, 115, 72, 6, 239, 217, 66, 117, 33, 193, 46, 112, 199, 253, 197, 108, 219, 115, 69, 168, 158, 180, 61, 251, 252, 147, 236, 107, 147, 191, 5, 56, 235, 42, 206, 166, 166, 79, 77, 226, 217, 222, 219, 199, 38, 204, 217, 242, 232, 254, 81, 63, 42, 251, 87, 79, 168, 140, 92, 180, 169, 8, 33, 79, 47, 4, 121, 160, 121, 7, 203, 184, 33, 98, 2, 62, 79, 0, 65, 163, 61, 152, 209, 43, 237, 221, 195, 217, 200, 58, 133, 53, 79, 206, 241, 163, 82, 166, 118, 247, 170, 150, 29, 125, 210, 232, 55, 224, 8, 54, 121, 179, 2, 64, 6, 66, 164, 96, 87, 34, 5, 63, 126, 248, 174, 170, 110, 131, 86, 86, 244, 191, 218, 184, 161, 243, 119, 177, 179, 145, 210, 201, 209, 34, 213, 108, 194, 113, 2, 98, 240, 122, 177, 166, 110, 251, 138, 97, 189, 108, 223, 220, 88, 36, 156, 76, 46, 68, 47, 18, 121, 54, 203, 102, 108, 234, 253, 191, 198, 189, 132, 40, 170, 232, 121, 88, 94, 156, 130, 163, 253, 254, 131, 140, 56, 91, 17, 191, 21, 129, 249, 81, 219, 193, 173, 73, 157, 99, 124, 186, 210, 25, 169, 199, 138, 23, 235, 70, 5, 55, 98, 250, 67, 234, 45, 69, 77, 79, 144, 72, 83, 103, 67, 71, 11, 164, 85, 104, 51, 151, 20, 76, 85, 240, 194, 11, 217, 24, 100, 92, 195, 13, 164, 103, 22, 55, 61, 33, 103, 196, 0, 33, 42, 88, 138, 164, 85, 232, 137, 57, 178, 240, 159, 73, 255, 254, 49, 235, 109, 194, 77, 143, 216, 245, 139, 182, 138, 246, 111, 200, 98, 126, 225, 182, 104, 142, 14, 113, 50, 58, 249, 113, 102, 226, 103, 129, 94, 5, 152, 197, 154, 250, 16, 168, 36, 64, 232, 181, 202, 200, 242, 222, 64, 84, 90, 13, 149, 21, 170, 235, 121, 64, 56, 106, 124, 92, 78, 152, 167, 183, 112, 36, 184, 251, 150, 195, 178, 82, 48, 203, 212, 46, 194, 74, 213, 208, 194, 23, 105, 72, 54, 178, 122, 80, 252, 58, 16, 198, 102, 25, 213, 93, 106, 20, 68, 97, 203, 11, 219, 56, 212, 139, 190, 80, 119, 188, 110, 12, 111, 35, 1, 116, 185, 157, 82, 115, 220, 1, 109, 47, 216, 64, 162, 18, 103, 97, 35, 16, 218, 253, 29, 218, 156, 128, 202, 179, 128, 227, 97, 183, 174, 104, 102, 10, 144, 27, 31, 148, 51, 2, 160, 241, 97, 168, 230, 82, 4, 80, 35, 248, 250, 33, 192, 76, 0, 6, 167, 4, 80, 54, 129, 213, 12, 184, 219, 189, 237, 36, 74, 168, 211, 227, 249, 177, 27, 65, 26, 227, 49, 240, 166, 37, 8, 27, 29, 141, 172, 34, 240, 154, 113, 221, 209, 49, 189, 62, 166, 85, 101, 64, 185, 90, 161, 174, 36, 183, 114, 146, 75, 107, 45, 161, 54, 27, 49, 58, 204, 149, 169, 45, 92, 102, 30, 182, 113, 11, 67, 78, 112, 19, 80, 133, 113, 175, 79, 44, 54, 1, 126, 169, 68, 120, 56, 86, 45, 97, 236, 212, 31, 36, 205, 85, 231, 189, 7, 249, 174, 115, 188, 66, 193, 23, 2, 97, 57, 28, 4, 104, 135, 56, 43, 222, 227, 11, 171, 189, 121, 146, 100, 239, 102, 230, 100, 22, 2, 167, 200, 36, 234, 132, 65, 194, 147, 236, 39, 39, 13, 75, 162, 97, 182, 32, 253, 113, 45, 18, 224, 161, 190, 47, 41, 197, 47, 19, 221, 28, 80, 49, 93, 163, 47, 16, 1, 193, 163, 85, 253, 128, 149, 79, 182, 238, 113, 83, 182, 155, 63, 105, 16, 160, 154, 254, 121, 57, 214, 176, 111, 127, 119, 242, 184, 83, 68, 200, 144, 97, 185, 86, 62, 52, 99, 36, 208, 55, 166, 173, 245, 119, 196, 206, 28, 118, 111, 89, 154, 172, 62, 220, 151, 29, 195, 114, 94, 219, 29, 60, 156, 102, 8, 192, 61, 198, 207, 184, 57, 0, 107, 65, 233, 158, 123, 164, 193, 125, 225, 109, 51, 171, 11, 188, 121, 212, 178, 86, 47, 55, 62, 238, 228, 58, 123, 178, 84, 93, 21, 198, 77, 83, 59, 84, 29, 203, 118, 96, 239, 80, 53, 215, 169, 57, 108, 98, 195, 97, 244, 104, 93, 139, 37, 165, 81, 237, 141, 171, 17, 74, 235, 46, 223, 237, 229, 226, 20, 157, 4, 30, 174, 51, 100, 77, 112, 83, 191, 73, 133, 144, 38, 149, 161, 156, 61, 50, 118, 74, 133, 15, 188, 16, 54, 238, 24, 61, 123, 191, 91, 97, 210, 237, 23, 95, 152, 6, 68, 35, 227, 81, 110, 160, 66, 159, 7, 47, 187, 206, 174, 161, 102, 135, 219, 221, 16, 183, 100, 228, 230, 246, 196, 216, 121, 22, 42, 92, 218, 39, 179, 146, 132, 141, 113, 88, 213, 175, 242, 60, 240, 57, 109, 195, 103, 170, 143, 237, 105, 165, 134, 62, 31, 18, 122, 17, 175, 61, 109, 54, 170, 237, 237, 206, 136, 193, 4, 180, 27, 197, 71, 81, 43, 222, 167, 20, 177, 113, 35, 215, 187, 70, 61, 54, 65, 94, 205, 21, 244]
2025-04-20 17:25:22,307 - INFO - [STATE-EXPLORATION] Strategy: empty_payload | Sequence: []
2025-04-20 17:25:22,307 - INFO - [MUTATION] Mutation strategy for next input: explore_state_jump | Original: [2] | Mutated: []
2025-04-20 17:25:22,307 - INFO - ------------------------------------------------------------
2025-04-20 17:25:22,307 - INFO - 
[>] Sending command: []
2025-04-20 17:25:22,427 - INFO - ['[Error] Code: 0x010203']
2025-04-20 17:25:22,427 - INFO - [1] Connecting to "Smart Lock [Group 10]"...
2025-04-20 17:25:24,561 - INFO - [2] Authenticating...
2025-04-20 17:25:26,597 - INFO - Sent AUTH+PASSCODE: [0, 1, 2, 3, 4, 5, 6]
2025-04-20 17:25:26,597 - INFO - Received response: [0]
2025-04-20 17:25:26,597 - INFO - [!] Authenticated!!!
2025-04-20 17:25:30,609 - INFO - 
[Paths] 1 discovered. (Path=()) s=0, f=1.
2025-04-20 17:25:30,609 - INFO - [STATE-EXPLORATION] Strategy: open_without_auth | Sequence: [1]
2025-04-20 17:25:30,609 - INFO - [MUTATION] Mutation strategy for next input: explore_state_jump | Original: [1] | Mutated: [1]
2025-04-20 17:25:30,609 - INFO - ------------------------------------------------------------
2025-04-20 17:25:30,609 - INFO - 
[>] Sending command: [1]
2025-04-20 17:25:30,808 - INFO - [<] Received response: [0]
2025-04-20 17:25:32,808 - INFO - [State] Device state: Authenticated
2025-04-20 17:25:32,808 - INFO - [State] Closing the lock mechanism
2025-04-20 17:25:32,808 - INFO - [State] Lock mechanism closed
2025-04-20 17:25:32,808 - INFO - [State] Device state: Authenticated
2025-04-20 17:25:32,808 - INFO - [State] Opening the lock mechanism
2025-04-20 17:25:32,808 - INFO - [State] Lock mechanism open
2025-04-20 17:25:32,808 - INFO - [State] Closing the lock mechanism
2025-04-20 17:25:32,808 - INFO - [State] Lock mechanism closed
2025-04-20 17:25:32,808 - INFO - [State] Device state: Authenticated
2025-04-20 17:25:32,810 - INFO - [State] Opening the lock mechanism
2025-04-20 17:25:32,810 - INFO - [State] Lock mechanism open
2025-04-20 17:25:32,810 - INFO - [State] Closing the lock mechanism
2025-04-20 17:25:32,810 - INFO - [State] Lock mechanism closed
2025-04-20 17:25:32,810 - INFO - [State] Device state: Authenticated
2025-04-20 17:25:32,810 - INFO - [State] Opening the lock mechanism
2025-04-20 17:25:32,810 - INFO - [State] Lock mechanism open
2025-04-20 17:25:32,810 - INFO - [State] Closing the lock mechanism
2025-04-20 17:25:32,810 - INFO - [State] Lock mechanism closed
2025-04-20 17:25:32,810 - INFO - [State] Device state: Authenticated
2025-04-20 17:25:32,810 - INFO - [State] Opening the lock mechanism
2025-04-20 17:25:32,810 - INFO - [State] Lock mechanism open
2025-04-20 17:25:32,810 - INFO - [State] Closing the lock mechanism
2025-04-20 17:25:32,810 - INFO - [State] Lock mechanism closed
2025-04-20 17:25:32,810 - INFO - [State] Device state: Authenticated
2025-04-20 17:25:32,810 - INFO - [State] Opening the lock mechanism
2025-04-20 17:25:32,810 - INFO - [State] Lock mechanism open
2025-04-20 17:25:32,810 - INFO - [State] Closing the lock mechanism
2025-04-20 17:25:32,810 - INFO - [State] Lock mechanism closed
2025-04-20 17:25:32,810 - INFO - [State] Device state: Authenticated
2025-04-20 17:25:32,810 - INFO - [State] Opening the lock mechanism
2025-04-20 17:25:32,810 - INFO - [State] Lock mechanism open
2025-04-20 17:25:32,810 - INFO - [State] Closing the lock mechanism
2025-04-20 17:25:32,810 - INFO - [State] Lock mechanism closed
2025-04-20 17:25:32,810 - INFO - [State] Device state: Authenticated
2025-04-20 17:25:32,810 - INFO - [State] Opening the lock mechanism
2025-04-20 17:25:32,810 - INFO - [State] Lock mechanism open
2025-04-20 17:25:32,810 - INFO - [State] Closing the lock mechanism
2025-04-20 17:25:32,810 - INFO - [State] Lock mechanism closed
2025-04-20 17:25:32,815 - INFO - [{'from': 0, 'command': 'Authenticate', 'to': 2}, {'from': 2, 'command': 'Authenticate', 'to': 2}, {'from': 2, 'command': 'Authenticate', 'to': 2}, {'from': 2, 'command': 'Authenticate', 'to': 2}, {'from': 2, 'command': 'Authenticate', 'to': 2}, {'from': 2, 'command': 'Authenticate', 'to': 2}, {'from': 2, 'command': 'Authenticate', 'to': 2}, {'from': 2, 'command': 'Authenticate', 'to': 2}]
2025-04-20 17:25:32,815 - INFO - [INTERESTING] New path discovered: ('[State] Device state: Authenticated', '[State] Closing the lock mechanism', '[State] Lock mechanism closed', '[State] Device state: Authenticated', '[State] Opening the lock mechanism', '[State] Lock mechanism open', '[State] Closing the lock mechanism', '[State] Lock mechanism closed', '[State] Device state: Authenticated', '[State] Opening the lock mechanism', '[State] Lock mechanism open', '[State] Closing the lock mechanism', '[State] Lock mechanism closed', '[State] Device state: Authenticated', '[State] Opening the lock mechanism', '[State] Lock mechanism open', '[State] Closing the lock mechanism', '[State] Lock mechanism closed', '[State] Device state: Authenticated', '[State] Opening the lock mechanism', '[State] Lock mechanism open', '[State] Closing the lock mechanism', '[State] Lock mechanism closed', '[State] Device state: Authenticated', '[State] Opening the lock mechanism', '[State] Lock mechanism open', '[State] Closing the lock mechanism', '[State] Lock mechanism closed', '[State] Device state: Authenticated', '[State] Opening the lock mechanism', '[State] Lock mechanism open', '[State] Closing the lock mechanism', '[State] Lock mechanism closed', '[State] Device state: Authenticated', '[State] Opening the lock mechanism', '[State] Lock mechanism open', '[State] Closing the lock mechanism', '[State] Lock mechanism closed')
2025-04-20 17:25:32,815 - INFO - [STATE-EXPLORATION] Strategy: close_without_auth | Sequence: [2]
2025-04-20 17:25:32,815 - INFO - [MUTATION] Mutation strategy for next input: explore_state_jump | Original: [1] | Mutated: [2]
2025-04-20 17:25:32,815 - INFO - ------------------------------------------------------------
2025-04-20 17:25:32,815 - INFO - 
[>] Sending command: [2]
2025-04-20 17:25:32,996 - INFO - [<] Received response: [0]
2025-04-20 17:25:35,009 - INFO - [State] Device state: Authenticated
2025-04-20 17:25:35,009 - INFO - [State] Closing the lock mechanism
2025-04-20 17:25:35,009 - INFO - [State] Lock mechanism closed
2025-04-20 17:25:35,009 - INFO - [State] Device state: Authenticated
2025-04-20 17:25:35,009 - INFO - [State] Opening the lock mechanism
2025-04-20 17:25:35,009 - INFO - [State] Lock mechanism open
2025-04-20 17:25:35,009 - INFO - [State] Closing the lock mechanism
2025-04-20 17:25:35,009 - INFO - [State] Lock mechanism closed
2025-04-20 17:25:35,009 - INFO - [State] Device state: Authenticated
2025-04-20 17:25:35,009 - INFO - [State] Opening the lock mechanism
2025-04-20 17:25:35,009 - INFO - [State] Lock mechanism open
2025-04-20 17:25:35,009 - INFO - [State] Closing the lock mechanism
2025-04-20 17:25:35,009 - INFO - [State] Lock mechanism closed
2025-04-20 17:25:35,009 - INFO - [State] Device state: Authenticated
2025-04-20 17:25:35,009 - INFO - [State] Opening the lock mechanism
2025-04-20 17:25:35,009 - INFO - [State] Lock mechanism open
2025-04-20 17:25:35,011 - INFO - [State] Closing the lock mechanism
2025-04-20 17:25:35,011 - INFO - [State] Lock mechanism closed
2025-04-20 17:25:35,011 - INFO - [State] Device state: Authenticated
2025-04-20 17:25:35,011 - INFO - [State] Opening the lock mechanism
2025-04-20 17:25:35,011 - INFO - [State] Lock mechanism open
2025-04-20 17:25:35,011 - INFO - [State] Closing the lock mechanism
2025-04-20 17:25:35,011 - INFO - [State] Lock mechanism closed
2025-04-20 17:25:35,011 - INFO - [State] Device state: Authenticated
2025-04-20 17:25:35,011 - INFO - [State] Opening the lock mechanism
2025-04-20 17:25:35,011 - INFO - [State] Lock mechanism open
2025-04-20 17:25:35,011 - INFO - [State] Closing the lock mechanism
2025-04-20 17:25:35,011 - INFO - [State] Lock mechanism closed
2025-04-20 17:25:35,011 - INFO - [State] Device state: Authenticated
2025-04-20 17:25:35,011 - INFO - [State] Opening the lock mechanism
2025-04-20 17:25:35,011 - INFO - [State] Lock mechanism open
2025-04-20 17:25:35,011 - INFO - [State] Closing the lock mechanism
2025-04-20 17:25:35,011 - INFO - [State] Lock mechanism closed
2025-04-20 17:25:35,011 - INFO - [State] Device state: Authenticated
2025-04-20 17:25:35,011 - INFO - [State] Opening the lock mechanism
2025-04-20 17:25:35,011 - INFO - [State] Lock mechanism open
2025-04-20 17:25:35,011 - INFO - [State] Closing the lock mechanism
2025-04-20 17:25:35,011 - INFO - [State] Lock mechanism closed
2025-04-20 17:25:35,011 - INFO - [State] Device state: Authenticated
2025-04-20 17:25:35,011 - INFO - [State] Opening the lock mechanism
2025-04-20 17:25:35,011 - INFO - [State] Lock mechanism open
2025-04-20 17:25:35,011 - INFO - [State] Closing the lock mechanism
2025-04-20 17:25:35,011 - INFO - [State] Lock mechanism closed
2025-04-20 17:25:35,013 - INFO - [{'from': 0, 'command': 'Authenticate', 'to': 2}, {'from': 2, 'command': 'Authenticate', 'to': 2}, {'from': 2, 'command': 'Authenticate', 'to': 2}, {'from': 2, 'command': 'Authenticate', 'to': 2}, {'from': 2, 'command': 'Authenticate', 'to': 2}, {'from': 2, 'command': 'Authenticate', 'to': 2}, {'from': 2, 'command': 'Authenticate', 'to': 2}, {'from': 2, 'command': 'Authenticate', 'to': 2}, {'from': 2, 'command': 'Authenticate', 'to': 2}]
2025-04-20 17:25:35,013 - INFO - [INTERESTING] New path discovered: ('[State] Device state: Authenticated', '[State] Closing the lock mechanism', '[State] Lock mechanism closed', '[State] Device state: Authenticated', '[State] Opening the lock mechanism', '[State] Lock mechanism open', '[State] Closing the lock mechanism', '[State] Lock mechanism closed', '[State] Device state: Authenticated', '[State] Opening the lock mechanism', '[State] Lock mechanism open', '[State] Closing the lock mechanism', '[State] Lock mechanism closed', '[State] Device state: Authenticated', '[State] Opening the lock mechanism', '[State] Lock mechanism open', '[State] Closing the lock mechanism', '[State] Lock mechanism closed', '[State] Device state: Authenticated', '[State] Opening the lock mechanism', '[State] Lock mechanism open', '[State] Closing the lock mechanism', '[State] Lock mechanism closed', '[State] Device state: Authenticated', '[State] Opening the lock mechanism', '[State] Lock mechanism open', '[State] Closing the lock mechanism', '[State] Lock mechanism closed', '[State] Device state: Authenticated', '[State] Opening the lock mechanism', '[State] Lock mechanism open', '[State] Closing the lock mechanism', '[State] Lock mechanism closed', '[State] Device state: Authenticated', '[State] Opening the lock mechanism', '[State] Lock mechanism open', '[State] Closing the lock mechanism', '[State] Lock mechanism closed', '[State] Device state: Authenticated', '[State] Opening the lock mechanism', '[State] Lock mechanism open', '[State] Closing the lock mechanism', '[State] Lock mechanism closed')
2025-04-20 17:25:35,013 - INFO - 
[Paths] 1 discovered. (Path=()) s=1, f=2.
2025-04-20 17:25:35,013 - INFO - [STATE-EXPLORATION] Strategy: partial_auth | Sequence: [0, 192]
2025-04-20 17:25:35,013 - INFO - [MUTATION] Mutation strategy for next input: explore_state_jump | Original: [2] | Mutated: [0, 192]
2025-04-20 17:25:35,013 - INFO - ------------------------------------------------------------
2025-04-20 17:25:35,013 - INFO - 
[>] Sending command: [0, 192]
2025-04-20 17:25:36,306 - INFO - [STATE-EXPLORATION] Strategy: spam_auth | Sequence: [0, 1, 2, 3, 4, 5, 6, 0, 1, 2, 3, 4, 5, 6, 0, 1, 2, 3, 4, 5, 6, 0, 1, 2, 3, 4, 5, 6, 0, 1, 2, 3, 4, 5, 6, 0, 1, 2, 3, 4, 5, 6, 0, 1, 2, 3, 4, 5, 6, 0, 1, 2, 3, 4, 5, 6]
2025-04-20 17:25:36,306 - INFO - [MUTATION] Mutation strategy for next input: explore_state_jump | Original: [2] | Mutated: [0, 1, 2, 3, 4, 5, 6, 0, 1, 2, 3, 4, 5, 6, 0, 1, 2, 3, 4, 5, 6, 0, 1, 2, 3, 4, 5, 6, 0, 1, 2, 3, 4, 5, 6, 0, 1, 2, 3, 4, 5, 6, 0, 1, 2, 3, 4, 5, 6, 0, 1, 2, 3, 4, 5, 6]
2025-04-20 17:25:36,306 - INFO - ------------------------------------------------------------
2025-04-20 17:25:36,306 - INFO - 
[>] Sending command: [0, 1, 2, 3, 4, 5, 6, 0, 1, 2, 3, 4, 5, 6, 0, 1, 2, 3, 4, 5, 6, 0, 1, 2, 3, 4, 5, 6, 0, 1, 2, 3, 4, 5, 6, 0, 1, 2, 3, 4, 5, 6, 0, 1, 2, 3, 4, 5, 6, 0, 1, 2, 3, 4, 5, 6]
2025-04-20 17:25:36,310 - INFO - [STATE-EXPLORATION] Strategy: spam_open_without_close | Sequence: [0, 1, 2, 3, 4, 5, 6, 1, 1, 1, 1, 1, 1, 1]
2025-04-20 17:25:36,310 - INFO - [MUTATION] Mutation strategy for next input: explore_state_jump | Original: [2] | Mutated: [0, 1, 2, 3, 4, 5, 6, 1, 1, 1, 1, 1, 1, 1]
2025-04-20 17:25:36,310 - INFO - ------------------------------------------------------------
2025-04-20 17:25:36,310 - INFO - 
[>] Sending command: [0, 1, 2, 3, 4, 5, 6, 1, 1, 1, 1, 1, 1, 1]
2025-04-20 17:25:36,310 - INFO - [STATE-EXPLORATION] Strategy: auth_open_unknown_close | Sequence: [0, 1, 2, 3, 4, 5, 6, 1, 3, 2]
2025-04-20 17:25:36,310 - INFO - [MUTATION] Mutation strategy for next input: explore_state_jump | Original: [2] | Mutated: [0, 1, 2, 3, 4, 5, 6, 1, 3, 2]
2025-04-20 17:25:36,310 - INFO - ------------------------------------------------------------
2025-04-20 17:25:36,312 - INFO - 
[>] Sending command: [0, 1, 2, 3, 4, 5, 6, 1, 3, 2]
2025-04-20 17:25:36,312 - INFO - 
[Paths] 2 discovered. (Path=()) s=2, f=4. (Path=('[State] Device state: Authenticated', '[State] Closing the lock mechanism', '[State] Lock mechanism closed', '[State] Device state: Authenticated', '[State] Opening the lock mechanism', '[State] Lock mechanism open', '[State] Closing the lock mechanism', '[State] Lock mechanism closed', '[State] Device state: Authenticated', '[State] Opening the lock mechanism', '[State] Lock mechanism open', '[State] Closing the lock mechanism', '[State] Lock mechanism closed', '[State] Device state: Authenticated', '[State] Opening the lock mechanism', '[State] Lock mechanism open', '[State] Closing the lock mechanism', '[State] Lock mechanism closed', '[State] Device state: Authenticated', '[State] Opening the lock mechanism', '[State] Lock mechanism open', '[State] Closing the lock mechanism', '[State] Lock mechanism closed', '[State] Device state: Authenticated', '[State] Opening the lock mechanism', '[State] Lock mechanism open', '[State] Closing the lock mechanism', '[State] Lock mechanism closed', '[State] Device state: Authenticated', '[State] Opening the lock mechanism', '[State] Lock mechanism open', '[State] Closing the lock mechanism', '[State] Lock mechanism closed', '[State] Device state: Authenticated', '[State] Opening the lock mechanism', '[State] Lock mechanism open', '[State] Closing the lock mechanism', '[State] Lock mechanism closed')) s=0, f=1.
2025-04-20 17:25:36,314 - INFO - [STATE-EXPLORATION] Strategy: repeated_toggle | Sequence: [0, 1, 2, 3, 4, 5, 6, 2, 1, 1, 1, 1, 2, 2, 1, 1, 2, 2, 2, 2, 1, 1, 2, 1, 1, 2, 1]
2025-04-20 17:25:36,314 - INFO - [MUTATION] Mutation strategy for next input: explore_state_jump | Original: [1] | Mutated: [0, 1, 2, 3, 4, 5, 6, 2, 1, 1, 1, 1, 2, 2, 1, 1, 2, 2, 2, 2, 1, 1, 2, 1, 1, 2, 1]
2025-04-20 17:25:36,314 - INFO - ------------------------------------------------------------
2025-04-20 17:25:36,314 - INFO - 
[>] Sending command: [0, 1, 2, 3, 4, 5, 6, 2, 1, 1, 1, 1, 2, 2, 1, 1, 2, 2, 2, 2, 1, 1, 2, 1, 1, 2, 1]
2025-04-20 17:25:36,316 - INFO - [STATE-EXPLORATION] Strategy: unknown_before_auth | Sequence: [3, 0, 1, 2, 3, 4, 5, 6]
2025-04-20 17:25:36,316 - INFO - [MUTATION] Mutation strategy for next input: explore_state_jump | Original: [1] | Mutated: [3, 0, 1, 2, 3, 4, 5, 6]
2025-04-20 17:25:36,316 - INFO - ------------------------------------------------------------
2025-04-20 17:25:36,316 - INFO - 
[>] Sending command: [3, 0, 1, 2, 3, 4, 5, 6]
2025-04-20 17:25:36,320 - INFO - 
[Paths] 3 discovered. (Path=()) s=2, f=4. (Path=('[State] Device state: Authenticated', '[State] Closing the lock mechanism', '[State] Lock mechanism closed', '[State] Device state: Authenticated', '[State] Opening the lock mechanism', '[State] Lock mechanism open', '[State] Closing the lock mechanism', '[State] Lock mechanism closed', '[State] Device state: Authenticated', '[State] Opening the lock mechanism', '[State] Lock mechanism open', '[State] Closing the lock mechanism', '[State] Lock mechanism closed', '[State] Device state: Authenticated', '[State] Opening the lock mechanism', '[State] Lock mechanism open', '[State] Closing the lock mechanism', '[State] Lock mechanism closed', '[State] Device state: Authenticated', '[State] Opening the lock mechanism', '[State] Lock mechanism open', '[State] Closing the lock mechanism', '[State] Lock mechanism closed', '[State] Device state: Authenticated', '[State] Opening the lock mechanism', '[State] Lock mechanism open', '[State] Closing the lock mechanism', '[State] Lock mechanism closed', '[State] Device state: Authenticated', '[State] Opening the lock mechanism', '[State] Lock mechanism open', '[State] Closing the lock mechanism', '[State] Lock mechanism closed', '[State] Device state: Authenticated', '[State] Opening the lock mechanism', '[State] Lock mechanism open', '[State] Closing the lock mechanism', '[State] Lock mechanism closed')) s=1, f=2. (Path=('[State] Device state: Authenticated', '[State] Closing the lock mechanism', '[State] Lock mechanism closed', '[State] Device state: Authenticated', '[State] Opening the lock mechanism', '[State] Lock mechanism open', '[State] Closing the lock mechanism', '[State] Lock mechanism closed', '[State] Device state: Authenticated', '[State] Opening the lock mechanism', '[State] Lock mechanism open', '[State] Closing the lock mechanism', '[State] Lock mechanism closed', '[State] Device state: Authenticated', '[State] Opening the lock mechanism', '[State] Lock mechanism open', '[State] Closing the lock mechanism', '[State] Lock mechanism closed', '[State] Device state: Authenticated', '[State] Opening the lock mechanism', '[State] Lock mechanism open', '[State] Closing the lock mechanism', '[State] Lock mechanism closed', '[State] Device state: Authenticated', '[State] Opening the lock mechanism', '[State] Lock mechanism open', '[State] Closing the lock mechanism', '[State] Lock mechanism closed', '[State] Device state: Authenticated', '[State] Opening the lock mechanism', '[State] Lock mechanism open', '[State] Closing the lock mechanism', '[State] Lock mechanism closed', '[State] Device state: Authenticated', '[State] Opening the lock mechanism', '[State] Lock mechanism open', '[State] Closing the lock mechanism', '[State] Lock mechanism closed', '[State] Device state: Authenticated', '[State] Opening the lock mechanism', '[State] Lock mechanism open', '[State] Closing the lock mechanism', '[State] Lock mechanism closed')) s=0, f=1.
2025-04-20 17:25:36,324 - INFO - [STATE-EXPLORATION] Strategy: garbage_payload | Sequence: [189, 155, 64, 24, 200, 167, 60, 4, 161, 104, 111, 43, 16, 62, 169, 76, 250, 198, 59, 103, 85, 74, 97, 150, 72, 182, 99, 101, 55, 167, 94, 72, 149, 155, 38, 134, 226, 134, 41, 151, 160, 17, 44, 202, 26, 31, 85, 150, 243, 42, 75, 94, 65, 82, 65, 162, 143, 165, 70, 190, 186, 18, 81, 17, 12, 176, 187, 122, 31, 24, 10, 170, 112, 205, 186, 89, 204, 220, 42, 141, 25, 8, 183, 99, 67, 38, 121, 58, 159, 70, 120, 174, 194, 41, 151, 152, 31, 12, 123, 185, 62, 143, 99, 249, 69, 163, 1, 92, 247, 105, 59, 140, 229, 236, 144, 182, 38, 101, 240, 194, 170, 53, 184, 202, 149, 200, 112, 120, 115, 169, 190, 123, 40, 197, 245, 126, 109, 65, 1, 201, 190, 53, 176, 150, 145, 127, 108, 96, 67, 80, 134, 190, 28, 36, 234, 187, 128, 47, 91, 106, 230, 152, 169, 6, 17, 245, 129, 31, 191, 43, 151, 159, 21, 228, 155, 141, 31, 202, 28, 120, 46, 22, 252, 103, 254, 219, 72, 130, 137, 219, 232, 95, 54, 101, 142, 241, 227, 231, 229, 61, 127, 30, 8, 208, 254, 13, 186, 140, 37, 65, 152, 100, 198, 78, 36, 195, 163, 147, 155, 197, 217, 91, 10, 240, 80, 236, 103, 234, 254, 167, 226, 97, 114, 115, 65, 72, 137, 110, 244, 230, 215, 94, 217, 22, 41, 66, 115, 224, 30, 105, 241, 142, 206, 31, 24, 199, 50, 251, 210, 255, 115, 30, 92, 212, 12, 125, 198, 30, 152, 67, 115, 119, 79, 52, 172, 149, 44, 230, 153, 92, 43, 166, 212, 55, 60, 173, 209, 20, 73, 93, 195, 235, 108, 226, 171, 7, 26, 11, 255, 93, 144, 137, 117, 234, 232, 33, 32, 222, 182, 239, 142, 79, 157, 232, 180, 91, 162, 114, 81, 199, 46, 186, 178, 7, 118, 117, 168, 79, 16, 107, 160, 79, 219, 216, 33, 218, 107, 227, 150, 231, 34, 168, 39, 238, 23, 122, 141, 110, 82, 138, 193, 30, 104, 237, 175, 34, 213, 197, 19, 122, 216, 121, 192, 22, 180, 40, 103, 80, 109, 13, 107, 149, 241, 205, 169, 227, 135, 131, 181, 186, 164, 30, 173, 128, 57, 55, 127, 187, 210, 48, 14, 32, 28, 232, 73, 250, 160, 134, 11, 180, 173, 172, 11, 179, 79, 107, 19, 86, 174, 37, 19, 251, 60, 135, 166, 255, 69, 150, 162, 239, 46, 206, 74, 96, 222, 6, 204, 13, 93, 195, 11, 30, 230, 250, 180, 85, 154, 230, 49, 180, 107, 188, 229, 254, 5, 92, 121, 236, 223, 240, 74, 93, 65, 62, 89, 99, 7, 196, 246, 198, 132, 134, 1, 152, 79, 173, 50, 222, 78, 51, 140, 80, 157, 132, 35, 137, 76, 117, 128, 114, 14, 85, 152, 218, 250, 243, 183, 45, 129, 70, 164, 137, 251, 254, 218, 19, 177, 147, 151, 33, 137, 125, 41, 82, 150, 28, 144, 216, 224, 148, 104, 65, 215, 30, 218, 165, 167, 226, 20, 180, 214, 141, 240, 170, 238, 113, 40, 91, 118, 210, 99, 36, 61, 253, 38, 172, 240, 79, 67, 165, 56, 69, 177, 172, 155, 108, 20, 132, 246, 136, 7, 219, 101, 226, 79, 218, 137, 243, 141, 68, 97, 88, 247, 12, 95, 127, 66, 255, 55, 45, 238, 233, 218, 2, 38, 77, 106, 148, 2, 6, 247, 177, 162, 56, 196, 238, 180, 56, 149, 119, 38, 103, 107, 40, 235, 241, 170, 129, 203, 157, 119, 102, 210, 251, 188, 183, 241, 72, 29, 144, 72, 219, 163, 142, 184, 8, 54, 40, 38, 120, 132, 212, 185, 219, 11, 193, 229, 118, 239, 43, 55, 72, 156, 149, 137, 185, 10, 10, 232, 143, 75, 112, 245, 13, 237, 214, 208, 208, 24, 234, 34, 25, 183, 69, 62, 147, 82, 153, 0, 80, 92, 223, 253, 42, 234, 247, 50, 176, 11, 213, 220, 129, 99, 211, 130, 142, 99, 11, 88, 63, 82, 237, 198, 126, 105, 133, 246, 191, 117, 30, 164, 24, 76, 166, 107, 122, 83, 48, 80, 254, 248, 0, 6, 103, 235, 218, 76, 226, 113, 160, 184, 58, 28, 86, 107, 236, 165, 47, 227, 226, 137, 246, 208, 123, 248, 25, 168, 196, 45, 6, 219, 84, 168, 204, 235, 170, 37, 108, 198, 150, 222, 231, 86, 66, 83, 151, 119, 51, 113, 208, 84, 50, 246, 168, 0, 237, 103, 205, 39, 171, 51, 235, 222, 47, 131, 117, 197, 253, 223, 227, 251, 28, 0, 52, 253, 193, 80, 151, 67, 186, 243, 176, 72, 18, 66, 145, 52, 38, 170, 21, 28, 145, 97, 142, 235, 94, 143, 239, 174, 3, 203, 47, 68, 104, 245, 105, 28, 185, 115, 19, 170, 171, 139, 64, 232, 111, 232, 139, 163, 2, 86, 32, 45, 96, 48, 40, 98, 216, 30, 24, 247, 202, 106, 203, 117, 90, 219, 219, 252, 77, 177, 105, 158, 71, 105, 51, 57, 34, 95, 55, 255, 51, 228, 66, 230, 170, 24, 86, 115, 248, 196, 196, 172, 35, 220, 23, 9, 111, 172, 45, 26, 140, 236, 211, 87, 92, 168, 69, 148, 93, 101, 194, 213, 91, 18, 238, 141, 3, 81, 225, 114, 21, 127, 44, 95, 96, 176, 209, 200, 184, 247, 221, 246, 236, 22, 11, 225, 178, 32, 9, 102, 237, 91, 201, 247, 37, 38, 43, 181, 246, 78, 88, 119, 15, 73, 34, 15, 156, 54, 244, 143, 160, 103, 64, 209, 17, 45, 29, 241, 106, 21, 241, 3, 67, 85, 51, 122, 15, 12, 99, 202, 211, 228, 3, 115, 186, 152, 147, 199, 80, 187, 227, 58, 1, 100, 117, 186, 173, 6, 107, 55, 99, 214, 46, 133, 189, 13, 241, 157, 35, 18, 133, 189, 224, 14, 227, 45, 171, 114, 255, 49, 130, 186, 138, 149, 164, 54, 162, 191, 78]
2025-04-20 17:25:36,325 - INFO - [MUTATION] Mutation strategy for next input: explore_state_jump | Original: [2] | Mutated: [189, 155, 64, 24, 200, 167, 60, 4, 161, 104, 111, 43, 16, 62, 169, 76, 250, 198, 59, 103, 85, 74, 97, 150, 72, 182, 99, 101, 55, 167, 94, 72, 149, 155, 38, 134, 226, 134, 41, 151, 160, 17, 44, 202, 26, 31, 85, 150, 243, 42, 75, 94, 65, 82, 65, 162, 143, 165, 70, 190, 186, 18, 81, 17, 12, 176, 187, 122, 31, 24, 10, 170, 112, 205, 186, 89, 204, 220, 42, 141, 25, 8, 183, 99, 67, 38, 121, 58, 159, 70, 120, 174, 194, 41, 151, 152, 31, 12, 123, 185, 62, 143, 99, 249, 69, 163, 1, 92, 247, 105, 59, 140, 229, 236, 144, 182, 38, 101, 240, 194, 170, 53, 184, 202, 149, 200, 112, 120, 115, 169, 190, 123, 40, 197, 245, 126, 109, 65, 1, 201, 190, 53, 176, 150, 145, 127, 108, 96, 67, 80, 134, 190, 28, 36, 234, 187, 128, 47, 91, 106, 230, 152, 169, 6, 17, 245, 129, 31, 191, 43, 151, 159, 21, 228, 155, 141, 31, 202, 28, 120, 46, 22, 252, 103, 254, 219, 72, 130, 137, 219, 232, 95, 54, 101, 142, 241, 227, 231, 229, 61, 127, 30, 8, 208, 254, 13, 186, 140, 37, 65, 152, 100, 198, 78, 36, 195, 163, 147, 155, 197, 217, 91, 10, 240, 80, 236, 103, 234, 254, 167, 226, 97, 114, 115, 65, 72, 137, 110, 244, 230, 215, 94, 217, 22, 41, 66, 115, 224, 30, 105, 241, 142, 206, 31, 24, 199, 50, 251, 210, 255, 115, 30, 92, 212, 12, 125, 198, 30, 152, 67, 115, 119, 79, 52, 172, 149, 44, 230, 153, 92, 43, 166, 212, 55, 60, 173, 209, 20, 73, 93, 195, 235, 108, 226, 171, 7, 26, 11, 255, 93, 144, 137, 117, 234, 232, 33, 32, 222, 182, 239, 142, 79, 157, 232, 180, 91, 162, 114, 81, 199, 46, 186, 178, 7, 118, 117, 168, 79, 16, 107, 160, 79, 219, 216, 33, 218, 107, 227, 150, 231, 34, 168, 39, 238, 23, 122, 141, 110, 82, 138, 193, 30, 104, 237, 175, 34, 213, 197, 19, 122, 216, 121, 192, 22, 180, 40, 103, 80, 109, 13, 107, 149, 241, 205, 169, 227, 135, 131, 181, 186, 164, 30, 173, 128, 57, 55, 127, 187, 210, 48, 14, 32, 28, 232, 73, 250, 160, 134, 11, 180, 173, 172, 11, 179, 79, 107, 19, 86, 174, 37, 19, 251, 60, 135, 166, 255, 69, 150, 162, 239, 46, 206, 74, 96, 222, 6, 204, 13, 93, 195, 11, 30, 230, 250, 180, 85, 154, 230, 49, 180, 107, 188, 229, 254, 5, 92, 121, 236, 223, 240, 74, 93, 65, 62, 89, 99, 7, 196, 246, 198, 132, 134, 1, 152, 79, 173, 50, 222, 78, 51, 140, 80, 157, 132, 35, 137, 76, 117, 128, 114, 14, 85, 152, 218, 250, 243, 183, 45, 129, 70, 164, 137, 251, 254, 218, 19, 177, 147, 151, 33, 137, 125, 41, 82, 150, 28, 144, 216, 224, 148, 104, 65, 215, 30, 218, 165, 167, 226, 20, 180, 214, 141, 240, 170, 238, 113, 40, 91, 118, 210, 99, 36, 61, 253, 38, 172, 240, 79, 67, 165, 56, 69, 177, 172, 155, 108, 20, 132, 246, 136, 7, 219, 101, 226, 79, 218, 137, 243, 141, 68, 97, 88, 247, 12, 95, 127, 66, 255, 55, 45, 238, 233, 218, 2, 38, 77, 106, 148, 2, 6, 247, 177, 162, 56, 196, 238, 180, 56, 149, 119, 38, 103, 107, 40, 235, 241, 170, 129, 203, 157, 119, 102, 210, 251, 188, 183, 241, 72, 29, 144, 72, 219, 163, 142, 184, 8, 54, 40, 38, 120, 132, 212, 185, 219, 11, 193, 229, 118, 239, 43, 55, 72, 156, 149, 137, 185, 10, 10, 232, 143, 75, 112, 245, 13, 237, 214, 208, 208, 24, 234, 34, 25, 183, 69, 62, 147, 82, 153, 0, 80, 92, 223, 253, 42, 234, 247, 50, 176, 11, 213, 220, 129, 99, 211, 130, 142, 99, 11, 88, 63, 82, 237, 198, 126, 105, 133, 246, 191, 117, 30, 164, 24, 76, 166, 107, 122, 83, 48, 80, 254, 248, 0, 6, 103, 235, 218, 76, 226, 113, 160, 184, 58, 28, 86, 107, 236, 165, 47, 227, 226, 137, 246, 208, 123, 248, 25, 168, 196, 45, 6, 219, 84, 168, 204, 235, 170, 37, 108, 198, 150, 222, 231, 86, 66, 83, 151, 119, 51, 113, 208, 84, 50, 246, 168, 0, 237, 103, 205, 39, 171, 51, 235, 222, 47, 131, 117, 197, 253, 223, 227, 251, 28, 0, 52, 253, 193, 80, 151, 67, 186, 243, 176, 72, 18, 66, 145, 52, 38, 170, 21, 28, 145, 97, 142, 235, 94, 143, 239, 174, 3, 203, 47, 68, 104, 245, 105, 28, 185, 115, 19, 170, 171, 139, 64, 232, 111, 232, 139, 163, 2, 86, 32, 45, 96, 48, 40, 98, 216, 30, 24, 247, 202, 106, 203, 117, 90, 219, 219, 252, 77, 177, 105, 158, 71, 105, 51, 57, 34, 95, 55, 255, 51, 228, 66, 230, 170, 24, 86, 115, 248, 196, 196, 172, 35, 220, 23, 9, 111, 172, 45, 26, 140, 236, 211, 87, 92, 168, 69, 148, 93, 101, 194, 213, 91, 18, 238, 141, 3, 81, 225, 114, 21, 127, 44, 95, 96, 176, 209, 200, 184, 247, 221, 246, 236, 22, 11, 225, 178, 32, 9, 102, 237, 91, 201, 247, 37, 38, 43, 181, 246, 78, 88, 119, 15, 73, 34, 15, 156, 54, 244, 143, 160, 103, 64, 209, 17, 45, 29, 241, 106, 21, 241, 3, 67, 85, 51, 122, 15, 12, 99, 202, 211, 228, 3, 115, 186, 152, 147, 199, 80, 187, 227, 58, 1, 100, 117, 186, 173, 6, 107, 55, 99, 214, 46, 133, 189, 13, 241, 157, 35, 18, 133, 189, 224, 14, 227, 45, 171, 114, 255, 49, 130, 186, 138, 149, 164, 54, 162, 191, 78]
2025-04-20 17:25:36,325 - INFO - ------------------------------------------------------------
2025-04-20 17:25:36,326 - INFO - 
[>] Sending command: [189, 155, 64, 24, 200, 167, 60, 4, 161, 104, 111, 43, 16, 62, 169, 76, 250, 198, 59, 103, 85, 74, 97, 150, 72, 182, 99, 101, 55, 167, 94, 72, 149, 155, 38, 134, 226, 134, 41, 151, 160, 17, 44, 202, 26, 31, 85, 150, 243, 42, 75, 94, 65, 82, 65, 162, 143, 165, 70, 190, 186, 18, 81, 17, 12, 176, 187, 122, 31, 24, 10, 170, 112, 205, 186, 89, 204, 220, 42, 141, 25, 8, 183, 99, 67, 38, 121, 58, 159, 70, 120, 174, 194, 41, 151, 152, 31, 12, 123, 185, 62, 143, 99, 249, 69, 163, 1, 92, 247, 105, 59, 140, 229, 236, 144, 182, 38, 101, 240, 194, 170, 53, 184, 202, 149, 200, 112, 120, 115, 169, 190, 123, 40, 197, 245, 126, 109, 65, 1, 201, 190, 53, 176, 150, 145, 127, 108, 96, 67, 80, 134, 190, 28, 36, 234, 187, 128, 47, 91, 106, 230, 152, 169, 6, 17, 245, 129, 31, 191, 43, 151, 159, 21, 228, 155, 141, 31, 202, 28, 120, 46, 22, 252, 103, 254, 219, 72, 130, 137, 219, 232, 95, 54, 101, 142, 241, 227, 231, 229, 61, 127, 30, 8, 208, 254, 13, 186, 140, 37, 65, 152, 100, 198, 78, 36, 195, 163, 147, 155, 197, 217, 91, 10, 240, 80, 236, 103, 234, 254, 167, 226, 97, 114, 115, 65, 72, 137, 110, 244, 230, 215, 94, 217, 22, 41, 66, 115, 224, 30, 105, 241, 142, 206, 31, 24, 199, 50, 251, 210, 255, 115, 30, 92, 212, 12, 125, 198, 30, 152, 67, 115, 119, 79, 52, 172, 149, 44, 230, 153, 92, 43, 166, 212, 55, 60, 173, 209, 20, 73, 93, 195, 235, 108, 226, 171, 7, 26, 11, 255, 93, 144, 137, 117, 234, 232, 33, 32, 222, 182, 239, 142, 79, 157, 232, 180, 91, 162, 114, 81, 199, 46, 186, 178, 7, 118, 117, 168, 79, 16, 107, 160, 79, 219, 216, 33, 218, 107, 227, 150, 231, 34, 168, 39, 238, 23, 122, 141, 110, 82, 138, 193, 30, 104, 237, 175, 34, 213, 197, 19, 122, 216, 121, 192, 22, 180, 40, 103, 80, 109, 13, 107, 149, 241, 205, 169, 227, 135, 131, 181, 186, 164, 30, 173, 128, 57, 55, 127, 187, 210, 48, 14, 32, 28, 232, 73, 250, 160, 134, 11, 180, 173, 172, 11, 179, 79, 107, 19, 86, 174, 37, 19, 251, 60, 135, 166, 255, 69, 150, 162, 239, 46, 206, 74, 96, 222, 6, 204, 13, 93, 195, 11, 30, 230, 250, 180, 85, 154, 230, 49, 180, 107, 188, 229, 254, 5, 92, 121, 236, 223, 240, 74, 93, 65, 62, 89, 99, 7, 196, 246, 198, 132, 134, 1, 152, 79, 173, 50, 222, 78, 51, 140, 80, 157, 132, 35, 137, 76, 117, 128, 114, 14, 85, 152, 218, 250, 243, 183, 45, 129, 70, 164, 137, 251, 254, 218, 19, 177, 147, 151, 33, 137, 125, 41, 82, 150, 28, 144, 216, 224, 148, 104, 65, 215, 30, 218, 165, 167, 226, 20, 180, 214, 141, 240, 170, 238, 113, 40, 91, 118, 210, 99, 36, 61, 253, 38, 172, 240, 79, 67, 165, 56, 69, 177, 172, 155, 108, 20, 132, 246, 136, 7, 219, 101, 226, 79, 218, 137, 243, 141, 68, 97, 88, 247, 12, 95, 127, 66, 255, 55, 45, 238, 233, 218, 2, 38, 77, 106, 148, 2, 6, 247, 177, 162, 56, 196, 238, 180, 56, 149, 119, 38, 103, 107, 40, 235, 241, 170, 129, 203, 157, 119, 102, 210, 251, 188, 183, 241, 72, 29, 144, 72, 219, 163, 142, 184, 8, 54, 40, 38, 120, 132, 212, 185, 219, 11, 193, 229, 118, 239, 43, 55, 72, 156, 149, 137, 185, 10, 10, 232, 143, 75, 112, 245, 13, 237, 214, 208, 208, 24, 234, 34, 25, 183, 69, 62, 147, 82, 153, 0, 80, 92, 223, 253, 42, 234, 247, 50, 176, 11, 213, 220, 129, 99, 211, 130, 142, 99, 11, 88, 63, 82, 237, 198, 126, 105, 133, 246, 191, 117, 30, 164, 24, 76, 166, 107, 122, 83, 48, 80, 254, 248, 0, 6, 103, 235, 218, 76, 226, 113, 160, 184, 58, 28, 86, 107, 236, 165, 47, 227, 226, 137, 246, 208, 123, 248, 25, 168, 196, 45, 6, 219, 84, 168, 204, 235, 170, 37, 108, 198, 150, 222, 231, 86, 66, 83, 151, 119, 51, 113, 208, 84, 50, 246, 168, 0, 237, 103, 205, 39, 171, 51, 235, 222, 47, 131, 117, 197, 253, 223, 227, 251, 28, 0, 52, 253, 193, 80, 151, 67, 186, 243, 176, 72, 18, 66, 145, 52, 38, 170, 21, 28, 145, 97, 142, 235, 94, 143, 239, 174, 3, 203, 47, 68, 104, 245, 105, 28, 185, 115, 19, 170, 171, 139, 64, 232, 111, 232, 139, 163, 2, 86, 32, 45, 96, 48, 40, 98, 216, 30, 24, 247, 202, 106, 203, 117, 90, 219, 219, 252, 77, 177, 105, 158, 71, 105, 51, 57, 34, 95, 55, 255, 51, 228, 66, 230, 170, 24, 86, 115, 248, 196, 196, 172, 35, 220, 23, 9, 111, 172, 45, 26, 140, 236, 211, 87, 92, 168, 69, 148, 93, 101, 194, 213, 91, 18, 238, 141, 3, 81, 225, 114, 21, 127, 44, 95, 96, 176, 209, 200, 184, 247, 221, 246, 236, 22, 11, 225, 178, 32, 9, 102, 237, 91, 201, 247, 37, 38, 43, 181, 246, 78, 88, 119, 15, 73, 34, 15, 156, 54, 244, 143, 160, 103, 64, 209, 17, 45, 29, 241, 106, 21, 241, 3, 67, 85, 51, 122, 15, 12, 99, 202, 211, 228, 3, 115, 186, 152, 147, 199, 80, 187, 227, 58, 1, 100, 117, 186, 173, 6, 107, 55, 99, 214, 46, 133, 189, 13, 241, 157, 35, 18, 133, 189, 224, 14, 227, 45, 171, 114, 255, 49, 130, 186, 138, 149, 164, 54, 162, 191, 78]
2025-04-20 17:25:36,331 - INFO - [STATE-EXPLORATION] Strategy: empty_payload | Sequence: []
2025-04-20 17:25:36,331 - INFO - [MUTATION] Mutation strategy for next input: explore_state_jump | Original: [2] | Mutated: []
2025-04-20 17:25:36,331 - INFO - ------------------------------------------------------------
2025-04-20 17:25:36,331 - INFO - 
[>] Sending command: []
2025-04-20 17:25:36,446 - INFO - ['[Error] Code: 0x010203']
2025-04-20 17:25:36,446 - INFO - [1] Connecting to "Smart Lock [Group 10]"...
2025-04-20 17:25:38,316 - INFO - [2] Authenticating...
2025-04-20 17:25:40,309 - INFO - Sent AUTH+PASSCODE: [0, 1, 2, 3, 4, 5, 6]
2025-04-20 17:25:40,309 - INFO - Received response: [0]
2025-04-20 17:25:40,309 - INFO - [!] Authenticated!!!
2025-04-20 17:25:44,314 - INFO - 
[Paths] 1 discovered. (Path=()) s=0, f=1.
2025-04-20 17:25:44,314 - INFO - [STATE-EXPLORATION] Strategy: open_without_auth | Sequence: [1]
2025-04-20 17:25:44,314 - INFO - [MUTATION] Mutation strategy for next input: explore_state_jump | Original: [1] | Mutated: [1]
2025-04-20 17:25:44,314 - INFO - ------------------------------------------------------------
2025-04-20 17:25:44,314 - INFO - 
[>] Sending command: [1]
2025-04-20 17:25:44,495 - INFO - [<] Received response: [0]
2025-04-20 17:25:46,510 - INFO - [State] Device state: Authenticated
2025-04-20 17:25:46,510 - INFO - [State] Closing the lock mechanism
2025-04-20 17:25:46,510 - INFO - [State] Lock mechanism closed
2025-04-20 17:25:46,510 - INFO - [State] Device state: Authenticated
2025-04-20 17:25:46,510 - INFO - [State] Opening the lock mechanism
2025-04-20 17:25:46,510 - INFO - [State] Lock mechanism open
2025-04-20 17:25:46,510 - INFO - [State] Closing the lock mechanism
2025-04-20 17:25:46,510 - INFO - [State] Lock mechanism closed
2025-04-20 17:25:46,510 - INFO - [State] Device state: Authenticated
2025-04-20 17:25:46,510 - INFO - [State] Opening the lock mechanism
2025-04-20 17:25:46,510 - INFO - [State] Lock mechanism open
2025-04-20 17:25:46,510 - INFO - [State] Closing the lock mechanism
2025-04-20 17:25:46,510 - INFO - [State] Lock mechanism closed
2025-04-20 17:25:46,510 - INFO - [State] Device state: Authenticated
2025-04-20 17:25:46,510 - INFO - [State] Opening the lock mechanism
2025-04-20 17:25:46,510 - INFO - [State] Lock mechanism open
2025-04-20 17:25:46,510 - INFO - [State] Closing the lock mechanism
2025-04-20 17:25:46,510 - INFO - [State] Lock mechanism closed
2025-04-20 17:25:46,510 - INFO - [State] Device state: Authenticated
2025-04-20 17:25:46,510 - INFO - [State] Opening the lock mechanism
2025-04-20 17:25:46,510 - INFO - [State] Lock mechanism open
2025-04-20 17:25:46,510 - INFO - [State] Closing the lock mechanism
2025-04-20 17:25:46,510 - INFO - [State] Lock mechanism closed
2025-04-20 17:25:46,510 - INFO - [State] Device state: Authenticated
2025-04-20 17:25:46,510 - INFO - [State] Opening the lock mechanism
2025-04-20 17:25:46,510 - INFO - [State] Lock mechanism open
2025-04-20 17:25:46,510 - INFO - [State] Closing the lock mechanism
2025-04-20 17:25:46,510 - INFO - [State] Lock mechanism closed
2025-04-20 17:25:46,510 - INFO - [State] Device state: Authenticated
2025-04-20 17:25:46,510 - INFO - [State] Opening the lock mechanism
2025-04-20 17:25:46,510 - INFO - [State] Lock mechanism open
2025-04-20 17:25:46,510 - INFO - [State] Closing the lock mechanism
2025-04-20 17:25:46,510 - INFO - [State] Lock mechanism closed
2025-04-20 17:25:46,510 - INFO - [State] Device state: Authenticated
2025-04-20 17:25:46,510 - INFO - [State] Opening the lock mechanism
2025-04-20 17:25:46,510 - INFO - [State] Lock mechanism open
2025-04-20 17:25:46,510 - INFO - [State] Closing the lock mechanism
2025-04-20 17:25:46,510 - INFO - [State] Lock mechanism closed
2025-04-20 17:25:46,510 - INFO - [State] Device state: Authenticated
2025-04-20 17:25:46,510 - INFO - [State] Opening the lock mechanism
2025-04-20 17:25:46,510 - INFO - [State] Lock mechanism open
2025-04-20 17:25:46,510 - INFO - [State] Closing the lock mechanism
2025-04-20 17:25:46,510 - INFO - [State] Lock mechanism closed
2025-04-20 17:25:46,510 - INFO - [{'from': 0, 'command': 'Authenticate', 'to': 2}, {'from': 2, 'command': 'Authenticate', 'to': 2}, {'from': 2, 'command': 'Authenticate', 'to': 2}, {'from': 2, 'command': 'Authenticate', 'to': 2}, {'from': 2, 'command': 'Authenticate', 'to': 2}, {'from': 2, 'command': 'Authenticate', 'to': 2}, {'from': 2, 'command': 'Authenticate', 'to': 2}, {'from': 2, 'command': 'Authenticate', 'to': 2}, {'from': 2, 'command': 'Authenticate', 'to': 2}]
2025-04-20 17:25:46,510 - INFO - [INTERESTING] New path discovered: ('[State] Device state: Authenticated', '[State] Closing the lock mechanism', '[State] Lock mechanism closed', '[State] Device state: Authenticated', '[State] Opening the lock mechanism', '[State] Lock mechanism open', '[State] Closing the lock mechanism', '[State] Lock mechanism closed', '[State] Device state: Authenticated', '[State] Opening the lock mechanism', '[State] Lock mechanism open', '[State] Closing the lock mechanism', '[State] Lock mechanism closed', '[State] Device state: Authenticated', '[State] Opening the lock mechanism', '[State] Lock mechanism open', '[State] Closing the lock mechanism', '[State] Lock mechanism closed', '[State] Device state: Authenticated', '[State] Opening the lock mechanism', '[State] Lock mechanism open', '[State] Closing the lock mechanism', '[State] Lock mechanism closed', '[State] Device state: Authenticated', '[State] Opening the lock mechanism', '[State] Lock mechanism open', '[State] Closing the lock mechanism', '[State] Lock mechanism closed', '[State] Device state: Authenticated', '[State] Opening the lock mechanism', '[State] Lock mechanism open', '[State] Closing the lock mechanism', '[State] Lock mechanism closed', '[State] Device state: Authenticated', '[State] Opening the lock mechanism', '[State] Lock mechanism open', '[State] Closing the lock mechanism', '[State] Lock mechanism closed', '[State] Device state: Authenticated', '[State] Opening the lock mechanism', '[State] Lock mechanism open', '[State] Closing the lock mechanism', '[State] Lock mechanism closed')
2025-04-20 17:25:46,510 - INFO - [STATE-EXPLORATION] Strategy: close_without_auth | Sequence: [2]
2025-04-20 17:25:46,510 - INFO - [MUTATION] Mutation strategy for next input: explore_state_jump | Original: [1] | Mutated: [2]
2025-04-20 17:25:46,510 - INFO - ------------------------------------------------------------
2025-04-20 17:25:46,510 - INFO - 
[>] Sending command: [2]
2025-04-20 17:25:46,701 - INFO - [<] Received response: [0]
2025-04-20 17:25:48,704 - INFO - [State] Device state: Authenticated
2025-04-20 17:25:48,704 - INFO - [State] Closing the lock mechanism
2025-04-20 17:25:48,704 - INFO - [State] Lock mechanism closed
2025-04-20 17:25:48,704 - INFO - [State] Device state: Authenticated
2025-04-20 17:25:48,704 - INFO - [State] Opening the lock mechanism
2025-04-20 17:25:48,704 - INFO - [State] Lock mechanism open
2025-04-20 17:25:48,704 - INFO - [State] Closing the lock mechanism
2025-04-20 17:25:48,704 - INFO - [State] Lock mechanism closed
2025-04-20 17:25:48,704 - INFO - [State] Device state: Authenticated
2025-04-20 17:25:48,704 - INFO - [State] Opening the lock mechanism
2025-04-20 17:25:48,704 - INFO - [State] Lock mechanism open
2025-04-20 17:25:48,704 - INFO - [State] Closing the lock mechanism
2025-04-20 17:25:48,704 - INFO - [State] Lock mechanism closed
2025-04-20 17:25:48,704 - INFO - [State] Device state: Authenticated
2025-04-20 17:25:48,704 - INFO - [State] Opening the lock mechanism
2025-04-20 17:25:48,704 - INFO - [State] Lock mechanism open
2025-04-20 17:25:48,704 - INFO - [State] Closing the lock mechanism
2025-04-20 17:25:48,704 - INFO - [State] Lock mechanism closed
2025-04-20 17:25:48,704 - INFO - [State] Device state: Authenticated
2025-04-20 17:25:48,704 - INFO - [State] Opening the lock mechanism
2025-04-20 17:25:48,704 - INFO - [State] Lock mechanism open
2025-04-20 17:25:48,704 - INFO - [State] Closing the lock mechanism
2025-04-20 17:25:48,704 - INFO - [State] Lock mechanism closed
2025-04-20 17:25:48,704 - INFO - [State] Device state: Authenticated
2025-04-20 17:25:48,704 - INFO - [State] Opening the lock mechanism
2025-04-20 17:25:48,704 - INFO - [State] Lock mechanism open
2025-04-20 17:25:48,704 - INFO - [State] Closing the lock mechanism
2025-04-20 17:25:48,704 - INFO - [State] Lock mechanism closed
2025-04-20 17:25:48,704 - INFO - [State] Device state: Authenticated
2025-04-20 17:25:48,704 - INFO - [State] Opening the lock mechanism
2025-04-20 17:25:48,704 - INFO - [State] Lock mechanism open
2025-04-20 17:25:48,704 - INFO - [State] Closing the lock mechanism
2025-04-20 17:25:48,704 - INFO - [State] Lock mechanism closed
2025-04-20 17:25:48,704 - INFO - [State] Device state: Authenticated
2025-04-20 17:25:48,704 - INFO - [State] Opening the lock mechanism
2025-04-20 17:25:48,704 - INFO - [State] Lock mechanism open
2025-04-20 17:25:48,704 - INFO - [State] Closing the lock mechanism
2025-04-20 17:25:48,704 - INFO - [State] Lock mechanism closed
2025-04-20 17:25:48,704 - INFO - [State] Device state: Authenticated
2025-04-20 17:25:48,704 - INFO - [State] Opening the lock mechanism
2025-04-20 17:25:48,704 - INFO - [State] Lock mechanism open
2025-04-20 17:25:48,704 - INFO - [State] Closing the lock mechanism
2025-04-20 17:25:48,704 - INFO - [State] Lock mechanism closed
2025-04-20 17:25:48,704 - INFO - [State] Device state: Authenticated
2025-04-20 17:25:48,704 - INFO - [State] Opening the lock mechanism
2025-04-20 17:25:48,704 - INFO - [State] Lock mechanism open
2025-04-20 17:25:48,704 - INFO - [State] Closing the lock mechanism
2025-04-20 17:25:48,704 - INFO - [State] Lock mechanism closed
2025-04-20 17:25:48,704 - INFO - [{'from': 0, 'command': 'Authenticate', 'to': 2}, {'from': 2, 'command': 'Authenticate', 'to': 2}, {'from': 2, 'command': 'Authenticate', 'to': 2}, {'from': 2, 'command': 'Authenticate', 'to': 2}, {'from': 2, 'command': 'Authenticate', 'to': 2}, {'from': 2, 'command': 'Authenticate', 'to': 2}, {'from': 2, 'command': 'Authenticate', 'to': 2}, {'from': 2, 'command': 'Authenticate', 'to': 2}, {'from': 2, 'command': 'Authenticate', 'to': 2}, {'from': 2, 'command': 'Authenticate', 'to': 2}]
2025-04-20 17:25:48,704 - INFO - [INTERESTING] New path discovered: ('[State] Device state: Authenticated', '[State] Closing the lock mechanism', '[State] Lock mechanism closed', '[State] Device state: Authenticated', '[State] Opening the lock mechanism', '[State] Lock mechanism open', '[State] Closing the lock mechanism', '[State] Lock mechanism closed', '[State] Device state: Authenticated', '[State] Opening the lock mechanism', '[State] Lock mechanism open', '[State] Closing the lock mechanism', '[State] Lock mechanism closed', '[State] Device state: Authenticated', '[State] Opening the lock mechanism', '[State] Lock mechanism open', '[State] Closing the lock mechanism', '[State] Lock mechanism closed', '[State] Device state: Authenticated', '[State] Opening the lock mechanism', '[State] Lock mechanism open', '[State] Closing the lock mechanism', '[State] Lock mechanism closed', '[State] Device state: Authenticated', '[State] Opening the lock mechanism', '[State] Lock mechanism open', '[State] Closing the lock mechanism', '[State] Lock mechanism closed', '[State] Device state: Authenticated', '[State] Opening the lock mechanism', '[State] Lock mechanism open', '[State] Closing the lock mechanism', '[State] Lock mechanism closed', '[State] Device state: Authenticated', '[State] Opening the lock mechanism', '[State] Lock mechanism open', '[State] Closing the lock mechanism', '[State] Lock mechanism closed', '[State] Device state: Authenticated', '[State] Opening the lock mechanism', '[State] Lock mechanism open', '[State] Closing the lock mechanism', '[State] Lock mechanism closed', '[State] Device state: Authenticated', '[State] Opening the lock mechanism', '[State] Lock mechanism open', '[State] Closing the lock mechanism', '[State] Lock mechanism closed')
2025-04-20 17:25:48,704 - INFO - 
[Paths] 1 discovered. (Path=()) s=1, f=2.
2025-04-20 17:25:48,704 - INFO - [STATE-EXPLORATION] Strategy: partial_auth | Sequence: [0, 5, 73, 81, 39, 109, 243]
2025-04-20 17:25:48,704 - INFO - [MUTATION] Mutation strategy for next input: explore_state_jump | Original: [2] | Mutated: [0, 5, 73, 81, 39, 109, 243]
2025-04-20 17:25:48,704 - INFO - ------------------------------------------------------------
2025-04-20 17:25:48,704 - INFO - 
[>] Sending command: [0, 5, 73, 81, 39, 109, 243]
2025-04-20 17:25:50,008 - INFO - [STATE-EXPLORATION] Strategy: spam_auth | Sequence: [0, 1, 2, 3, 4, 5, 6, 0, 1, 2, 3, 4, 5, 6, 0, 1, 2, 3, 4, 5, 6, 0, 1, 2, 3, 4, 5, 6, 0, 1, 2, 3, 4, 5, 6]
2025-04-20 17:25:50,008 - INFO - [MUTATION] Mutation strategy for next input: explore_state_jump | Original: [2] | Mutated: [0, 1, 2, 3, 4, 5, 6, 0, 1, 2, 3, 4, 5, 6, 0, 1, 2, 3, 4, 5, 6, 0, 1, 2, 3, 4, 5, 6, 0, 1, 2, 3, 4, 5, 6]
2025-04-20 17:25:50,008 - INFO - ------------------------------------------------------------
2025-04-20 17:25:50,008 - INFO - 
[>] Sending command: [0, 1, 2, 3, 4, 5, 6, 0, 1, 2, 3, 4, 5, 6, 0, 1, 2, 3, 4, 5, 6, 0, 1, 2, 3, 4, 5, 6, 0, 1, 2, 3, 4, 5, 6]
2025-04-20 17:25:50,010 - INFO - [STATE-EXPLORATION] Strategy: spam_open_without_close | Sequence: [0, 1, 2, 3, 4, 5, 6, 1, 1, 1, 1, 1, 1, 1, 1, 1]
2025-04-20 17:25:50,010 - INFO - [MUTATION] Mutation strategy for next input: explore_state_jump | Original: [2] | Mutated: [0, 1, 2, 3, 4, 5, 6, 1, 1, 1, 1, 1, 1, 1, 1, 1]
2025-04-20 17:25:50,010 - INFO - ------------------------------------------------------------
2025-04-20 17:25:50,010 - INFO - 
[>] Sending command: [0, 1, 2, 3, 4, 5, 6, 1, 1, 1, 1, 1, 1, 1, 1, 1]
2025-04-20 17:25:50,011 - INFO - [STATE-EXPLORATION] Strategy: auth_open_unknown_close | Sequence: [0, 1, 2, 3, 4, 5, 6, 1, 187, 2]
2025-04-20 17:25:50,011 - INFO - [MUTATION] Mutation strategy for next input: explore_state_jump | Original: [2] | Mutated: [0, 1, 2, 3, 4, 5, 6, 1, 187, 2]
2025-04-20 17:25:50,012 - INFO - ------------------------------------------------------------
2025-04-20 17:25:50,012 - INFO - 
[>] Sending command: [0, 1, 2, 3, 4, 5, 6, 1, 187, 2]
2025-04-20 17:25:50,014 - INFO - 
[Paths] 2 discovered. (Path=()) s=2, f=4. (Path=('[State] Device state: Authenticated', '[State] Closing the lock mechanism', '[State] Lock mechanism closed', '[State] Device state: Authenticated', '[State] Opening the lock mechanism', '[State] Lock mechanism open', '[State] Closing the lock mechanism', '[State] Lock mechanism closed', '[State] Device state: Authenticated', '[State] Opening the lock mechanism', '[State] Lock mechanism open', '[State] Closing the lock mechanism', '[State] Lock mechanism closed', '[State] Device state: Authenticated', '[State] Opening the lock mechanism', '[State] Lock mechanism open', '[State] Closing the lock mechanism', '[State] Lock mechanism closed', '[State] Device state: Authenticated', '[State] Opening the lock mechanism', '[State] Lock mechanism open', '[State] Closing the lock mechanism', '[State] Lock mechanism closed', '[State] Device state: Authenticated', '[State] Opening the lock mechanism', '[State] Lock mechanism open', '[State] Closing the lock mechanism', '[State] Lock mechanism closed', '[State] Device state: Authenticated', '[State] Opening the lock mechanism', '[State] Lock mechanism open', '[State] Closing the lock mechanism', '[State] Lock mechanism closed', '[State] Device state: Authenticated', '[State] Opening the lock mechanism', '[State] Lock mechanism open', '[State] Closing the lock mechanism', '[State] Lock mechanism closed', '[State] Device state: Authenticated', '[State] Opening the lock mechanism', '[State] Lock mechanism open', '[State] Closing the lock mechanism', '[State] Lock mechanism closed')) s=0, f=1.
2025-04-20 17:25:50,014 - INFO - [STATE-EXPLORATION] Strategy: repeated_toggle | Sequence: [0, 1, 2, 3, 4, 5, 6, 2, 2, 2, 2, 1, 1, 1, 2, 1, 2, 2, 2, 2, 2, 2, 1, 2, 2, 1, 1]
2025-04-20 17:25:50,014 - INFO - [MUTATION] Mutation strategy for next input: explore_state_jump | Original: [1] | Mutated: [0, 1, 2, 3, 4, 5, 6, 2, 2, 2, 2, 1, 1, 1, 2, 1, 2, 2, 2, 2, 2, 2, 1, 2, 2, 1, 1]
2025-04-20 17:25:50,014 - INFO - ------------------------------------------------------------
2025-04-20 17:25:50,014 - INFO - 
[>] Sending command: [0, 1, 2, 3, 4, 5, 6, 2, 2, 2, 2, 1, 1, 1, 2, 1, 2, 2, 2, 2, 2, 2, 1, 2, 2, 1, 1]
2025-04-20 17:25:50,016 - INFO - [STATE-EXPLORATION] Strategy: unknown_before_auth | Sequence: [187, 0, 1, 2, 3, 4, 5, 6]
2025-04-20 17:25:50,016 - INFO - [MUTATION] Mutation strategy for next input: explore_state_jump | Original: [1] | Mutated: [187, 0, 1, 2, 3, 4, 5, 6]
2025-04-20 17:25:50,016 - INFO - ------------------------------------------------------------
2025-04-20 17:25:50,016 - INFO - 
[>] Sending command: [187, 0, 1, 2, 3, 4, 5, 6]
2025-04-20 17:25:50,019 - INFO - 
[Paths] 3 discovered. (Path=()) s=2, f=4. (Path=('[State] Device state: Authenticated', '[State] Closing the lock mechanism', '[State] Lock mechanism closed', '[State] Device state: Authenticated', '[State] Opening the lock mechanism', '[State] Lock mechanism open', '[State] Closing the lock mechanism', '[State] Lock mechanism closed', '[State] Device state: Authenticated', '[State] Opening the lock mechanism', '[State] Lock mechanism open', '[State] Closing the lock mechanism', '[State] Lock mechanism closed', '[State] Device state: Authenticated', '[State] Opening the lock mechanism', '[State] Lock mechanism open', '[State] Closing the lock mechanism', '[State] Lock mechanism closed', '[State] Device state: Authenticated', '[State] Opening the lock mechanism', '[State] Lock mechanism open', '[State] Closing the lock mechanism', '[State] Lock mechanism closed', '[State] Device state: Authenticated', '[State] Opening the lock mechanism', '[State] Lock mechanism open', '[State] Closing the lock mechanism', '[State] Lock mechanism closed', '[State] Device state: Authenticated', '[State] Opening the lock mechanism', '[State] Lock mechanism open', '[State] Closing the lock mechanism', '[State] Lock mechanism closed', '[State] Device state: Authenticated', '[State] Opening the lock mechanism', '[State] Lock mechanism open', '[State] Closing the lock mechanism', '[State] Lock mechanism closed', '[State] Device state: Authenticated', '[State] Opening the lock mechanism', '[State] Lock mechanism open', '[State] Closing the lock mechanism', '[State] Lock mechanism closed')) s=1, f=2. (Path=('[State] Device state: Authenticated', '[State] Closing the lock mechanism', '[State] Lock mechanism closed', '[State] Device state: Authenticated', '[State] Opening the lock mechanism', '[State] Lock mechanism open', '[State] Closing the lock mechanism', '[State] Lock mechanism closed', '[State] Device state: Authenticated', '[State] Opening the lock mechanism', '[State] Lock mechanism open', '[State] Closing the lock mechanism', '[State] Lock mechanism closed', '[State] Device state: Authenticated', '[State] Opening the lock mechanism', '[State] Lock mechanism open', '[State] Closing the lock mechanism', '[State] Lock mechanism closed', '[State] Device state: Authenticated', '[State] Opening the lock mechanism', '[State] Lock mechanism open', '[State] Closing the lock mechanism', '[State] Lock mechanism closed', '[State] Device state: Authenticated', '[State] Opening the lock mechanism', '[State] Lock mechanism open', '[State] Closing the lock mechanism', '[State] Lock mechanism closed', '[State] Device state: Authenticated', '[State] Opening the lock mechanism', '[State] Lock mechanism open', '[State] Closing the lock mechanism', '[State] Lock mechanism closed', '[State] Device state: Authenticated', '[State] Opening the lock mechanism', '[State] Lock mechanism open', '[State] Closing the lock mechanism', '[State] Lock mechanism closed', '[State] Device state: Authenticated', '[State] Opening the lock mechanism', '[State] Lock mechanism open', '[State] Closing the lock mechanism', '[State] Lock mechanism closed', '[State] Device state: Authenticated', '[State] Opening the lock mechanism', '[State] Lock mechanism open', '[State] Closing the lock mechanism', '[State] Lock mechanism closed')) s=0, f=1.
2025-04-20 17:25:50,020 - INFO - [STATE-EXPLORATION] Strategy: garbage_payload | Sequence: [22, 191, 38, 250, 86, 20, 239, 26, 48, 231, 70, 74, 46, 147, 171, 204, 119, 39, 13, 98, 36, 94, 151, 89, 0, 194, 22, 59, 143, 230, 154, 35, 66, 101, 0, 4, 45, 143, 150, 223, 1, 172, 32, 72, 81, 200, 170, 111, 65, 138, 192, 112, 48, 99, 182, 80, 197, 174, 113, 91, 2, 189, 221, 197, 223, 94, 71, 230, 197, 107, 134, 14, 241, 71, 163, 228, 83, 53, 195, 144, 142, 216, 219, 125, 54, 88, 210, 197, 237, 35, 107, 202, 124, 112, 68, 30, 68, 174, 62, 173, 11, 170, 140, 206, 104, 100, 141, 65, 236, 217, 210, 121, 59, 182, 88, 42, 67, 45, 43, 197, 35, 156, 48, 179, 85, 242, 174, 96, 159, 194, 81, 78, 213, 129, 73, 113, 150, 109, 178, 125, 100, 88, 141, 97, 14, 226, 240, 11, 31, 83, 115, 76, 159, 69, 130, 73, 96, 26, 255, 170, 206, 50, 130, 250, 130, 81, 226, 200, 248, 227, 205, 55, 80, 110, 62, 35, 20, 248, 195, 112, 153, 102, 100, 207, 150, 111, 62, 64, 76, 37, 237, 126, 220, 15, 62, 102, 180, 85, 216, 170, 97, 50, 54, 147, 137, 179, 20, 75, 102, 173, 138, 7, 88, 57, 209, 154, 42, 203, 140, 56, 155, 42, 115, 197, 82, 163, 199, 131, 223, 116, 94, 97, 140, 146, 48, 19, 76, 57, 177, 101, 68, 59, 78, 8, 46, 122, 140, 212, 121, 187, 204, 125, 118, 54, 16, 69, 45, 129, 130, 179, 160, 40, 216, 22, 182, 233, 147, 184, 27, 20, 7, 100, 72, 33, 45, 215, 102, 161, 24, 111, 48, 167, 50, 0, 176, 171, 102, 172, 67, 36, 193, 235, 207, 198, 150, 44, 64, 206, 132, 228, 136, 171, 205, 62, 95, 90, 219, 107, 66, 98, 102, 107, 141, 43, 198, 215, 14, 118, 247, 145, 115, 181, 180, 12, 159, 119, 192, 7, 122, 226, 193, 154, 197, 78, 228, 132, 90, 120, 150, 235, 243, 40, 150, 123, 148, 114, 214, 251, 156, 165, 64, 15, 222, 29, 222, 169, 37, 4, 245, 134, 130, 138, 92, 139, 155, 159, 141, 40, 66, 166, 138, 182, 110, 58, 219, 82, 211, 130, 180, 237, 228, 206, 173, 188, 38, 175, 105, 13, 130, 243, 161, 235, 96, 135, 209, 44, 19, 158, 27, 137, 105, 120, 62, 41, 192, 180, 246, 244, 84, 253, 71, 38, 163, 72, 70, 29, 32, 173, 201, 90, 92, 73, 189, 113, 56, 93, 172, 111, 199, 184, 64, 35, 20, 159, 139, 96, 85, 54, 121, 173, 202, 207, 72, 187, 178, 134, 130, 165, 233, 236, 89, 77, 129, 173, 143, 197, 89, 58, 137, 212, 70, 251, 79, 210, 167, 130, 74, 154, 156, 183, 174, 176, 90, 188, 66, 105, 0, 68, 95, 251, 36, 203, 49, 187, 118, 241, 204, 153, 168, 106, 75, 221, 168, 45, 114, 164, 253, 130, 255, 72, 82, 184, 230, 160, 106, 119, 162, 39, 57, 36, 2, 114, 25, 35, 107, 189, 152, 238, 235, 126, 63, 167, 196, 160, 20, 245, 111, 224, 244, 124, 21, 77, 182, 199, 45, 180, 98, 211, 44, 203, 141, 71, 234, 164, 143, 141, 100, 65, 247, 47, 27, 160, 244, 225, 12, 28, 61, 62, 138, 211, 91, 101, 241, 252, 134, 210, 240, 16, 196, 60, 25, 81, 194, 46, 209, 217, 102, 181, 237, 84, 75, 165, 127, 93, 184, 184, 245, 223, 223, 227, 27, 233, 160, 229, 30, 229, 84, 231, 126, 73, 121, 71, 57, 23, 45, 251, 97, 164, 126, 33, 65, 139, 118, 216, 136, 121, 50, 117, 8, 19, 4, 1, 120, 59, 245, 20, 127, 206, 245, 239, 82, 140, 48, 47, 106, 143, 176, 35, 76, 123, 12, 14, 160, 182, 27, 123, 128, 107, 152, 198, 42, 72, 106, 126, 42, 208, 254, 55, 239, 175, 176, 80, 158, 89, 220, 49, 140, 116, 128, 146, 250, 245, 155, 103, 225, 59, 236, 65, 13, 125, 49, 70, 180, 161, 242, 225, 27, 210, 129, 30, 22, 61, 163, 102, 70, 140, 128, 74, 46, 180, 188, 168, 131, 45, 111, 184, 94, 32, 25, 71, 204, 225, 14, 172, 63, 60, 83, 213, 176, 48, 121, 246, 17, 222, 101, 130, 59, 52, 64, 13, 178, 106, 214, 161, 206, 253, 198, 153, 68, 25, 139, 100, 87, 242, 17, 93, 70, 49, 38, 6, 71, 112, 29, 140, 58, 113, 142, 100, 228, 138, 109, 92, 64, 32, 45, 254, 37, 0, 246, 109, 147, 204, 62, 123, 46, 134, 215, 152, 55, 29, 249, 57, 164, 63, 190, 69, 145, 59, 147, 232, 63, 119, 50, 225, 186, 170, 46, 165, 73, 49, 87, 249, 195, 8, 48, 228, 126, 76, 229, 165, 14, 170, 153, 67, 4, 68, 101, 148, 90, 34, 202, 39, 58, 89, 24, 58, 85, 205, 149, 180, 121, 80, 210, 42, 115, 56, 46, 208, 48, 148, 216, 194, 199, 80, 100, 52, 61, 137, 226, 154, 16, 223, 59, 84, 69, 248, 101, 77, 121, 177, 254, 29, 22, 56, 76, 207, 75, 49, 236, 253, 145, 235, 72, 35, 220, 0, 48, 181, 58, 7, 148, 8, 63, 51, 35, 33, 131, 154, 69, 250, 134, 245, 101, 90, 10, 42, 124, 85, 152, 172, 109, 126, 237, 193, 102, 2, 176, 173, 105, 212, 82, 109, 171, 170, 164, 33, 90, 72, 37, 61, 80, 51, 244, 28, 209, 253, 190, 0, 244, 235, 19, 19, 205, 231, 182, 1, 244, 13, 30, 2, 169, 152, 181, 24, 173, 183, 226, 124, 117, 47, 50, 192, 16, 174, 250, 84, 20, 131, 174, 160, 8, 170, 98, 146, 19, 215, 82, 106, 45, 157, 33, 63, 56, 198, 205, 100, 175, 166, 223, 3, 23, 63, 252, 202, 25, 235, 215, 12, 190, 95, 12, 95, 174, 67, 61, 160, 5, 195, 45, 30]
2025-04-20 17:25:50,021 - INFO - [MUTATION] Mutation strategy for next input: explore_state_jump | Original: [2] | Mutated: [22, 191, 38, 250, 86, 20, 239, 26, 48, 231, 70, 74, 46, 147, 171, 204, 119, 39, 13, 98, 36, 94, 151, 89, 0, 194, 22, 59, 143, 230, 154, 35, 66, 101, 0, 4, 45, 143, 150, 223, 1, 172, 32, 72, 81, 200, 170, 111, 65, 138, 192, 112, 48, 99, 182, 80, 197, 174, 113, 91, 2, 189, 221, 197, 223, 94, 71, 230, 197, 107, 134, 14, 241, 71, 163, 228, 83, 53, 195, 144, 142, 216, 219, 125, 54, 88, 210, 197, 237, 35, 107, 202, 124, 112, 68, 30, 68, 174, 62, 173, 11, 170, 140, 206, 104, 100, 141, 65, 236, 217, 210, 121, 59, 182, 88, 42, 67, 45, 43, 197, 35, 156, 48, 179, 85, 242, 174, 96, 159, 194, 81, 78, 213, 129, 73, 113, 150, 109, 178, 125, 100, 88, 141, 97, 14, 226, 240, 11, 31, 83, 115, 76, 159, 69, 130, 73, 96, 26, 255, 170, 206, 50, 130, 250, 130, 81, 226, 200, 248, 227, 205, 55, 80, 110, 62, 35, 20, 248, 195, 112, 153, 102, 100, 207, 150, 111, 62, 64, 76, 37, 237, 126, 220, 15, 62, 102, 180, 85, 216, 170, 97, 50, 54, 147, 137, 179, 20, 75, 102, 173, 138, 7, 88, 57, 209, 154, 42, 203, 140, 56, 155, 42, 115, 197, 82, 163, 199, 131, 223, 116, 94, 97, 140, 146, 48, 19, 76, 57, 177, 101, 68, 59, 78, 8, 46, 122, 140, 212, 121, 187, 204, 125, 118, 54, 16, 69, 45, 129, 130, 179, 160, 40, 216, 22, 182, 233, 147, 184, 27, 20, 7, 100, 72, 33, 45, 215, 102, 161, 24, 111, 48, 167, 50, 0, 176, 171, 102, 172, 67, 36, 193, 235, 207, 198, 150, 44, 64, 206, 132, 228, 136, 171, 205, 62, 95, 90, 219, 107, 66, 98, 102, 107, 141, 43, 198, 215, 14, 118, 247, 145, 115, 181, 180, 12, 159, 119, 192, 7, 122, 226, 193, 154, 197, 78, 228, 132, 90, 120, 150, 235, 243, 40, 150, 123, 148, 114, 214, 251, 156, 165, 64, 15, 222, 29, 222, 169, 37, 4, 245, 134, 130, 138, 92, 139, 155, 159, 141, 40, 66, 166, 138, 182, 110, 58, 219, 82, 211, 130, 180, 237, 228, 206, 173, 188, 38, 175, 105, 13, 130, 243, 161, 235, 96, 135, 209, 44, 19, 158, 27, 137, 105, 120, 62, 41, 192, 180, 246, 244, 84, 253, 71, 38, 163, 72, 70, 29, 32, 173, 201, 90, 92, 73, 189, 113, 56, 93, 172, 111, 199, 184, 64, 35, 20, 159, 139, 96, 85, 54, 121, 173, 202, 207, 72, 187, 178, 134, 130, 165, 233, 236, 89, 77, 129, 173, 143, 197, 89, 58, 137, 212, 70, 251, 79, 210, 167, 130, 74, 154, 156, 183, 174, 176, 90, 188, 66, 105, 0, 68, 95, 251, 36, 203, 49, 187, 118, 241, 204, 153, 168, 106, 75, 221, 168, 45, 114, 164, 253, 130, 255, 72, 82, 184, 230, 160, 106, 119, 162, 39, 57, 36, 2, 114, 25, 35, 107, 189, 152, 238, 235, 126, 63, 167, 196, 160, 20, 245, 111, 224, 244, 124, 21, 77, 182, 199, 45, 180, 98, 211, 44, 203, 141, 71, 234, 164, 143, 141, 100, 65, 247, 47, 27, 160, 244, 225, 12, 28, 61, 62, 138, 211, 91, 101, 241, 252, 134, 210, 240, 16, 196, 60, 25, 81, 194, 46, 209, 217, 102, 181, 237, 84, 75, 165, 127, 93, 184, 184, 245, 223, 223, 227, 27, 233, 160, 229, 30, 229, 84, 231, 126, 73, 121, 71, 57, 23, 45, 251, 97, 164, 126, 33, 65, 139, 118, 216, 136, 121, 50, 117, 8, 19, 4, 1, 120, 59, 245, 20, 127, 206, 245, 239, 82, 140, 48, 47, 106, 143, 176, 35, 76, 123, 12, 14, 160, 182, 27, 123, 128, 107, 152, 198, 42, 72, 106, 126, 42, 208, 254, 55, 239, 175, 176, 80, 158, 89, 220, 49, 140, 116, 128, 146, 250, 245, 155, 103, 225, 59, 236, 65, 13, 125, 49, 70, 180, 161, 242, 225, 27, 210, 129, 30, 22, 61, 163, 102, 70, 140, 128, 74, 46, 180, 188, 168, 131, 45, 111, 184, 94, 32, 25, 71, 204, 225, 14, 172, 63, 60, 83, 213, 176, 48, 121, 246, 17, 222, 101, 130, 59, 52, 64, 13, 178, 106, 214, 161, 206, 253, 198, 153, 68, 25, 139, 100, 87, 242, 17, 93, 70, 49, 38, 6, 71, 112, 29, 140, 58, 113, 142, 100, 228, 138, 109, 92, 64, 32, 45, 254, 37, 0, 246, 109, 147, 204, 62, 123, 46, 134, 215, 152, 55, 29, 249, 57, 164, 63, 190, 69, 145, 59, 147, 232, 63, 119, 50, 225, 186, 170, 46, 165, 73, 49, 87, 249, 195, 8, 48, 228, 126, 76, 229, 165, 14, 170, 153, 67, 4, 68, 101, 148, 90, 34, 202, 39, 58, 89, 24, 58, 85, 205, 149, 180, 121, 80, 210, 42, 115, 56, 46, 208, 48, 148, 216, 194, 199, 80, 100, 52, 61, 137, 226, 154, 16, 223, 59, 84, 69, 248, 101, 77, 121, 177, 254, 29, 22, 56, 76, 207, 75, 49, 236, 253, 145, 235, 72, 35, 220, 0, 48, 181, 58, 7, 148, 8, 63, 51, 35, 33, 131, 154, 69, 250, 134, 245, 101, 90, 10, 42, 124, 85, 152, 172, 109, 126, 237, 193, 102, 2, 176, 173, 105, 212, 82, 109, 171, 170, 164, 33, 90, 72, 37, 61, 80, 51, 244, 28, 209, 253, 190, 0, 244, 235, 19, 19, 205, 231, 182, 1, 244, 13, 30, 2, 169, 152, 181, 24, 173, 183, 226, 124, 117, 47, 50, 192, 16, 174, 250, 84, 20, 131, 174, 160, 8, 170, 98, 146, 19, 215, 82, 106, 45, 157, 33, 63, 56, 198, 205, 100, 175, 166, 223, 3, 23, 63, 252, 202, 25, 235, 215, 12, 190, 95, 12, 95, 174, 67, 61, 160, 5, 195, 45, 30]
2025-04-20 17:25:50,021 - INFO - ------------------------------------------------------------
2025-04-20 17:25:50,021 - INFO - 
[>] Sending command: [22, 191, 38, 250, 86, 20, 239, 26, 48, 231, 70, 74, 46, 147, 171, 204, 119, 39, 13, 98, 36, 94, 151, 89, 0, 194, 22, 59, 143, 230, 154, 35, 66, 101, 0, 4, 45, 143, 150, 223, 1, 172, 32, 72, 81, 200, 170, 111, 65, 138, 192, 112, 48, 99, 182, 80, 197, 174, 113, 91, 2, 189, 221, 197, 223, 94, 71, 230, 197, 107, 134, 14, 241, 71, 163, 228, 83, 53, 195, 144, 142, 216, 219, 125, 54, 88, 210, 197, 237, 35, 107, 202, 124, 112, 68, 30, 68, 174, 62, 173, 11, 170, 140, 206, 104, 100, 141, 65, 236, 217, 210, 121, 59, 182, 88, 42, 67, 45, 43, 197, 35, 156, 48, 179, 85, 242, 174, 96, 159, 194, 81, 78, 213, 129, 73, 113, 150, 109, 178, 125, 100, 88, 141, 97, 14, 226, 240, 11, 31, 83, 115, 76, 159, 69, 130, 73, 96, 26, 255, 170, 206, 50, 130, 250, 130, 81, 226, 200, 248, 227, 205, 55, 80, 110, 62, 35, 20, 248, 195, 112, 153, 102, 100, 207, 150, 111, 62, 64, 76, 37, 237, 126, 220, 15, 62, 102, 180, 85, 216, 170, 97, 50, 54, 147, 137, 179, 20, 75, 102, 173, 138, 7, 88, 57, 209, 154, 42, 203, 140, 56, 155, 42, 115, 197, 82, 163, 199, 131, 223, 116, 94, 97, 140, 146, 48, 19, 76, 57, 177, 101, 68, 59, 78, 8, 46, 122, 140, 212, 121, 187, 204, 125, 118, 54, 16, 69, 45, 129, 130, 179, 160, 40, 216, 22, 182, 233, 147, 184, 27, 20, 7, 100, 72, 33, 45, 215, 102, 161, 24, 111, 48, 167, 50, 0, 176, 171, 102, 172, 67, 36, 193, 235, 207, 198, 150, 44, 64, 206, 132, 228, 136, 171, 205, 62, 95, 90, 219, 107, 66, 98, 102, 107, 141, 43, 198, 215, 14, 118, 247, 145, 115, 181, 180, 12, 159, 119, 192, 7, 122, 226, 193, 154, 197, 78, 228, 132, 90, 120, 150, 235, 243, 40, 150, 123, 148, 114, 214, 251, 156, 165, 64, 15, 222, 29, 222, 169, 37, 4, 245, 134, 130, 138, 92, 139, 155, 159, 141, 40, 66, 166, 138, 182, 110, 58, 219, 82, 211, 130, 180, 237, 228, 206, 173, 188, 38, 175, 105, 13, 130, 243, 161, 235, 96, 135, 209, 44, 19, 158, 27, 137, 105, 120, 62, 41, 192, 180, 246, 244, 84, 253, 71, 38, 163, 72, 70, 29, 32, 173, 201, 90, 92, 73, 189, 113, 56, 93, 172, 111, 199, 184, 64, 35, 20, 159, 139, 96, 85, 54, 121, 173, 202, 207, 72, 187, 178, 134, 130, 165, 233, 236, 89, 77, 129, 173, 143, 197, 89, 58, 137, 212, 70, 251, 79, 210, 167, 130, 74, 154, 156, 183, 174, 176, 90, 188, 66, 105, 0, 68, 95, 251, 36, 203, 49, 187, 118, 241, 204, 153, 168, 106, 75, 221, 168, 45, 114, 164, 253, 130, 255, 72, 82, 184, 230, 160, 106, 119, 162, 39, 57, 36, 2, 114, 25, 35, 107, 189, 152, 238, 235, 126, 63, 167, 196, 160, 20, 245, 111, 224, 244, 124, 21, 77, 182, 199, 45, 180, 98, 211, 44, 203, 141, 71, 234, 164, 143, 141, 100, 65, 247, 47, 27, 160, 244, 225, 12, 28, 61, 62, 138, 211, 91, 101, 241, 252, 134, 210, 240, 16, 196, 60, 25, 81, 194, 46, 209, 217, 102, 181, 237, 84, 75, 165, 127, 93, 184, 184, 245, 223, 223, 227, 27, 233, 160, 229, 30, 229, 84, 231, 126, 73, 121, 71, 57, 23, 45, 251, 97, 164, 126, 33, 65, 139, 118, 216, 136, 121, 50, 117, 8, 19, 4, 1, 120, 59, 245, 20, 127, 206, 245, 239, 82, 140, 48, 47, 106, 143, 176, 35, 76, 123, 12, 14, 160, 182, 27, 123, 128, 107, 152, 198, 42, 72, 106, 126, 42, 208, 254, 55, 239, 175, 176, 80, 158, 89, 220, 49, 140, 116, 128, 146, 250, 245, 155, 103, 225, 59, 236, 65, 13, 125, 49, 70, 180, 161, 242, 225, 27, 210, 129, 30, 22, 61, 163, 102, 70, 140, 128, 74, 46, 180, 188, 168, 131, 45, 111, 184, 94, 32, 25, 71, 204, 225, 14, 172, 63, 60, 83, 213, 176, 48, 121, 246, 17, 222, 101, 130, 59, 52, 64, 13, 178, 106, 214, 161, 206, 253, 198, 153, 68, 25, 139, 100, 87, 242, 17, 93, 70, 49, 38, 6, 71, 112, 29, 140, 58, 113, 142, 100, 228, 138, 109, 92, 64, 32, 45, 254, 37, 0, 246, 109, 147, 204, 62, 123, 46, 134, 215, 152, 55, 29, 249, 57, 164, 63, 190, 69, 145, 59, 147, 232, 63, 119, 50, 225, 186, 170, 46, 165, 73, 49, 87, 249, 195, 8, 48, 228, 126, 76, 229, 165, 14, 170, 153, 67, 4, 68, 101, 148, 90, 34, 202, 39, 58, 89, 24, 58, 85, 205, 149, 180, 121, 80, 210, 42, 115, 56, 46, 208, 48, 148, 216, 194, 199, 80, 100, 52, 61, 137, 226, 154, 16, 223, 59, 84, 69, 248, 101, 77, 121, 177, 254, 29, 22, 56, 76, 207, 75, 49, 236, 253, 145, 235, 72, 35, 220, 0, 48, 181, 58, 7, 148, 8, 63, 51, 35, 33, 131, 154, 69, 250, 134, 245, 101, 90, 10, 42, 124, 85, 152, 172, 109, 126, 237, 193, 102, 2, 176, 173, 105, 212, 82, 109, 171, 170, 164, 33, 90, 72, 37, 61, 80, 51, 244, 28, 209, 253, 190, 0, 244, 235, 19, 19, 205, 231, 182, 1, 244, 13, 30, 2, 169, 152, 181, 24, 173, 183, 226, 124, 117, 47, 50, 192, 16, 174, 250, 84, 20, 131, 174, 160, 8, 170, 98, 146, 19, 215, 82, 106, 45, 157, 33, 63, 56, 198, 205, 100, 175, 166, 223, 3, 23, 63, 252, 202, 25, 235, 215, 12, 190, 95, 12, 95, 174, 67, 61, 160, 5, 195, 45, 30]
2025-04-20 17:25:50,023 - INFO - [STATE-EXPLORATION] Strategy: empty_payload | Sequence: []
2025-04-20 17:25:50,024 - INFO - [MUTATION] Mutation strategy for next input: explore_state_jump | Original: [2] | Mutated: []
2025-04-20 17:25:50,024 - INFO - ------------------------------------------------------------
2025-04-20 17:25:50,024 - INFO - 
[>] Sending command: []
2025-04-20 17:25:50,140 - INFO - ['[Error] Code: 0x010203']
2025-04-20 17:25:50,140 - INFO - [1] Connecting to "Smart Lock [Group 10]"...
2025-04-20 17:25:52,007 - INFO - [2] Authenticating...
2025-04-20 17:25:54,049 - INFO - Sent AUTH+PASSCODE: [0, 1, 2, 3, 4, 5, 6]
2025-04-20 17:25:54,049 - INFO - Received response: [0]
2025-04-20 17:25:54,049 - INFO - [!] Authenticated!!!
2025-04-20 17:25:58,070 - INFO - 
[Paths] 1 discovered. (Path=()) s=0, f=1.
2025-04-20 17:25:58,070 - INFO - [STATE-EXPLORATION] Strategy: open_without_auth | Sequence: [1]
2025-04-20 17:25:58,070 - INFO - [MUTATION] Mutation strategy for next input: explore_state_jump | Original: [1] | Mutated: [1]
2025-04-20 17:25:58,070 - INFO - ------------------------------------------------------------
2025-04-20 17:25:58,070 - INFO - 
[>] Sending command: [1]
2025-04-20 17:25:58,244 - INFO - [<] Received response: [0]
2025-04-20 17:26:00,257 - INFO - [State] Device state: Authenticated
2025-04-20 17:26:00,257 - INFO - [State] Closing the lock mechanism
2025-04-20 17:26:00,257 - INFO - [State] Lock mechanism closed
2025-04-20 17:26:00,257 - INFO - [State] Device state: Authenticated
2025-04-20 17:26:00,257 - INFO - [State] Opening the lock mechanism
2025-04-20 17:26:00,257 - INFO - [State] Lock mechanism open
2025-04-20 17:26:00,257 - INFO - [State] Closing the lock mechanism
2025-04-20 17:26:00,257 - INFO - [State] Lock mechanism closed
2025-04-20 17:26:00,257 - INFO - [State] Device state: Authenticated
2025-04-20 17:26:00,257 - INFO - [State] Opening the lock mechanism
2025-04-20 17:26:00,257 - INFO - [State] Lock mechanism open
2025-04-20 17:26:00,257 - INFO - [State] Closing the lock mechanism
2025-04-20 17:26:00,257 - INFO - [State] Lock mechanism closed
2025-04-20 17:26:00,257 - INFO - [State] Device state: Authenticated
2025-04-20 17:26:00,257 - INFO - [State] Opening the lock mechanism
2025-04-20 17:26:00,259 - INFO - [State] Lock mechanism open
2025-04-20 17:26:00,259 - INFO - [State] Closing the lock mechanism
2025-04-20 17:26:00,259 - INFO - [State] Lock mechanism closed
2025-04-20 17:26:00,259 - INFO - [State] Device state: Authenticated
2025-04-20 17:26:00,259 - INFO - [State] Opening the lock mechanism
2025-04-20 17:26:00,259 - INFO - [State] Lock mechanism open
2025-04-20 17:26:00,259 - INFO - [State] Closing the lock mechanism
2025-04-20 17:26:00,259 - INFO - [State] Lock mechanism closed
2025-04-20 17:26:00,259 - INFO - [State] Device state: Authenticated
2025-04-20 17:26:00,259 - INFO - [State] Opening the lock mechanism
2025-04-20 17:26:00,259 - INFO - [State] Lock mechanism open
2025-04-20 17:26:00,259 - INFO - [State] Closing the lock mechanism
2025-04-20 17:26:00,259 - INFO - [State] Lock mechanism closed
2025-04-20 17:26:00,259 - INFO - [State] Device state: Authenticated
2025-04-20 17:26:00,259 - INFO - [State] Opening the lock mechanism
2025-04-20 17:26:00,259 - INFO - [State] Lock mechanism open
2025-04-20 17:26:00,259 - INFO - [State] Closing the lock mechanism
2025-04-20 17:26:00,259 - INFO - [State] Lock mechanism closed
2025-04-20 17:26:00,259 - INFO - [State] Device state: Authenticated
2025-04-20 17:26:00,259 - INFO - [State] Opening the lock mechanism
2025-04-20 17:26:00,259 - INFO - [State] Lock mechanism open
2025-04-20 17:26:00,259 - INFO - [State] Closing the lock mechanism
2025-04-20 17:26:00,259 - INFO - [State] Lock mechanism closed
2025-04-20 17:26:00,259 - INFO - [State] Device state: Authenticated
2025-04-20 17:26:00,259 - INFO - [State] Opening the lock mechanism
2025-04-20 17:26:00,259 - INFO - [State] Lock mechanism open
2025-04-20 17:26:00,259 - INFO - [State] Closing the lock mechanism
2025-04-20 17:26:00,259 - INFO - [State] Lock mechanism closed
2025-04-20 17:26:00,259 - INFO - [State] Device state: Authenticated
2025-04-20 17:26:00,259 - INFO - [State] Opening the lock mechanism
2025-04-20 17:26:00,259 - INFO - [State] Lock mechanism open
2025-04-20 17:26:00,261 - INFO - [State] Closing the lock mechanism
2025-04-20 17:26:00,261 - INFO - [State] Lock mechanism closed
2025-04-20 17:26:00,263 - INFO - [{'from': 0, 'command': 'Authenticate', 'to': 2}, {'from': 2, 'command': 'Authenticate', 'to': 2}, {'from': 2, 'command': 'Authenticate', 'to': 2}, {'from': 2, 'command': 'Authenticate', 'to': 2}, {'from': 2, 'command': 'Authenticate', 'to': 2}, {'from': 2, 'command': 'Authenticate', 'to': 2}, {'from': 2, 'command': 'Authenticate', 'to': 2}, {'from': 2, 'command': 'Authenticate', 'to': 2}, {'from': 2, 'command': 'Authenticate', 'to': 2}, {'from': 2, 'command': 'Authenticate', 'to': 2}]
2025-04-20 17:26:00,263 - INFO - [INTERESTING] New path discovered: ('[State] Device state: Authenticated', '[State] Closing the lock mechanism', '[State] Lock mechanism closed', '[State] Device state: Authenticated', '[State] Opening the lock mechanism', '[State] Lock mechanism open', '[State] Closing the lock mechanism', '[State] Lock mechanism closed', '[State] Device state: Authenticated', '[State] Opening the lock mechanism', '[State] Lock mechanism open', '[State] Closing the lock mechanism', '[State] Lock mechanism closed', '[State] Device state: Authenticated', '[State] Opening the lock mechanism', '[State] Lock mechanism open', '[State] Closing the lock mechanism', '[State] Lock mechanism closed', '[State] Device state: Authenticated', '[State] Opening the lock mechanism', '[State] Lock mechanism open', '[State] Closing the lock mechanism', '[State] Lock mechanism closed', '[State] Device state: Authenticated', '[State] Opening the lock mechanism', '[State] Lock mechanism open', '[State] Closing the lock mechanism', '[State] Lock mechanism closed', '[State] Device state: Authenticated', '[State] Opening the lock mechanism', '[State] Lock mechanism open', '[State] Closing the lock mechanism', '[State] Lock mechanism closed', '[State] Device state: Authenticated', '[State] Opening the lock mechanism', '[State] Lock mechanism open', '[State] Closing the lock mechanism', '[State] Lock mechanism closed', '[State] Device state: Authenticated', '[State] Opening the lock mechanism', '[State] Lock mechanism open', '[State] Closing the lock mechanism', '[State] Lock mechanism closed', '[State] Device state: Authenticated', '[State] Opening the lock mechanism', '[State] Lock mechanism open', '[State] Closing the lock mechanism', '[State] Lock mechanism closed')
2025-04-20 17:26:00,263 - INFO - [STATE-EXPLORATION] Strategy: close_without_auth | Sequence: [2]
2025-04-20 17:26:00,263 - INFO - [MUTATION] Mutation strategy for next input: explore_state_jump | Original: [1] | Mutated: [2]
2025-04-20 17:26:00,263 - INFO - ------------------------------------------------------------
2025-04-20 17:26:00,263 - INFO - 
[>] Sending command: [2]
2025-04-20 17:26:00,437 - INFO - [<] Received response: [0]
2025-04-20 17:26:02,441 - INFO - [State] Device state: Authenticated
2025-04-20 17:26:02,441 - INFO - [State] Closing the lock mechanism
2025-04-20 17:26:02,441 - INFO - [State] Lock mechanism closed
2025-04-20 17:26:02,441 - INFO - [State] Device state: Authenticated
2025-04-20 17:26:02,441 - INFO - [State] Opening the lock mechanism
2025-04-20 17:26:02,441 - INFO - [State] Lock mechanism open
2025-04-20 17:26:02,441 - INFO - [State] Closing the lock mechanism
2025-04-20 17:26:02,441 - INFO - [State] Lock mechanism closed
2025-04-20 17:26:02,441 - INFO - [State] Device state: Authenticated
2025-04-20 17:26:02,441 - INFO - [State] Opening the lock mechanism
2025-04-20 17:26:02,443 - INFO - [State] Lock mechanism open
2025-04-20 17:26:02,443 - INFO - [State] Closing the lock mechanism
2025-04-20 17:26:02,443 - INFO - [State] Lock mechanism closed
2025-04-20 17:26:02,443 - INFO - [State] Device state: Authenticated
2025-04-20 17:26:02,443 - INFO - [State] Opening the lock mechanism
2025-04-20 17:26:02,443 - INFO - [State] Lock mechanism open
2025-04-20 17:26:02,443 - INFO - [State] Closing the lock mechanism
2025-04-20 17:26:02,443 - INFO - [State] Lock mechanism closed
2025-04-20 17:26:02,443 - INFO - [State] Device state: Authenticated
2025-04-20 17:26:02,443 - INFO - [State] Opening the lock mechanism
2025-04-20 17:26:02,443 - INFO - [State] Lock mechanism open
2025-04-20 17:26:02,443 - INFO - [State] Closing the lock mechanism
2025-04-20 17:26:02,443 - INFO - [State] Lock mechanism closed
2025-04-20 17:26:02,443 - INFO - [State] Device state: Authenticated
2025-04-20 17:26:02,443 - INFO - [State] Opening the lock mechanism
2025-04-20 17:26:02,443 - INFO - [State] Lock mechanism open
2025-04-20 17:26:02,443 - INFO - [State] Closing the lock mechanism
2025-04-20 17:26:02,443 - INFO - [State] Lock mechanism closed
2025-04-20 17:26:02,443 - INFO - [State] Device state: Authenticated
2025-04-20 17:26:02,443 - INFO - [State] Opening the lock mechanism
2025-04-20 17:26:02,443 - INFO - [State] Lock mechanism open
2025-04-20 17:26:02,443 - INFO - [State] Closing the lock mechanism
2025-04-20 17:26:02,443 - INFO - [State] Lock mechanism closed
2025-04-20 17:26:02,443 - INFO - [State] Device state: Authenticated
2025-04-20 17:26:02,443 - INFO - [State] Opening the lock mechanism
2025-04-20 17:26:02,443 - INFO - [State] Lock mechanism open
2025-04-20 17:26:02,443 - INFO - [State] Closing the lock mechanism
2025-04-20 17:26:02,443 - INFO - [State] Lock mechanism closed
2025-04-20 17:26:02,443 - INFO - [State] Device state: Authenticated
2025-04-20 17:26:02,443 - INFO - [State] Opening the lock mechanism
2025-04-20 17:26:02,443 - INFO - [State] Lock mechanism open
2025-04-20 17:26:02,443 - INFO - [State] Closing the lock mechanism
2025-04-20 17:26:02,445 - INFO - [State] Lock mechanism closed
2025-04-20 17:26:02,445 - INFO - [State] Device state: Authenticated
2025-04-20 17:26:02,445 - INFO - [State] Opening the lock mechanism
2025-04-20 17:26:02,445 - INFO - [State] Lock mechanism open
2025-04-20 17:26:02,445 - INFO - [State] Closing the lock mechanism
2025-04-20 17:26:02,445 - INFO - [State] Lock mechanism closed
2025-04-20 17:26:02,445 - INFO - [State] Device state: Authenticated
2025-04-20 17:26:02,445 - INFO - [State] Opening the lock mechanism
2025-04-20 17:26:02,445 - INFO - [State] Lock mechanism open
2025-04-20 17:26:02,445 - INFO - [State] Closing the lock mechanism
2025-04-20 17:26:02,445 - INFO - [State] Lock mechanism closed
2025-04-20 17:26:02,447 - INFO - [{'from': 0, 'command': 'Authenticate', 'to': 2}, {'from': 2, 'command': 'Authenticate', 'to': 2}, {'from': 2, 'command': 'Authenticate', 'to': 2}, {'from': 2, 'command': 'Authenticate', 'to': 2}, {'from': 2, 'command': 'Authenticate', 'to': 2}, {'from': 2, 'command': 'Authenticate', 'to': 2}, {'from': 2, 'command': 'Authenticate', 'to': 2}, {'from': 2, 'command': 'Authenticate', 'to': 2}, {'from': 2, 'command': 'Authenticate', 'to': 2}, {'from': 2, 'command': 'Authenticate', 'to': 2}, {'from': 2, 'command': 'Authenticate', 'to': 2}]
2025-04-20 17:26:02,447 - INFO - [INTERESTING] New path discovered: ('[State] Device state: Authenticated', '[State] Closing the lock mechanism', '[State] Lock mechanism closed', '[State] Device state: Authenticated', '[State] Opening the lock mechanism', '[State] Lock mechanism open', '[State] Closing the lock mechanism', '[State] Lock mechanism closed', '[State] Device state: Authenticated', '[State] Opening the lock mechanism', '[State] Lock mechanism open', '[State] Closing the lock mechanism', '[State] Lock mechanism closed', '[State] Device state: Authenticated', '[State] Opening the lock mechanism', '[State] Lock mechanism open', '[State] Closing the lock mechanism', '[State] Lock mechanism closed', '[State] Device state: Authenticated', '[State] Opening the lock mechanism', '[State] Lock mechanism open', '[State] Closing the lock mechanism', '[State] Lock mechanism closed', '[State] Device state: Authenticated', '[State] Opening the lock mechanism', '[State] Lock mechanism open', '[State] Closing the lock mechanism', '[State] Lock mechanism closed', '[State] Device state: Authenticated', '[State] Opening the lock mechanism', '[State] Lock mechanism open', '[State] Closing the lock mechanism', '[State] Lock mechanism closed', '[State] Device state: Authenticated', '[State] Opening the lock mechanism', '[State] Lock mechanism open', '[State] Closing the lock mechanism', '[State] Lock mechanism closed', '[State] Device state: Authenticated', '[State] Opening the lock mechanism', '[State] Lock mechanism open', '[State] Closing the lock mechanism', '[State] Lock mechanism closed', '[State] Device state: Authenticated', '[State] Opening the lock mechanism', '[State] Lock mechanism open', '[State] Closing the lock mechanism', '[State] Lock mechanism closed', '[State] Device state: Authenticated', '[State] Opening the lock mechanism', '[State] Lock mechanism open', '[State] Closing the lock mechanism', '[State] Lock mechanism closed')
2025-04-20 17:26:02,447 - INFO - 
[Paths] 1 discovered. (Path=()) s=1, f=2.
2025-04-20 17:26:02,447 - INFO - [STATE-EXPLORATION] Strategy: partial_auth | Sequence: [0, 29, 77, 152]
2025-04-20 17:26:02,447 - INFO - [MUTATION] Mutation strategy for next input: explore_state_jump | Original: [2] | Mutated: [0, 29, 77, 152]
2025-04-20 17:26:02,447 - INFO - ------------------------------------------------------------
2025-04-20 17:26:02,447 - INFO - 
[>] Sending command: [0, 29, 77, 152]
2025-04-20 17:26:03,742 - INFO - [STATE-EXPLORATION] Strategy: spam_auth | Sequence: [0, 1, 2, 3, 4, 5, 6, 0, 1, 2, 3, 4, 5, 6, 0, 1, 2, 3, 4, 5, 6, 0, 1, 2, 3, 4, 5, 6, 0, 1, 2, 3, 4, 5, 6]
2025-04-20 17:26:03,742 - INFO - [MUTATION] Mutation strategy for next input: explore_state_jump | Original: [2] | Mutated: [0, 1, 2, 3, 4, 5, 6, 0, 1, 2, 3, 4, 5, 6, 0, 1, 2, 3, 4, 5, 6, 0, 1, 2, 3, 4, 5, 6, 0, 1, 2, 3, 4, 5, 6]
2025-04-20 17:26:03,742 - INFO - ------------------------------------------------------------
2025-04-20 17:26:03,742 - INFO - 
[>] Sending command: [0, 1, 2, 3, 4, 5, 6, 0, 1, 2, 3, 4, 5, 6, 0, 1, 2, 3, 4, 5, 6, 0, 1, 2, 3, 4, 5, 6, 0, 1, 2, 3, 4, 5, 6]
2025-04-20 17:26:03,742 - INFO - [STATE-EXPLORATION] Strategy: spam_open_without_close | Sequence: [0, 1, 2, 3, 4, 5, 6, 1, 1, 1, 1, 1, 1, 1, 1]
2025-04-20 17:26:03,742 - INFO - [MUTATION] Mutation strategy for next input: explore_state_jump | Original: [2] | Mutated: [0, 1, 2, 3, 4, 5, 6, 1, 1, 1, 1, 1, 1, 1, 1]
2025-04-20 17:26:03,742 - INFO - ------------------------------------------------------------
2025-04-20 17:26:03,742 - INFO - 
[>] Sending command: [0, 1, 2, 3, 4, 5, 6, 1, 1, 1, 1, 1, 1, 1, 1]
2025-04-20 17:26:03,742 - INFO - [STATE-EXPLORATION] Strategy: auth_open_unknown_close | Sequence: [0, 1, 2, 3, 4, 5, 6, 1, 132, 2]
2025-04-20 17:26:03,742 - INFO - [MUTATION] Mutation strategy for next input: explore_state_jump | Original: [2] | Mutated: [0, 1, 2, 3, 4, 5, 6, 1, 132, 2]
2025-04-20 17:26:03,742 - INFO - ------------------------------------------------------------
2025-04-20 17:26:03,742 - INFO - 
[>] Sending command: [0, 1, 2, 3, 4, 5, 6, 1, 132, 2]
2025-04-20 17:26:03,742 - INFO - 
[Paths] 2 discovered. (Path=()) s=2, f=4. (Path=('[State] Device state: Authenticated', '[State] Closing the lock mechanism', '[State] Lock mechanism closed', '[State] Device state: Authenticated', '[State] Opening the lock mechanism', '[State] Lock mechanism open', '[State] Closing the lock mechanism', '[State] Lock mechanism closed', '[State] Device state: Authenticated', '[State] Opening the lock mechanism', '[State] Lock mechanism open', '[State] Closing the lock mechanism', '[State] Lock mechanism closed', '[State] Device state: Authenticated', '[State] Opening the lock mechanism', '[State] Lock mechanism open', '[State] Closing the lock mechanism', '[State] Lock mechanism closed', '[State] Device state: Authenticated', '[State] Opening the lock mechanism', '[State] Lock mechanism open', '[State] Closing the lock mechanism', '[State] Lock mechanism closed', '[State] Device state: Authenticated', '[State] Opening the lock mechanism', '[State] Lock mechanism open', '[State] Closing the lock mechanism', '[State] Lock mechanism closed', '[State] Device state: Authenticated', '[State] Opening the lock mechanism', '[State] Lock mechanism open', '[State] Closing the lock mechanism', '[State] Lock mechanism closed', '[State] Device state: Authenticated', '[State] Opening the lock mechanism', '[State] Lock mechanism open', '[State] Closing the lock mechanism', '[State] Lock mechanism closed', '[State] Device state: Authenticated', '[State] Opening the lock mechanism', '[State] Lock mechanism open', '[State] Closing the lock mechanism', '[State] Lock mechanism closed', '[State] Device state: Authenticated', '[State] Opening the lock mechanism', '[State] Lock mechanism open', '[State] Closing the lock mechanism', '[State] Lock mechanism closed')) s=0, f=1.
2025-04-20 17:26:03,742 - INFO - [STATE-EXPLORATION] Strategy: repeated_toggle | Sequence: [0, 1, 2, 3, 4, 5, 6, 1, 1, 2, 1, 2, 1, 2]
2025-04-20 17:26:03,742 - INFO - [MUTATION] Mutation strategy for next input: explore_state_jump | Original: [1] | Mutated: [0, 1, 2, 3, 4, 5, 6, 1, 1, 2, 1, 2, 1, 2]
2025-04-20 17:26:03,742 - INFO - ------------------------------------------------------------
2025-04-20 17:26:03,742 - INFO - 
[>] Sending command: [0, 1, 2, 3, 4, 5, 6, 1, 1, 2, 1, 2, 1, 2]
2025-04-20 17:26:03,742 - INFO - [STATE-EXPLORATION] Strategy: unknown_before_auth | Sequence: [132, 0, 1, 2, 3, 4, 5, 6]
2025-04-20 17:26:03,742 - INFO - [MUTATION] Mutation strategy for next input: explore_state_jump | Original: [1] | Mutated: [132, 0, 1, 2, 3, 4, 5, 6]
2025-04-20 17:26:03,742 - INFO - ------------------------------------------------------------
2025-04-20 17:26:03,742 - INFO - 
[>] Sending command: [132, 0, 1, 2, 3, 4, 5, 6]
2025-04-20 17:26:03,752 - INFO - 
[Paths] 3 discovered. (Path=()) s=2, f=4. (Path=('[State] Device state: Authenticated', '[State] Closing the lock mechanism', '[State] Lock mechanism closed', '[State] Device state: Authenticated', '[State] Opening the lock mechanism', '[State] Lock mechanism open', '[State] Closing the lock mechanism', '[State] Lock mechanism closed', '[State] Device state: Authenticated', '[State] Opening the lock mechanism', '[State] Lock mechanism open', '[State] Closing the lock mechanism', '[State] Lock mechanism closed', '[State] Device state: Authenticated', '[State] Opening the lock mechanism', '[State] Lock mechanism open', '[State] Closing the lock mechanism', '[State] Lock mechanism closed', '[State] Device state: Authenticated', '[State] Opening the lock mechanism', '[State] Lock mechanism open', '[State] Closing the lock mechanism', '[State] Lock mechanism closed', '[State] Device state: Authenticated', '[State] Opening the lock mechanism', '[State] Lock mechanism open', '[State] Closing the lock mechanism', '[State] Lock mechanism closed', '[State] Device state: Authenticated', '[State] Opening the lock mechanism', '[State] Lock mechanism open', '[State] Closing the lock mechanism', '[State] Lock mechanism closed', '[State] Device state: Authenticated', '[State] Opening the lock mechanism', '[State] Lock mechanism open', '[State] Closing the lock mechanism', '[State] Lock mechanism closed', '[State] Device state: Authenticated', '[State] Opening the lock mechanism', '[State] Lock mechanism open', '[State] Closing the lock mechanism', '[State] Lock mechanism closed', '[State] Device state: Authenticated', '[State] Opening the lock mechanism', '[State] Lock mechanism open', '[State] Closing the lock mechanism', '[State] Lock mechanism closed')) s=1, f=2. (Path=('[State] Device state: Authenticated', '[State] Closing the lock mechanism', '[State] Lock mechanism closed', '[State] Device state: Authenticated', '[State] Opening the lock mechanism', '[State] Lock mechanism open', '[State] Closing the lock mechanism', '[State] Lock mechanism closed', '[State] Device state: Authenticated', '[State] Opening the lock mechanism', '[State] Lock mechanism open', '[State] Closing the lock mechanism', '[State] Lock mechanism closed', '[State] Device state: Authenticated', '[State] Opening the lock mechanism', '[State] Lock mechanism open', '[State] Closing the lock mechanism', '[State] Lock mechanism closed', '[State] Device state: Authenticated', '[State] Opening the lock mechanism', '[State] Lock mechanism open', '[State] Closing the lock mechanism', '[State] Lock mechanism closed', '[State] Device state: Authenticated', '[State] Opening the lock mechanism', '[State] Lock mechanism open', '[State] Closing the lock mechanism', '[State] Lock mechanism closed', '[State] Device state: Authenticated', '[State] Opening the lock mechanism', '[State] Lock mechanism open', '[State] Closing the lock mechanism', '[State] Lock mechanism closed', '[State] Device state: Authenticated', '[State] Opening the lock mechanism', '[State] Lock mechanism open', '[State] Closing the lock mechanism', '[State] Lock mechanism closed', '[State] Device state: Authenticated', '[State] Opening the lock mechanism', '[State] Lock mechanism open', '[State] Closing the lock mechanism', '[State] Lock mechanism closed', '[State] Device state: Authenticated', '[State] Opening the lock mechanism', '[State] Lock mechanism open', '[State] Closing the lock mechanism', '[State] Lock mechanism closed', '[State] Device state: Authenticated', '[State] Opening the lock mechanism', '[State] Lock mechanism open', '[State] Closing the lock mechanism', '[State] Lock mechanism closed')) s=0, f=1.
2025-04-20 17:26:03,752 - INFO - [STATE-EXPLORATION] Strategy: garbage_payload | Sequence: [172, 166, 106, 53, 182, 88, 61, 80, 249, 65, 14, 24, 157, 199, 35, 58, 121, 122, 41, 30, 160, 252, 55, 216, 110, 116, 163, 185, 47, 105, 229, 68, 253, 167, 7, 167, 16, 141, 78, 131, 112, 2, 163, 245, 138, 16, 147, 249, 206, 216, 171, 213, 237, 15, 10, 240, 10, 213, 75, 168, 19, 68, 17, 209, 149, 96, 156, 141, 222, 68, 118, 206, 50, 244, 34, 228, 187, 52, 154, 6, 22, 66, 106, 50, 47, 223, 33, 230, 185, 47, 230, 208, 89, 2, 199, 119, 15, 134, 28, 228, 209, 60, 182, 3, 34, 42, 181, 52, 209, 174, 198, 158, 209, 183, 73, 118, 179, 192, 18, 36, 169, 93, 129, 184, 154, 68, 60, 193, 191, 247, 72, 61, 70, 159, 126, 57, 156, 177, 120, 218, 227, 244, 112, 249, 65, 202, 251, 180, 0, 24, 114, 140, 27, 122, 71, 59, 233, 134, 22, 63, 3, 214, 161, 105, 139, 183, 202, 88, 39, 81, 43, 131, 116, 6, 160, 12, 119, 148, 82, 255, 37, 44, 36, 222, 105, 161, 81, 142, 10, 233, 235, 106, 99, 195, 21, 68, 181, 136, 30, 210, 35, 75, 241, 22, 123, 210, 116, 56, 79, 186, 19, 62, 229, 48, 177, 108, 17, 193, 103, 221, 136, 227, 34, 202, 14, 165, 107, 177, 91, 195, 20, 66, 192, 105, 248, 20, 42, 206, 251, 165, 27, 197, 250, 244, 202, 126, 84, 52, 95, 31, 57, 74, 67, 209, 253, 59, 152, 68, 228, 126, 9, 224, 91, 211, 157, 101, 180, 219, 219, 210, 157, 92, 171, 152, 136, 88, 194, 220, 226, 67, 32, 110, 41, 43, 185, 213, 234, 134, 228, 107, 32, 230, 185, 90, 174, 189, 103, 96, 86, 5, 9, 176, 158, 248, 219, 8, 137, 26, 254, 95, 154, 19, 72, 77, 81, 187, 64, 234, 2, 105, 55, 199, 138, 82, 185, 55, 255, 12, 95, 1, 96, 107, 206, 204, 95, 47, 60, 127, 149, 132, 141, 223, 117, 31, 195, 109, 166, 165, 165, 227, 73, 133, 247, 21, 249, 225, 14, 154, 224, 42, 4, 243, 198, 111, 17, 188, 81, 18, 60, 201, 174, 112, 49, 117, 227, 92, 156, 190, 215, 112, 160, 92, 178, 74, 95, 6, 13, 65, 11, 29, 35, 92, 190, 118, 115, 106, 48, 161, 116, 156, 170, 177, 170, 121, 18, 77, 156, 208, 249, 61, 244, 100, 62, 23, 18, 184, 235, 60, 85, 5, 207, 68, 138, 155, 116, 248, 233, 115, 25, 112, 64, 216, 219, 88, 130, 150, 33, 67, 5, 137, 93, 111, 202, 37, 189, 174, 43, 205, 96, 105, 152, 204, 129, 12, 89, 187, 148, 11, 238, 24, 93, 245, 132, 248, 78, 69, 164, 142, 231, 59, 251, 60, 86, 220, 130, 127, 59, 110, 54, 113, 165, 95, 44, 210, 120, 154, 159, 89, 6, 225, 158, 15, 97, 30, 237, 115, 34, 77, 5, 192, 144, 81, 219, 104, 105, 133, 230, 253, 116, 45, 215, 145, 21, 10, 69, 248, 91, 3, 30, 36, 109, 110, 51, 19, 182, 8, 18, 168, 142, 160, 70, 226, 95, 40, 23, 112, 20, 207, 203, 230, 157, 124, 166, 224, 111, 52, 121, 209, 198, 56, 183, 111, 50, 124, 248, 20, 202, 208, 191, 61, 113, 32, 227, 68, 230, 225, 139, 167, 16, 23, 20, 41, 239, 212, 168, 117, 63, 44, 192, 74, 164, 42, 50, 178, 167, 246, 86, 250, 53, 105, 118, 97, 156, 81, 219, 56, 172, 131, 208, 24, 30, 172, 106, 50, 114, 196, 191, 139, 164, 172, 153, 14, 139, 58, 5, 146, 183, 146, 215, 250, 175, 79, 238, 111, 72, 242, 44, 204, 113, 91, 199, 139, 203, 217, 160, 216, 76, 183, 205, 61, 213, 84, 218, 190, 203, 245, 145, 17, 36, 50, 189, 131, 7, 85, 125, 89, 49, 99, 33, 15, 249, 164, 127, 115, 46, 139, 28, 79, 248, 195, 133, 119, 97, 186, 92, 51, 52, 104, 220, 182, 57, 39, 134, 4, 245, 47, 184, 175, 198, 107, 145, 130, 44, 241, 243, 27, 181, 163, 13, 173, 188, 5, 79, 7, 208, 66, 119, 234, 0, 162, 170, 202, 18, 124, 159, 31, 116, 128, 87, 113, 160, 105, 191, 162, 154, 220, 234, 5, 91, 101, 104, 46, 60, 239, 67, 164, 169, 137, 249, 142, 85, 32, 121, 32, 107, 243, 126, 151, 114, 44, 166, 85, 249, 7, 57, 79, 24, 190, 85, 53, 198, 242, 241, 52, 66, 122, 144, 165, 39, 236, 92, 1, 146, 233, 111, 247, 57, 198, 61, 146, 90, 242, 54, 180, 86, 255, 235, 248, 83, 218, 42, 220, 25, 158, 231, 206, 163, 61, 224, 32, 178, 127, 182, 93, 133, 139, 10, 237, 188, 134, 154, 81, 152, 16, 125, 109, 201, 136, 105, 82, 253, 32, 156, 250, 249, 63, 11, 110, 245, 228, 127, 93, 64, 6, 82, 176, 153, 158, 130, 244, 120, 26, 247, 248, 219, 46, 189, 77, 44, 22, 91, 177, 191, 222, 160, 191, 193, 255, 210, 88, 75, 70, 61, 25, 130, 46, 228, 41, 88, 19, 123, 254, 81, 228, 46, 37, 145, 50, 119, 144, 246, 79, 223, 66, 186, 223, 191, 79, 188, 197, 210, 29, 240, 141, 83, 169, 106, 183, 254, 90, 35, 250, 63, 132, 31, 66, 220, 104, 55, 219, 47, 100, 95, 161, 192, 62, 198, 58, 126, 191, 86, 115, 165, 253, 118, 71, 136, 17, 160, 238, 198, 86, 190, 67, 61, 99, 39, 98, 10, 31, 35, 97, 15, 214, 154, 140, 148, 90, 191, 22, 74, 55, 245, 76, 236, 115, 131, 113, 244, 250, 78, 255, 173, 42, 33, 143, 135, 3, 103, 104, 68, 53, 125, 168, 18, 94, 69, 112, 39, 101, 103, 254, 17, 28, 114, 197, 69, 103, 103, 51, 33, 200, 223, 77, 134, 169, 187, 25, 177, 155]
2025-04-20 17:26:03,752 - INFO - [MUTATION] Mutation strategy for next input: explore_state_jump | Original: [2] | Mutated: [172, 166, 106, 53, 182, 88, 61, 80, 249, 65, 14, 24, 157, 199, 35, 58, 121, 122, 41, 30, 160, 252, 55, 216, 110, 116, 163, 185, 47, 105, 229, 68, 253, 167, 7, 167, 16, 141, 78, 131, 112, 2, 163, 245, 138, 16, 147, 249, 206, 216, 171, 213, 237, 15, 10, 240, 10, 213, 75, 168, 19, 68, 17, 209, 149, 96, 156, 141, 222, 68, 118, 206, 50, 244, 34, 228, 187, 52, 154, 6, 22, 66, 106, 50, 47, 223, 33, 230, 185, 47, 230, 208, 89, 2, 199, 119, 15, 134, 28, 228, 209, 60, 182, 3, 34, 42, 181, 52, 209, 174, 198, 158, 209, 183, 73, 118, 179, 192, 18, 36, 169, 93, 129, 184, 154, 68, 60, 193, 191, 247, 72, 61, 70, 159, 126, 57, 156, 177, 120, 218, 227, 244, 112, 249, 65, 202, 251, 180, 0, 24, 114, 140, 27, 122, 71, 59, 233, 134, 22, 63, 3, 214, 161, 105, 139, 183, 202, 88, 39, 81, 43, 131, 116, 6, 160, 12, 119, 148, 82, 255, 37, 44, 36, 222, 105, 161, 81, 142, 10, 233, 235, 106, 99, 195, 21, 68, 181, 136, 30, 210, 35, 75, 241, 22, 123, 210, 116, 56, 79, 186, 19, 62, 229, 48, 177, 108, 17, 193, 103, 221, 136, 227, 34, 202, 14, 165, 107, 177, 91, 195, 20, 66, 192, 105, 248, 20, 42, 206, 251, 165, 27, 197, 250, 244, 202, 126, 84, 52, 95, 31, 57, 74, 67, 209, 253, 59, 152, 68, 228, 126, 9, 224, 91, 211, 157, 101, 180, 219, 219, 210, 157, 92, 171, 152, 136, 88, 194, 220, 226, 67, 32, 110, 41, 43, 185, 213, 234, 134, 228, 107, 32, 230, 185, 90, 174, 189, 103, 96, 86, 5, 9, 176, 158, 248, 219, 8, 137, 26, 254, 95, 154, 19, 72, 77, 81, 187, 64, 234, 2, 105, 55, 199, 138, 82, 185, 55, 255, 12, 95, 1, 96, 107, 206, 204, 95, 47, 60, 127, 149, 132, 141, 223, 117, 31, 195, 109, 166, 165, 165, 227, 73, 133, 247, 21, 249, 225, 14, 154, 224, 42, 4, 243, 198, 111, 17, 188, 81, 18, 60, 201, 174, 112, 49, 117, 227, 92, 156, 190, 215, 112, 160, 92, 178, 74, 95, 6, 13, 65, 11, 29, 35, 92, 190, 118, 115, 106, 48, 161, 116, 156, 170, 177, 170, 121, 18, 77, 156, 208, 249, 61, 244, 100, 62, 23, 18, 184, 235, 60, 85, 5, 207, 68, 138, 155, 116, 248, 233, 115, 25, 112, 64, 216, 219, 88, 130, 150, 33, 67, 5, 137, 93, 111, 202, 37, 189, 174, 43, 205, 96, 105, 152, 204, 129, 12, 89, 187, 148, 11, 238, 24, 93, 245, 132, 248, 78, 69, 164, 142, 231, 59, 251, 60, 86, 220, 130, 127, 59, 110, 54, 113, 165, 95, 44, 210, 120, 154, 159, 89, 6, 225, 158, 15, 97, 30, 237, 115, 34, 77, 5, 192, 144, 81, 219, 104, 105, 133, 230, 253, 116, 45, 215, 145, 21, 10, 69, 248, 91, 3, 30, 36, 109, 110, 51, 19, 182, 8, 18, 168, 142, 160, 70, 226, 95, 40, 23, 112, 20, 207, 203, 230, 157, 124, 166, 224, 111, 52, 121, 209, 198, 56, 183, 111, 50, 124, 248, 20, 202, 208, 191, 61, 113, 32, 227, 68, 230, 225, 139, 167, 16, 23, 20, 41, 239, 212, 168, 117, 63, 44, 192, 74, 164, 42, 50, 178, 167, 246, 86, 250, 53, 105, 118, 97, 156, 81, 219, 56, 172, 131, 208, 24, 30, 172, 106, 50, 114, 196, 191, 139, 164, 172, 153, 14, 139, 58, 5, 146, 183, 146, 215, 250, 175, 79, 238, 111, 72, 242, 44, 204, 113, 91, 199, 139, 203, 217, 160, 216, 76, 183, 205, 61, 213, 84, 218, 190, 203, 245, 145, 17, 36, 50, 189, 131, 7, 85, 125, 89, 49, 99, 33, 15, 249, 164, 127, 115, 46, 139, 28, 79, 248, 195, 133, 119, 97, 186, 92, 51, 52, 104, 220, 182, 57, 39, 134, 4, 245, 47, 184, 175, 198, 107, 145, 130, 44, 241, 243, 27, 181, 163, 13, 173, 188, 5, 79, 7, 208, 66, 119, 234, 0, 162, 170, 202, 18, 124, 159, 31, 116, 128, 87, 113, 160, 105, 191, 162, 154, 220, 234, 5, 91, 101, 104, 46, 60, 239, 67, 164, 169, 137, 249, 142, 85, 32, 121, 32, 107, 243, 126, 151, 114, 44, 166, 85, 249, 7, 57, 79, 24, 190, 85, 53, 198, 242, 241, 52, 66, 122, 144, 165, 39, 236, 92, 1, 146, 233, 111, 247, 57, 198, 61, 146, 90, 242, 54, 180, 86, 255, 235, 248, 83, 218, 42, 220, 25, 158, 231, 206, 163, 61, 224, 32, 178, 127, 182, 93, 133, 139, 10, 237, 188, 134, 154, 81, 152, 16, 125, 109, 201, 136, 105, 82, 253, 32, 156, 250, 249, 63, 11, 110, 245, 228, 127, 93, 64, 6, 82, 176, 153, 158, 130, 244, 120, 26, 247, 248, 219, 46, 189, 77, 44, 22, 91, 177, 191, 222, 160, 191, 193, 255, 210, 88, 75, 70, 61, 25, 130, 46, 228, 41, 88, 19, 123, 254, 81, 228, 46, 37, 145, 50, 119, 144, 246, 79, 223, 66, 186, 223, 191, 79, 188, 197, 210, 29, 240, 141, 83, 169, 106, 183, 254, 90, 35, 250, 63, 132, 31, 66, 220, 104, 55, 219, 47, 100, 95, 161, 192, 62, 198, 58, 126, 191, 86, 115, 165, 253, 118, 71, 136, 17, 160, 238, 198, 86, 190, 67, 61, 99, 39, 98, 10, 31, 35, 97, 15, 214, 154, 140, 148, 90, 191, 22, 74, 55, 245, 76, 236, 115, 131, 113, 244, 250, 78, 255, 173, 42, 33, 143, 135, 3, 103, 104, 68, 53, 125, 168, 18, 94, 69, 112, 39, 101, 103, 254, 17, 28, 114, 197, 69, 103, 103, 51, 33, 200, 223, 77, 134, 169, 187, 25, 177, 155]
2025-04-20 17:26:03,752 - INFO - ------------------------------------------------------------
2025-04-20 17:26:03,752 - INFO - 
[>] Sending command: [172, 166, 106, 53, 182, 88, 61, 80, 249, 65, 14, 24, 157, 199, 35, 58, 121, 122, 41, 30, 160, 252, 55, 216, 110, 116, 163, 185, 47, 105, 229, 68, 253, 167, 7, 167, 16, 141, 78, 131, 112, 2, 163, 245, 138, 16, 147, 249, 206, 216, 171, 213, 237, 15, 10, 240, 10, 213, 75, 168, 19, 68, 17, 209, 149, 96, 156, 141, 222, 68, 118, 206, 50, 244, 34, 228, 187, 52, 154, 6, 22, 66, 106, 50, 47, 223, 33, 230, 185, 47, 230, 208, 89, 2, 199, 119, 15, 134, 28, 228, 209, 60, 182, 3, 34, 42, 181, 52, 209, 174, 198, 158, 209, 183, 73, 118, 179, 192, 18, 36, 169, 93, 129, 184, 154, 68, 60, 193, 191, 247, 72, 61, 70, 159, 126, 57, 156, 177, 120, 218, 227, 244, 112, 249, 65, 202, 251, 180, 0, 24, 114, 140, 27, 122, 71, 59, 233, 134, 22, 63, 3, 214, 161, 105, 139, 183, 202, 88, 39, 81, 43, 131, 116, 6, 160, 12, 119, 148, 82, 255, 37, 44, 36, 222, 105, 161, 81, 142, 10, 233, 235, 106, 99, 195, 21, 68, 181, 136, 30, 210, 35, 75, 241, 22, 123, 210, 116, 56, 79, 186, 19, 62, 229, 48, 177, 108, 17, 193, 103, 221, 136, 227, 34, 202, 14, 165, 107, 177, 91, 195, 20, 66, 192, 105, 248, 20, 42, 206, 251, 165, 27, 197, 250, 244, 202, 126, 84, 52, 95, 31, 57, 74, 67, 209, 253, 59, 152, 68, 228, 126, 9, 224, 91, 211, 157, 101, 180, 219, 219, 210, 157, 92, 171, 152, 136, 88, 194, 220, 226, 67, 32, 110, 41, 43, 185, 213, 234, 134, 228, 107, 32, 230, 185, 90, 174, 189, 103, 96, 86, 5, 9, 176, 158, 248, 219, 8, 137, 26, 254, 95, 154, 19, 72, 77, 81, 187, 64, 234, 2, 105, 55, 199, 138, 82, 185, 55, 255, 12, 95, 1, 96, 107, 206, 204, 95, 47, 60, 127, 149, 132, 141, 223, 117, 31, 195, 109, 166, 165, 165, 227, 73, 133, 247, 21, 249, 225, 14, 154, 224, 42, 4, 243, 198, 111, 17, 188, 81, 18, 60, 201, 174, 112, 49, 117, 227, 92, 156, 190, 215, 112, 160, 92, 178, 74, 95, 6, 13, 65, 11, 29, 35, 92, 190, 118, 115, 106, 48, 161, 116, 156, 170, 177, 170, 121, 18, 77, 156, 208, 249, 61, 244, 100, 62, 23, 18, 184, 235, 60, 85, 5, 207, 68, 138, 155, 116, 248, 233, 115, 25, 112, 64, 216, 219, 88, 130, 150, 33, 67, 5, 137, 93, 111, 202, 37, 189, 174, 43, 205, 96, 105, 152, 204, 129, 12, 89, 187, 148, 11, 238, 24, 93, 245, 132, 248, 78, 69, 164, 142, 231, 59, 251, 60, 86, 220, 130, 127, 59, 110, 54, 113, 165, 95, 44, 210, 120, 154, 159, 89, 6, 225, 158, 15, 97, 30, 237, 115, 34, 77, 5, 192, 144, 81, 219, 104, 105, 133, 230, 253, 116, 45, 215, 145, 21, 10, 69, 248, 91, 3, 30, 36, 109, 110, 51, 19, 182, 8, 18, 168, 142, 160, 70, 226, 95, 40, 23, 112, 20, 207, 203, 230, 157, 124, 166, 224, 111, 52, 121, 209, 198, 56, 183, 111, 50, 124, 248, 20, 202, 208, 191, 61, 113, 32, 227, 68, 230, 225, 139, 167, 16, 23, 20, 41, 239, 212, 168, 117, 63, 44, 192, 74, 164, 42, 50, 178, 167, 246, 86, 250, 53, 105, 118, 97, 156, 81, 219, 56, 172, 131, 208, 24, 30, 172, 106, 50, 114, 196, 191, 139, 164, 172, 153, 14, 139, 58, 5, 146, 183, 146, 215, 250, 175, 79, 238, 111, 72, 242, 44, 204, 113, 91, 199, 139, 203, 217, 160, 216, 76, 183, 205, 61, 213, 84, 218, 190, 203, 245, 145, 17, 36, 50, 189, 131, 7, 85, 125, 89, 49, 99, 33, 15, 249, 164, 127, 115, 46, 139, 28, 79, 248, 195, 133, 119, 97, 186, 92, 51, 52, 104, 220, 182, 57, 39, 134, 4, 245, 47, 184, 175, 198, 107, 145, 130, 44, 241, 243, 27, 181, 163, 13, 173, 188, 5, 79, 7, 208, 66, 119, 234, 0, 162, 170, 202, 18, 124, 159, 31, 116, 128, 87, 113, 160, 105, 191, 162, 154, 220, 234, 5, 91, 101, 104, 46, 60, 239, 67, 164, 169, 137, 249, 142, 85, 32, 121, 32, 107, 243, 126, 151, 114, 44, 166, 85, 249, 7, 57, 79, 24, 190, 85, 53, 198, 242, 241, 52, 66, 122, 144, 165, 39, 236, 92, 1, 146, 233, 111, 247, 57, 198, 61, 146, 90, 242, 54, 180, 86, 255, 235, 248, 83, 218, 42, 220, 25, 158, 231, 206, 163, 61, 224, 32, 178, 127, 182, 93, 133, 139, 10, 237, 188, 134, 154, 81, 152, 16, 125, 109, 201, 136, 105, 82, 253, 32, 156, 250, 249, 63, 11, 110, 245, 228, 127, 93, 64, 6, 82, 176, 153, 158, 130, 244, 120, 26, 247, 248, 219, 46, 189, 77, 44, 22, 91, 177, 191, 222, 160, 191, 193, 255, 210, 88, 75, 70, 61, 25, 130, 46, 228, 41, 88, 19, 123, 254, 81, 228, 46, 37, 145, 50, 119, 144, 246, 79, 223, 66, 186, 223, 191, 79, 188, 197, 210, 29, 240, 141, 83, 169, 106, 183, 254, 90, 35, 250, 63, 132, 31, 66, 220, 104, 55, 219, 47, 100, 95, 161, 192, 62, 198, 58, 126, 191, 86, 115, 165, 253, 118, 71, 136, 17, 160, 238, 198, 86, 190, 67, 61, 99, 39, 98, 10, 31, 35, 97, 15, 214, 154, 140, 148, 90, 191, 22, 74, 55, 245, 76, 236, 115, 131, 113, 244, 250, 78, 255, 173, 42, 33, 143, 135, 3, 103, 104, 68, 53, 125, 168, 18, 94, 69, 112, 39, 101, 103, 254, 17, 28, 114, 197, 69, 103, 103, 51, 33, 200, 223, 77, 134, 169, 187, 25, 177, 155]
2025-04-20 17:26:03,757 - INFO - [STATE-EXPLORATION] Strategy: empty_payload | Sequence: []
2025-04-20 17:26:03,757 - INFO - [MUTATION] Mutation strategy for next input: explore_state_jump | Original: [2] | Mutated: []
2025-04-20 17:26:03,758 - INFO - ------------------------------------------------------------
2025-04-20 17:26:03,758 - INFO - 
[>] Sending command: []
2025-04-20 17:26:03,877 - INFO - ['[Error] Code: 0x010203']
2025-04-20 17:26:03,877 - INFO - [1] Connecting to "Smart Lock [Group 10]"...
2025-04-20 17:26:04,564 - ERROR - Task exception was never retrieved
future: <Task finished name='Task-18' coro=<BLEClient._serialport_task() done, defined at C:\Users\ASUS\Documents\T8\software testing\project\groupwork\DjangoWebApplication\smartlock\BLEClient.py:72> exception=SerialException("could not open port 'COM4': PermissionError(13, 'Access is denied.', None, 5)")>
Traceback (most recent call last):
  File "C:\Users\ASUS\Documents\T8\software testing\project\groupwork\DjangoWebApplication\smartlock\BLEClient.py", line 74, in _serialport_task
    port = self.open_serialport()
           ^^^^^^^^^^^^^^^^^^^^^^
  File "C:\Users\ASUS\Documents\T8\software testing\project\groupwork\DjangoWebApplication\smartlock\BLEClient.py", line 55, in open_serialport
    self.serialport = serial.Serial(
                      ^^^^^^^^^^^^^^
  File "C:\Users\ASUS\Documents\T8\software testing\project\groupwork\DjangoWebApplication\.venv\Lib\site-packages\serial\serialwin32.py", line 33, in __init__
    super(Serial, self).__init__(*args, **kwargs)
  File "C:\Users\ASUS\Documents\T8\software testing\project\groupwork\DjangoWebApplication\.venv\Lib\site-packages\serial\serialutil.py", line 244, in __init__
    self.open()
  File "C:\Users\ASUS\Documents\T8\software testing\project\groupwork\DjangoWebApplication\.venv\Lib\site-packages\serial\serialwin32.py", line 64, in open
    raise SerialException("could not open port {!r}: {!r}".format(self.portstr, ctypes.WinError()))
serial.serialutil.SerialException: could not open port 'COM4': PermissionError(13, 'Access is denied.', None, 5)
2025-04-20 17:26:04,564 - ERROR - Task exception was never retrieved
future: <Task finished name='Task-20' coro=<BLEClient._serialport_task() done, defined at C:\Users\ASUS\Documents\T8\software testing\project\groupwork\DjangoWebApplication\smartlock\BLEClient.py:72> exception=SerialException("could not open port 'COM4': PermissionError(13, 'Access is denied.', None, 5)")>
Traceback (most recent call last):
  File "C:\Users\ASUS\Documents\T8\software testing\project\groupwork\DjangoWebApplication\smartlock\BLEClient.py", line 74, in _serialport_task
    port = self.open_serialport()
           ^^^^^^^^^^^^^^^^^^^^^^
  File "C:\Users\ASUS\Documents\T8\software testing\project\groupwork\DjangoWebApplication\smartlock\BLEClient.py", line 55, in open_serialport
    self.serialport = serial.Serial(
                      ^^^^^^^^^^^^^^
  File "C:\Users\ASUS\Documents\T8\software testing\project\groupwork\DjangoWebApplication\.venv\Lib\site-packages\serial\serialwin32.py", line 33, in __init__
    super(Serial, self).__init__(*args, **kwargs)
  File "C:\Users\ASUS\Documents\T8\software testing\project\groupwork\DjangoWebApplication\.venv\Lib\site-packages\serial\serialutil.py", line 244, in __init__
    self.open()
  File "C:\Users\ASUS\Documents\T8\software testing\project\groupwork\DjangoWebApplication\.venv\Lib\site-packages\serial\serialwin32.py", line 64, in open
    raise SerialException("could not open port {!r}: {!r}".format(self.portstr, ctypes.WinError()))
serial.serialutil.SerialException: could not open port 'COM4': PermissionError(13, 'Access is denied.', None, 5)
2025-04-20 17:26:05,773 - INFO - [2] Authenticating...
2025-04-20 17:26:07,809 - INFO - Sent AUTH+PASSCODE: [0, 1, 2, 3, 4, 5, 6]
2025-04-20 17:26:07,809 - INFO - Received response: [0]
2025-04-20 17:26:07,809 - INFO - [!] Authenticated!!!
2025-04-20 17:26:11,819 - INFO - 
[Paths] 1 discovered. (Path=()) s=0, f=1.
2025-04-20 17:26:11,819 - INFO - [STATE-EXPLORATION] Strategy: open_without_auth | Sequence: [1]
2025-04-20 17:26:11,819 - INFO - [MUTATION] Mutation strategy for next input: explore_state_jump | Original: [1] | Mutated: [1]
2025-04-20 17:26:11,819 - INFO - ------------------------------------------------------------
2025-04-20 17:26:11,819 - INFO - 
[>] Sending command: [1]
2025-04-20 17:26:12,004 - INFO - [<] Received response: [0]
2025-04-20 17:26:14,004 - INFO - [State] Device state: Authenticated
2025-04-20 17:26:14,004 - INFO - [State] Closing the lock mechanism
2025-04-20 17:26:14,004 - INFO - [State] Lock mechanism closed
2025-04-20 17:26:14,004 - INFO - [State] Device state: Authenticated
2025-04-20 17:26:14,004 - INFO - [State] Opening the lock mechanism
2025-04-20 17:26:14,004 - INFO - [State] Lock mechanism open
2025-04-20 17:26:14,004 - INFO - [State] Closing the lock mechanism
2025-04-20 17:26:14,004 - INFO - [State] Lock mechanism closed
2025-04-20 17:26:14,004 - INFO - [State] Device state: Authenticated
2025-04-20 17:26:14,004 - INFO - [State] Opening the lock mechanism
2025-04-20 17:26:14,004 - INFO - [State] Lock mechanism open
2025-04-20 17:26:14,004 - INFO - [State] Closing the lock mechanism
2025-04-20 17:26:14,004 - INFO - [State] Lock mechanism closed
2025-04-20 17:26:14,004 - INFO - [State] Device state: Authenticated
2025-04-20 17:26:14,004 - INFO - [State] Opening the lock mechanism
2025-04-20 17:26:14,004 - INFO - [State] Lock mechanism open
2025-04-20 17:26:14,004 - INFO - [State] Closing the lock mechanism
2025-04-20 17:26:14,004 - INFO - [State] Lock mechanism closed
2025-04-20 17:26:14,004 - INFO - [State] Device state: Authenticated
2025-04-20 17:26:14,004 - INFO - [State] Opening the lock mechanism
2025-04-20 17:26:14,004 - INFO - [State] Lock mechanism open
2025-04-20 17:26:14,004 - INFO - [State] Closing the lock mechanism
2025-04-20 17:26:14,004 - INFO - [State] Lock mechanism closed
2025-04-20 17:26:14,004 - INFO - [State] Device state: Authenticated
2025-04-20 17:26:14,004 - INFO - [State] Opening the lock mechanism
2025-04-20 17:26:14,004 - INFO - [State] Lock mechanism open
2025-04-20 17:26:14,004 - INFO - [State] Closing the lock mechanism
2025-04-20 17:26:14,004 - INFO - [State] Lock mechanism closed
2025-04-20 17:26:14,004 - INFO - [State] Device state: Authenticated
2025-04-20 17:26:14,004 - INFO - [State] Opening the lock mechanism
2025-04-20 17:26:14,004 - INFO - [State] Lock mechanism open
2025-04-20 17:26:14,004 - INFO - [State] Closing the lock mechanism
2025-04-20 17:26:14,004 - INFO - [State] Lock mechanism closed
2025-04-20 17:26:14,004 - INFO - [State] Device state: Authenticated
2025-04-20 17:26:14,004 - INFO - [State] Opening the lock mechanism
2025-04-20 17:26:14,004 - INFO - [State] Lock mechanism open
2025-04-20 17:26:14,004 - INFO - [State] Closing the lock mechanism
2025-04-20 17:26:14,004 - INFO - [State] Lock mechanism closed
2025-04-20 17:26:14,004 - INFO - [State] Device state: Authenticated
2025-04-20 17:26:14,004 - INFO - [State] Opening the lock mechanism
2025-04-20 17:26:14,004 - INFO - [State] Lock mechanism open
2025-04-20 17:26:14,004 - INFO - [State] Closing the lock mechanism
2025-04-20 17:26:14,004 - INFO - [State] Lock mechanism closed
2025-04-20 17:26:14,004 - INFO - [State] Device state: Authenticated
2025-04-20 17:26:14,004 - INFO - [State] Opening the lock mechanism
2025-04-20 17:26:14,004 - INFO - [State] Lock mechanism open
2025-04-20 17:26:14,004 - INFO - [State] Closing the lock mechanism
2025-04-20 17:26:14,004 - INFO - [State] Lock mechanism closed
2025-04-20 17:26:14,004 - INFO - [State] Device state: Authenticated
2025-04-20 17:26:14,004 - INFO - [State] Opening the lock mechanism
2025-04-20 17:26:14,004 - INFO - [State] Lock mechanism open
2025-04-20 17:26:14,004 - INFO - [State] Closing the lock mechanism
2025-04-20 17:26:14,004 - INFO - [State] Lock mechanism closed
2025-04-20 17:26:14,004 - INFO - [{'from': 0, 'command': 'Authenticate', 'to': 2}, {'from': 2, 'command': 'Authenticate', 'to': 2}, {'from': 2, 'command': 'Authenticate', 'to': 2}, {'from': 2, 'command': 'Authenticate', 'to': 2}, {'from': 2, 'command': 'Authenticate', 'to': 2}, {'from': 2, 'command': 'Authenticate', 'to': 2}, {'from': 2, 'command': 'Authenticate', 'to': 2}, {'from': 2, 'command': 'Authenticate', 'to': 2}, {'from': 2, 'command': 'Authenticate', 'to': 2}, {'from': 2, 'command': 'Authenticate', 'to': 2}, {'from': 2, 'command': 'Authenticate', 'to': 2}]
2025-04-20 17:26:14,004 - INFO - [INTERESTING] New path discovered: ('[State] Device state: Authenticated', '[State] Closing the lock mechanism', '[State] Lock mechanism closed', '[State] Device state: Authenticated', '[State] Opening the lock mechanism', '[State] Lock mechanism open', '[State] Closing the lock mechanism', '[State] Lock mechanism closed', '[State] Device state: Authenticated', '[State] Opening the lock mechanism', '[State] Lock mechanism open', '[State] Closing the lock mechanism', '[State] Lock mechanism closed', '[State] Device state: Authenticated', '[State] Opening the lock mechanism', '[State] Lock mechanism open', '[State] Closing the lock mechanism', '[State] Lock mechanism closed', '[State] Device state: Authenticated', '[State] Opening the lock mechanism', '[State] Lock mechanism open', '[State] Closing the lock mechanism', '[State] Lock mechanism closed', '[State] Device state: Authenticated', '[State] Opening the lock mechanism', '[State] Lock mechanism open', '[State] Closing the lock mechanism', '[State] Lock mechanism closed', '[State] Device state: Authenticated', '[State] Opening the lock mechanism', '[State] Lock mechanism open', '[State] Closing the lock mechanism', '[State] Lock mechanism closed', '[State] Device state: Authenticated', '[State] Opening the lock mechanism', '[State] Lock mechanism open', '[State] Closing the lock mechanism', '[State] Lock mechanism closed', '[State] Device state: Authenticated', '[State] Opening the lock mechanism', '[State] Lock mechanism open', '[State] Closing the lock mechanism', '[State] Lock mechanism closed', '[State] Device state: Authenticated', '[State] Opening the lock mechanism', '[State] Lock mechanism open', '[State] Closing the lock mechanism', '[State] Lock mechanism closed', '[State] Device state: Authenticated', '[State] Opening the lock mechanism', '[State] Lock mechanism open', '[State] Closing the lock mechanism', '[State] Lock mechanism closed')
2025-04-20 17:26:14,004 - INFO - [STATE-EXPLORATION] Strategy: close_without_auth | Sequence: [2]
2025-04-20 17:26:14,004 - INFO - [MUTATION] Mutation strategy for next input: explore_state_jump | Original: [1] | Mutated: [2]
2025-04-20 17:26:14,004 - INFO - ------------------------------------------------------------
2025-04-20 17:26:14,004 - INFO - 
[>] Sending command: [2]
2025-04-20 17:26:14,194 - INFO - [<] Received response: [0]
2025-04-20 17:26:16,177 - INFO - [State] Device state: Authenticated
2025-04-20 17:26:16,177 - INFO - [State] Closing the lock mechanism
2025-04-20 17:26:16,177 - INFO - [State] Lock mechanism closed
2025-04-20 17:26:16,177 - INFO - [State] Device state: Authenticated
2025-04-20 17:26:16,177 - INFO - [State] Opening the lock mechanism
2025-04-20 17:26:16,177 - INFO - [State] Lock mechanism open
2025-04-20 17:26:16,177 - INFO - [State] Closing the lock mechanism
2025-04-20 17:26:16,177 - INFO - [State] Lock mechanism closed
2025-04-20 17:26:16,177 - INFO - [State] Device state: Authenticated
2025-04-20 17:26:16,177 - INFO - [State] Opening the lock mechanism
2025-04-20 17:26:16,177 - INFO - [State] Lock mechanism open
2025-04-20 17:26:16,177 - INFO - [State] Closing the lock mechanism
2025-04-20 17:26:16,177 - INFO - [State] Lock mechanism closed
2025-04-20 17:26:16,177 - INFO - [State] Device state: Authenticated
2025-04-20 17:26:16,177 - INFO - [State] Opening the lock mechanism
2025-04-20 17:26:16,177 - INFO - [State] Lock mechanism open
2025-04-20 17:26:16,177 - INFO - [State] Closing the lock mechanism
2025-04-20 17:26:16,177 - INFO - [State] Lock mechanism closed
2025-04-20 17:26:16,177 - INFO - [State] Device state: Authenticated
2025-04-20 17:26:16,177 - INFO - [State] Opening the lock mechanism
2025-04-20 17:26:16,177 - INFO - [State] Lock mechanism open
2025-04-20 17:26:16,177 - INFO - [State] Closing the lock mechanism
2025-04-20 17:26:16,177 - INFO - [State] Lock mechanism closed
2025-04-20 17:26:16,177 - INFO - [State] Device state: Authenticated
2025-04-20 17:26:16,177 - INFO - [State] Opening the lock mechanism
2025-04-20 17:26:16,177 - INFO - [State] Lock mechanism open
2025-04-20 17:26:16,177 - INFO - [State] Closing the lock mechanism
2025-04-20 17:26:16,177 - INFO - [State] Lock mechanism closed
2025-04-20 17:26:16,177 - INFO - [State] Device state: Authenticated
2025-04-20 17:26:16,177 - INFO - [State] Opening the lock mechanism
2025-04-20 17:26:16,177 - INFO - [State] Lock mechanism open
2025-04-20 17:26:16,177 - INFO - [State] Closing the lock mechanism
2025-04-20 17:26:16,177 - INFO - [State] Lock mechanism closed
2025-04-20 17:26:16,177 - INFO - [State] Device state: Authenticated
2025-04-20 17:26:16,177 - INFO - [State] Opening the lock mechanism
2025-04-20 17:26:16,177 - INFO - [State] Lock mechanism open
2025-04-20 17:26:16,177 - INFO - [State] Closing the lock mechanism
2025-04-20 17:26:16,177 - INFO - [State] Lock mechanism closed
2025-04-20 17:26:16,177 - INFO - [State] Device state: Authenticated
2025-04-20 17:26:16,177 - INFO - [State] Opening the lock mechanism
2025-04-20 17:26:16,177 - INFO - [State] Lock mechanism open
2025-04-20 17:26:16,177 - INFO - [State] Closing the lock mechanism
2025-04-20 17:26:16,177 - INFO - [State] Lock mechanism closed
2025-04-20 17:26:16,177 - INFO - [State] Device state: Authenticated
2025-04-20 17:26:16,177 - INFO - [State] Opening the lock mechanism
2025-04-20 17:26:16,177 - INFO - [State] Lock mechanism open
2025-04-20 17:26:16,177 - INFO - [State] Closing the lock mechanism
2025-04-20 17:26:16,183 - INFO - [State] Lock mechanism closed
2025-04-20 17:26:16,183 - INFO - [State] Device state: Authenticated
2025-04-20 17:26:16,183 - INFO - [State] Opening the lock mechanism
2025-04-20 17:26:16,183 - INFO - [State] Lock mechanism open
2025-04-20 17:26:16,183 - INFO - [State] Closing the lock mechanism
2025-04-20 17:26:16,183 - INFO - [State] Lock mechanism closed
2025-04-20 17:26:16,183 - INFO - [State] Device state: Authenticated
2025-04-20 17:26:16,183 - INFO - [State] Opening the lock mechanism
2025-04-20 17:26:16,183 - INFO - [State] Lock mechanism open
2025-04-20 17:26:16,183 - INFO - [State] Closing the lock mechanism
2025-04-20 17:26:16,183 - INFO - [State] Lock mechanism closed
2025-04-20 17:26:16,183 - INFO - [{'from': 0, 'command': 'Authenticate', 'to': 2}, {'from': 2, 'command': 'Authenticate', 'to': 2}, {'from': 2, 'command': 'Authenticate', 'to': 2}, {'from': 2, 'command': 'Authenticate', 'to': 2}, {'from': 2, 'command': 'Authenticate', 'to': 2}, {'from': 2, 'command': 'Authenticate', 'to': 2}, {'from': 2, 'command': 'Authenticate', 'to': 2}, {'from': 2, 'command': 'Authenticate', 'to': 2}, {'from': 2, 'command': 'Authenticate', 'to': 2}, {'from': 2, 'command': 'Authenticate', 'to': 2}, {'from': 2, 'command': 'Authenticate', 'to': 2}, {'from': 2, 'command': 'Authenticate', 'to': 2}]
2025-04-20 17:26:16,183 - INFO - [INTERESTING] New path discovered: ('[State] Device state: Authenticated', '[State] Closing the lock mechanism', '[State] Lock mechanism closed', '[State] Device state: Authenticated', '[State] Opening the lock mechanism', '[State] Lock mechanism open', '[State] Closing the lock mechanism', '[State] Lock mechanism closed', '[State] Device state: Authenticated', '[State] Opening the lock mechanism', '[State] Lock mechanism open', '[State] Closing the lock mechanism', '[State] Lock mechanism closed', '[State] Device state: Authenticated', '[State] Opening the lock mechanism', '[State] Lock mechanism open', '[State] Closing the lock mechanism', '[State] Lock mechanism closed', '[State] Device state: Authenticated', '[State] Opening the lock mechanism', '[State] Lock mechanism open', '[State] Closing the lock mechanism', '[State] Lock mechanism closed', '[State] Device state: Authenticated', '[State] Opening the lock mechanism', '[State] Lock mechanism open', '[State] Closing the lock mechanism', '[State] Lock mechanism closed', '[State] Device state: Authenticated', '[State] Opening the lock mechanism', '[State] Lock mechanism open', '[State] Closing the lock mechanism', '[State] Lock mechanism closed', '[State] Device state: Authenticated', '[State] Opening the lock mechanism', '[State] Lock mechanism open', '[State] Closing the lock mechanism', '[State] Lock mechanism closed', '[State] Device state: Authenticated', '[State] Opening the lock mechanism', '[State] Lock mechanism open', '[State] Closing the lock mechanism', '[State] Lock mechanism closed', '[State] Device state: Authenticated', '[State] Opening the lock mechanism', '[State] Lock mechanism open', '[State] Closing the lock mechanism', '[State] Lock mechanism closed', '[State] Device state: Authenticated', '[State] Opening the lock mechanism', '[State] Lock mechanism open', '[State] Closing the lock mechanism', '[State] Lock mechanism closed', '[State] Device state: Authenticated', '[State] Opening the lock mechanism', '[State] Lock mechanism open', '[State] Closing the lock mechanism', '[State] Lock mechanism closed')
2025-04-20 17:26:16,183 - INFO - 
[Paths] 1 discovered. (Path=()) s=1, f=2.
2025-04-20 17:26:16,183 - INFO - [STATE-EXPLORATION] Strategy: partial_auth | Sequence: [0, 244, 80, 42]
2025-04-20 17:26:16,183 - INFO - [MUTATION] Mutation strategy for next input: explore_state_jump | Original: [2] | Mutated: [0, 244, 80, 42]
2025-04-20 17:26:16,183 - INFO - ------------------------------------------------------------
2025-04-20 17:26:16,183 - INFO - 
[>] Sending command: [0, 244, 80, 42]
2025-04-20 17:26:17,412 - INFO - [STATE-EXPLORATION] Strategy: spam_auth | Sequence: [0, 1, 2, 3, 4, 5, 6, 0, 1, 2, 3, 4, 5, 6, 0, 1, 2, 3, 4, 5, 6, 0, 1, 2, 3, 4, 5, 6, 0, 1, 2, 3, 4, 5, 6, 0, 1, 2, 3, 4, 5, 6, 0, 1, 2, 3, 4, 5, 6, 0, 1, 2, 3, 4, 5, 6, 0, 1, 2, 3, 4, 5, 6]
2025-04-20 17:26:17,412 - INFO - [MUTATION] Mutation strategy for next input: explore_state_jump | Original: [2] | Mutated: [0, 1, 2, 3, 4, 5, 6, 0, 1, 2, 3, 4, 5, 6, 0, 1, 2, 3, 4, 5, 6, 0, 1, 2, 3, 4, 5, 6, 0, 1, 2, 3, 4, 5, 6, 0, 1, 2, 3, 4, 5, 6, 0, 1, 2, 3, 4, 5, 6, 0, 1, 2, 3, 4, 5, 6, 0, 1, 2, 3, 4, 5, 6]
2025-04-20 17:26:17,412 - INFO - ------------------------------------------------------------
2025-04-20 17:26:17,412 - INFO - 
[>] Sending command: [0, 1, 2, 3, 4, 5, 6, 0, 1, 2, 3, 4, 5, 6, 0, 1, 2, 3, 4, 5, 6, 0, 1, 2, 3, 4, 5, 6, 0, 1, 2, 3, 4, 5, 6, 0, 1, 2, 3, 4, 5, 6, 0, 1, 2, 3, 4, 5, 6, 0, 1, 2, 3, 4, 5, 6, 0, 1, 2, 3, 4, 5, 6]
2025-04-20 17:26:17,412 - INFO - [STATE-EXPLORATION] Strategy: spam_open_without_close | Sequence: [0, 1, 2, 3, 4, 5, 6, 1, 1, 1, 1]
2025-04-20 17:26:17,412 - INFO - [MUTATION] Mutation strategy for next input: explore_state_jump | Original: [2] | Mutated: [0, 1, 2, 3, 4, 5, 6, 1, 1, 1, 1]
2025-04-20 17:26:17,412 - INFO - ------------------------------------------------------------
2025-04-20 17:26:17,412 - INFO - 
[>] Sending command: [0, 1, 2, 3, 4, 5, 6, 1, 1, 1, 1]
2025-04-20 17:26:17,412 - INFO - [STATE-EXPLORATION] Strategy: auth_open_unknown_close | Sequence: [0, 1, 2, 3, 4, 5, 6, 1, 10, 2]
2025-04-20 17:26:17,412 - INFO - [MUTATION] Mutation strategy for next input: explore_state_jump | Original: [2] | Mutated: [0, 1, 2, 3, 4, 5, 6, 1, 10, 2]
2025-04-20 17:26:17,412 - INFO - ------------------------------------------------------------
2025-04-20 17:26:17,412 - INFO - 
[>] Sending command: [0, 1, 2, 3, 4, 5, 6, 1, 10, 2]
2025-04-20 17:26:17,412 - INFO - 
[Paths] 2 discovered. (Path=()) s=2, f=4. (Path=('[State] Device state: Authenticated', '[State] Closing the lock mechanism', '[State] Lock mechanism closed', '[State] Device state: Authenticated', '[State] Opening the lock mechanism', '[State] Lock mechanism open', '[State] Closing the lock mechanism', '[State] Lock mechanism closed', '[State] Device state: Authenticated', '[State] Opening the lock mechanism', '[State] Lock mechanism open', '[State] Closing the lock mechanism', '[State] Lock mechanism closed', '[State] Device state: Authenticated', '[State] Opening the lock mechanism', '[State] Lock mechanism open', '[State] Closing the lock mechanism', '[State] Lock mechanism closed', '[State] Device state: Authenticated', '[State] Opening the lock mechanism', '[State] Lock mechanism open', '[State] Closing the lock mechanism', '[State] Lock mechanism closed', '[State] Device state: Authenticated', '[State] Opening the lock mechanism', '[State] Lock mechanism open', '[State] Closing the lock mechanism', '[State] Lock mechanism closed', '[State] Device state: Authenticated', '[State] Opening the lock mechanism', '[State] Lock mechanism open', '[State] Closing the lock mechanism', '[State] Lock mechanism closed', '[State] Device state: Authenticated', '[State] Opening the lock mechanism', '[State] Lock mechanism open', '[State] Closing the lock mechanism', '[State] Lock mechanism closed', '[State] Device state: Authenticated', '[State] Opening the lock mechanism', '[State] Lock mechanism open', '[State] Closing the lock mechanism', '[State] Lock mechanism closed', '[State] Device state: Authenticated', '[State] Opening the lock mechanism', '[State] Lock mechanism open', '[State] Closing the lock mechanism', '[State] Lock mechanism closed', '[State] Device state: Authenticated', '[State] Opening the lock mechanism', '[State] Lock mechanism open', '[State] Closing the lock mechanism', '[State] Lock mechanism closed')) s=0, f=1.
2025-04-20 17:26:17,412 - INFO - [STATE-EXPLORATION] Strategy: repeated_toggle | Sequence: [0, 1, 2, 3, 4, 5, 6, 1, 1, 2, 2, 1, 1, 2, 2, 2, 2, 2, 1, 2, 2, 2]
2025-04-20 17:26:17,412 - INFO - [MUTATION] Mutation strategy for next input: explore_state_jump | Original: [1] | Mutated: [0, 1, 2, 3, 4, 5, 6, 1, 1, 2, 2, 1, 1, 2, 2, 2, 2, 2, 1, 2, 2, 2]
2025-04-20 17:26:17,412 - INFO - ------------------------------------------------------------
2025-04-20 17:26:17,412 - INFO - 
[>] Sending command: [0, 1, 2, 3, 4, 5, 6, 1, 1, 2, 2, 1, 1, 2, 2, 2, 2, 2, 1, 2, 2, 2]
2025-04-20 17:26:17,421 - INFO - [STATE-EXPLORATION] Strategy: unknown_before_auth | Sequence: [10, 0, 1, 2, 3, 4, 5, 6]
2025-04-20 17:26:17,421 - INFO - [MUTATION] Mutation strategy for next input: explore_state_jump | Original: [1] | Mutated: [10, 0, 1, 2, 3, 4, 5, 6]
2025-04-20 17:26:17,421 - INFO - ------------------------------------------------------------
2025-04-20 17:26:17,421 - INFO - 
[>] Sending command: [10, 0, 1, 2, 3, 4, 5, 6]
2025-04-20 17:26:17,424 - INFO - 
[Paths] 3 discovered. (Path=()) s=2, f=4. (Path=('[State] Device state: Authenticated', '[State] Closing the lock mechanism', '[State] Lock mechanism closed', '[State] Device state: Authenticated', '[State] Opening the lock mechanism', '[State] Lock mechanism open', '[State] Closing the lock mechanism', '[State] Lock mechanism closed', '[State] Device state: Authenticated', '[State] Opening the lock mechanism', '[State] Lock mechanism open', '[State] Closing the lock mechanism', '[State] Lock mechanism closed', '[State] Device state: Authenticated', '[State] Opening the lock mechanism', '[State] Lock mechanism open', '[State] Closing the lock mechanism', '[State] Lock mechanism closed', '[State] Device state: Authenticated', '[State] Opening the lock mechanism', '[State] Lock mechanism open', '[State] Closing the lock mechanism', '[State] Lock mechanism closed', '[State] Device state: Authenticated', '[State] Opening the lock mechanism', '[State] Lock mechanism open', '[State] Closing the lock mechanism', '[State] Lock mechanism closed', '[State] Device state: Authenticated', '[State] Opening the lock mechanism', '[State] Lock mechanism open', '[State] Closing the lock mechanism', '[State] Lock mechanism closed', '[State] Device state: Authenticated', '[State] Opening the lock mechanism', '[State] Lock mechanism open', '[State] Closing the lock mechanism', '[State] Lock mechanism closed', '[State] Device state: Authenticated', '[State] Opening the lock mechanism', '[State] Lock mechanism open', '[State] Closing the lock mechanism', '[State] Lock mechanism closed', '[State] Device state: Authenticated', '[State] Opening the lock mechanism', '[State] Lock mechanism open', '[State] Closing the lock mechanism', '[State] Lock mechanism closed', '[State] Device state: Authenticated', '[State] Opening the lock mechanism', '[State] Lock mechanism open', '[State] Closing the lock mechanism', '[State] Lock mechanism closed')) s=1, f=2. (Path=('[State] Device state: Authenticated', '[State] Closing the lock mechanism', '[State] Lock mechanism closed', '[State] Device state: Authenticated', '[State] Opening the lock mechanism', '[State] Lock mechanism open', '[State] Closing the lock mechanism', '[State] Lock mechanism closed', '[State] Device state: Authenticated', '[State] Opening the lock mechanism', '[State] Lock mechanism open', '[State] Closing the lock mechanism', '[State] Lock mechanism closed', '[State] Device state: Authenticated', '[State] Opening the lock mechanism', '[State] Lock mechanism open', '[State] Closing the lock mechanism', '[State] Lock mechanism closed', '[State] Device state: Authenticated', '[State] Opening the lock mechanism', '[State] Lock mechanism open', '[State] Closing the lock mechanism', '[State] Lock mechanism closed', '[State] Device state: Authenticated', '[State] Opening the lock mechanism', '[State] Lock mechanism open', '[State] Closing the lock mechanism', '[State] Lock mechanism closed', '[State] Device state: Authenticated', '[State] Opening the lock mechanism', '[State] Lock mechanism open', '[State] Closing the lock mechanism', '[State] Lock mechanism closed', '[State] Device state: Authenticated', '[State] Opening the lock mechanism', '[State] Lock mechanism open', '[State] Closing the lock mechanism', '[State] Lock mechanism closed', '[State] Device state: Authenticated', '[State] Opening the lock mechanism', '[State] Lock mechanism open', '[State] Closing the lock mechanism', '[State] Lock mechanism closed', '[State] Device state: Authenticated', '[State] Opening the lock mechanism', '[State] Lock mechanism open', '[State] Closing the lock mechanism', '[State] Lock mechanism closed', '[State] Device state: Authenticated', '[State] Opening the lock mechanism', '[State] Lock mechanism open', '[State] Closing the lock mechanism', '[State] Lock mechanism closed', '[State] Device state: Authenticated', '[State] Opening the lock mechanism', '[State] Lock mechanism open', '[State] Closing the lock mechanism', '[State] Lock mechanism closed')) s=0, f=1.
2025-04-20 17:26:17,425 - INFO - [STATE-EXPLORATION] Strategy: garbage_payload | Sequence: [162, 123, 81, 60, 218, 221, 52, 68, 107, 62, 135, 51, 27, 101, 154, 52, 154, 151, 155, 173, 249, 205, 251, 241, 174, 153, 83, 37, 7, 168, 92, 5, 85, 232, 223, 138, 142, 131, 77, 15, 102, 246, 181, 20, 12, 145, 39, 162, 25, 62, 109, 46, 1, 188, 117, 23, 245, 223, 89, 125, 124, 188, 243, 90, 72, 107, 199, 71, 201, 63, 241, 97, 179, 83, 208, 24, 251, 98, 159, 2, 193, 149, 119, 95, 167, 36, 169, 232, 160, 137, 159, 47, 73, 104, 190, 228, 220, 146, 254, 7, 65, 237, 99, 64, 138, 48, 117, 46, 140, 222, 71, 100, 38, 114, 79, 20, 228, 1, 88, 73, 2, 67, 174, 52, 18, 127, 156, 233, 254, 192, 16, 159, 142, 76, 177, 86, 75, 49, 206, 118, 17, 255, 88, 69, 34, 171, 129, 25, 90, 79, 184, 140, 119, 171, 77, 24, 41, 88, 106, 89, 91, 225, 97, 111, 241, 203, 59, 178, 191, 215, 49, 35, 242, 248, 32, 9, 69, 94, 45, 3, 43, 189, 46, 83, 78, 60, 160, 55, 212, 180, 76, 127, 188, 138, 39, 212, 172, 28, 47, 52, 248, 174, 50, 12, 83, 10, 165, 67, 95, 40, 75, 195, 98, 151, 222, 76, 20, 123, 62, 162, 221, 58, 159, 79, 65, 172, 144, 190, 233, 56, 142, 243, 95, 239, 178, 231, 72, 155, 244, 147, 37, 51, 120, 33, 4, 236, 84, 198, 147, 8, 89, 88, 41, 78, 213, 147, 168, 126, 216, 58, 145, 239, 240, 100, 108, 213, 61, 186, 209, 118, 113, 130, 121, 2, 28, 144, 36, 116, 139, 246, 171, 85, 41, 105, 151, 42, 107, 250, 3, 239, 50, 211, 38, 209, 244, 210, 146, 116, 85, 77, 203, 211, 250, 77, 58, 127, 222, 15, 78, 185, 140, 140, 235, 216, 212, 10, 153, 218, 98, 157, 25, 162, 244, 34, 122, 105, 249, 246, 45, 238, 53, 153, 248, 171, 9, 176, 54, 229, 235, 65, 138, 131, 80, 193, 42, 243, 178, 137, 41, 250, 190, 237, 113, 67, 166, 174, 145, 11, 233, 34, 38, 177, 159, 170, 179, 78, 191, 196, 110, 51, 75, 155, 37, 43, 88, 9, 189, 243, 251, 173, 38, 125, 163, 115, 158, 144, 17, 41, 102, 102, 6, 27, 91, 159, 227, 240, 76, 15, 30, 222, 171, 224, 229, 221, 101, 22, 213, 240, 207, 106, 152, 74, 125, 185, 169, 214, 18, 88, 74, 146, 218, 172, 189, 194, 136, 188, 90, 121, 42, 248, 134, 175, 113, 238, 14, 31, 166, 25, 82, 134, 225, 50, 179, 18, 129, 64, 119, 96, 86, 124, 114, 113, 233, 116, 236, 255, 34, 94, 28, 230, 223, 21, 19, 41, 243, 121, 32, 186, 53, 217, 255, 34, 164, 54, 82, 92, 21, 74, 181, 105, 156, 199, 189, 27, 42, 156, 219, 123, 176, 130, 26, 240, 155, 254, 62, 164, 74, 143, 140, 246, 34, 24, 153, 170, 78, 166, 153, 252, 200, 186, 214, 193, 180, 119, 137, 202, 254, 69, 163, 177, 218, 242, 26, 171, 50, 19, 91, 141, 227, 88, 10, 95, 74, 8, 247, 140, 211, 82, 12, 242, 175, 225, 134, 86, 227, 4, 94, 230, 71, 201, 224, 36, 29, 199, 144, 17, 92, 137, 7, 182, 133, 76, 21, 214, 31, 253, 228, 209, 67, 99, 210, 45, 34, 236, 179, 247, 35, 13, 158, 220, 167, 215, 144, 142, 171, 230, 40, 138, 211, 41, 58, 196, 3, 143, 120, 97, 202, 224, 89, 104, 191, 109, 175, 20, 219, 147, 9, 229, 107, 110, 14, 110, 14, 135, 62, 182, 213, 243, 210, 112, 172, 31, 67, 101, 145, 213, 111, 59, 200, 236, 44, 230, 20, 45, 200, 170, 124, 23, 89, 52, 50, 136, 249, 104, 35, 32, 186, 65, 187, 21, 161, 62, 91, 224, 193, 130, 255, 102, 35, 124, 118, 191, 135, 236, 124, 162, 184, 31, 64, 33, 56, 96, 143, 43, 88, 102, 161, 246, 207, 40, 99, 4, 199, 72, 239, 194, 54, 237, 66, 142, 229, 219, 200, 141, 120, 121, 173, 198, 69, 9, 246, 217, 14, 44, 84, 212, 252, 136, 148, 148, 187, 133, 14, 195, 38, 14, 127, 40, 72, 11, 16, 112, 45, 217, 102, 143, 96, 74, 151, 29, 115, 145, 161, 55, 85, 197, 87, 155, 150, 45, 136, 106, 73, 81, 37, 83, 252, 114, 252, 136, 178, 95, 192, 235, 234, 196, 158, 45, 253, 243, 57, 94, 120, 21, 122, 168, 250, 26, 142, 46, 123, 37, 137, 128, 181, 28, 34, 245, 239, 119, 109, 124, 182, 253, 236, 166, 64, 188, 45, 230, 196, 178, 103, 196, 235, 88, 121, 73, 176, 117, 8, 16, 131, 243, 113, 99, 183, 95, 226, 161, 122, 173, 188, 61, 142, 253, 194, 79, 138, 55, 236, 48, 175, 126, 115, 76, 217, 161, 148, 247, 201, 3, 104, 237, 104, 233, 101, 170, 173, 47, 26, 204, 140, 147, 50, 87, 221, 156, 118, 153, 32, 102, 59, 112, 56, 145, 216, 131, 32, 112, 243, 9, 8, 31, 102, 228, 46, 204, 16, 112, 213, 78, 164, 233, 106, 54, 239, 173, 122, 126, 148, 24, 10, 162, 133, 222, 246, 129, 59, 82, 237, 225, 159, 117, 236, 130, 115, 124, 8, 216, 170, 223, 32, 181, 246, 158, 152, 97, 230, 150, 91, 20, 241, 85, 164, 211, 7, 129, 230, 32, 139, 204, 101, 4, 99, 112, 250, 240, 252, 117, 49, 18, 18, 243, 114, 11, 154, 7, 211, 238, 101, 240, 98, 59, 105, 159, 54, 243, 9, 220, 95, 79, 68, 148, 176, 164, 106, 12, 38, 160, 9, 20, 228, 99, 235, 17, 198, 105, 117, 209, 97, 57, 222, 37, 40, 206, 243, 193, 193, 180, 4, 232, 84, 36, 211, 166, 214, 197, 193, 218, 51, 227, 154, 83, 175, 2, 95, 226, 165, 228]
2025-04-20 17:26:17,426 - INFO - [MUTATION] Mutation strategy for next input: explore_state_jump | Original: [2] | Mutated: [162, 123, 81, 60, 218, 221, 52, 68, 107, 62, 135, 51, 27, 101, 154, 52, 154, 151, 155, 173, 249, 205, 251, 241, 174, 153, 83, 37, 7, 168, 92, 5, 85, 232, 223, 138, 142, 131, 77, 15, 102, 246, 181, 20, 12, 145, 39, 162, 25, 62, 109, 46, 1, 188, 117, 23, 245, 223, 89, 125, 124, 188, 243, 90, 72, 107, 199, 71, 201, 63, 241, 97, 179, 83, 208, 24, 251, 98, 159, 2, 193, 149, 119, 95, 167, 36, 169, 232, 160, 137, 159, 47, 73, 104, 190, 228, 220, 146, 254, 7, 65, 237, 99, 64, 138, 48, 117, 46, 140, 222, 71, 100, 38, 114, 79, 20, 228, 1, 88, 73, 2, 67, 174, 52, 18, 127, 156, 233, 254, 192, 16, 159, 142, 76, 177, 86, 75, 49, 206, 118, 17, 255, 88, 69, 34, 171, 129, 25, 90, 79, 184, 140, 119, 171, 77, 24, 41, 88, 106, 89, 91, 225, 97, 111, 241, 203, 59, 178, 191, 215, 49, 35, 242, 248, 32, 9, 69, 94, 45, 3, 43, 189, 46, 83, 78, 60, 160, 55, 212, 180, 76, 127, 188, 138, 39, 212, 172, 28, 47, 52, 248, 174, 50, 12, 83, 10, 165, 67, 95, 40, 75, 195, 98, 151, 222, 76, 20, 123, 62, 162, 221, 58, 159, 79, 65, 172, 144, 190, 233, 56, 142, 243, 95, 239, 178, 231, 72, 155, 244, 147, 37, 51, 120, 33, 4, 236, 84, 198, 147, 8, 89, 88, 41, 78, 213, 147, 168, 126, 216, 58, 145, 239, 240, 100, 108, 213, 61, 186, 209, 118, 113, 130, 121, 2, 28, 144, 36, 116, 139, 246, 171, 85, 41, 105, 151, 42, 107, 250, 3, 239, 50, 211, 38, 209, 244, 210, 146, 116, 85, 77, 203, 211, 250, 77, 58, 127, 222, 15, 78, 185, 140, 140, 235, 216, 212, 10, 153, 218, 98, 157, 25, 162, 244, 34, 122, 105, 249, 246, 45, 238, 53, 153, 248, 171, 9, 176, 54, 229, 235, 65, 138, 131, 80, 193, 42, 243, 178, 137, 41, 250, 190, 237, 113, 67, 166, 174, 145, 11, 233, 34, 38, 177, 159, 170, 179, 78, 191, 196, 110, 51, 75, 155, 37, 43, 88, 9, 189, 243, 251, 173, 38, 125, 163, 115, 158, 144, 17, 41, 102, 102, 6, 27, 91, 159, 227, 240, 76, 15, 30, 222, 171, 224, 229, 221, 101, 22, 213, 240, 207, 106, 152, 74, 125, 185, 169, 214, 18, 88, 74, 146, 218, 172, 189, 194, 136, 188, 90, 121, 42, 248, 134, 175, 113, 238, 14, 31, 166, 25, 82, 134, 225, 50, 179, 18, 129, 64, 119, 96, 86, 124, 114, 113, 233, 116, 236, 255, 34, 94, 28, 230, 223, 21, 19, 41, 243, 121, 32, 186, 53, 217, 255, 34, 164, 54, 82, 92, 21, 74, 181, 105, 156, 199, 189, 27, 42, 156, 219, 123, 176, 130, 26, 240, 155, 254, 62, 164, 74, 143, 140, 246, 34, 24, 153, 170, 78, 166, 153, 252, 200, 186, 214, 193, 180, 119, 137, 202, 254, 69, 163, 177, 218, 242, 26, 171, 50, 19, 91, 141, 227, 88, 10, 95, 74, 8, 247, 140, 211, 82, 12, 242, 175, 225, 134, 86, 227, 4, 94, 230, 71, 201, 224, 36, 29, 199, 144, 17, 92, 137, 7, 182, 133, 76, 21, 214, 31, 253, 228, 209, 67, 99, 210, 45, 34, 236, 179, 247, 35, 13, 158, 220, 167, 215, 144, 142, 171, 230, 40, 138, 211, 41, 58, 196, 3, 143, 120, 97, 202, 224, 89, 104, 191, 109, 175, 20, 219, 147, 9, 229, 107, 110, 14, 110, 14, 135, 62, 182, 213, 243, 210, 112, 172, 31, 67, 101, 145, 213, 111, 59, 200, 236, 44, 230, 20, 45, 200, 170, 124, 23, 89, 52, 50, 136, 249, 104, 35, 32, 186, 65, 187, 21, 161, 62, 91, 224, 193, 130, 255, 102, 35, 124, 118, 191, 135, 236, 124, 162, 184, 31, 64, 33, 56, 96, 143, 43, 88, 102, 161, 246, 207, 40, 99, 4, 199, 72, 239, 194, 54, 237, 66, 142, 229, 219, 200, 141, 120, 121, 173, 198, 69, 9, 246, 217, 14, 44, 84, 212, 252, 136, 148, 148, 187, 133, 14, 195, 38, 14, 127, 40, 72, 11, 16, 112, 45, 217, 102, 143, 96, 74, 151, 29, 115, 145, 161, 55, 85, 197, 87, 155, 150, 45, 136, 106, 73, 81, 37, 83, 252, 114, 252, 136, 178, 95, 192, 235, 234, 196, 158, 45, 253, 243, 57, 94, 120, 21, 122, 168, 250, 26, 142, 46, 123, 37, 137, 128, 181, 28, 34, 245, 239, 119, 109, 124, 182, 253, 236, 166, 64, 188, 45, 230, 196, 178, 103, 196, 235, 88, 121, 73, 176, 117, 8, 16, 131, 243, 113, 99, 183, 95, 226, 161, 122, 173, 188, 61, 142, 253, 194, 79, 138, 55, 236, 48, 175, 126, 115, 76, 217, 161, 148, 247, 201, 3, 104, 237, 104, 233, 101, 170, 173, 47, 26, 204, 140, 147, 50, 87, 221, 156, 118, 153, 32, 102, 59, 112, 56, 145, 216, 131, 32, 112, 243, 9, 8, 31, 102, 228, 46, 204, 16, 112, 213, 78, 164, 233, 106, 54, 239, 173, 122, 126, 148, 24, 10, 162, 133, 222, 246, 129, 59, 82, 237, 225, 159, 117, 236, 130, 115, 124, 8, 216, 170, 223, 32, 181, 246, 158, 152, 97, 230, 150, 91, 20, 241, 85, 164, 211, 7, 129, 230, 32, 139, 204, 101, 4, 99, 112, 250, 240, 252, 117, 49, 18, 18, 243, 114, 11, 154, 7, 211, 238, 101, 240, 98, 59, 105, 159, 54, 243, 9, 220, 95, 79, 68, 148, 176, 164, 106, 12, 38, 160, 9, 20, 228, 99, 235, 17, 198, 105, 117, 209, 97, 57, 222, 37, 40, 206, 243, 193, 193, 180, 4, 232, 84, 36, 211, 166, 214, 197, 193, 218, 51, 227, 154, 83, 175, 2, 95, 226, 165, 228]
2025-04-20 17:26:17,426 - INFO - ------------------------------------------------------------
2025-04-20 17:26:17,426 - INFO - 
[>] Sending command: [162, 123, 81, 60, 218, 221, 52, 68, 107, 62, 135, 51, 27, 101, 154, 52, 154, 151, 155, 173, 249, 205, 251, 241, 174, 153, 83, 37, 7, 168, 92, 5, 85, 232, 223, 138, 142, 131, 77, 15, 102, 246, 181, 20, 12, 145, 39, 162, 25, 62, 109, 46, 1, 188, 117, 23, 245, 223, 89, 125, 124, 188, 243, 90, 72, 107, 199, 71, 201, 63, 241, 97, 179, 83, 208, 24, 251, 98, 159, 2, 193, 149, 119, 95, 167, 36, 169, 232, 160, 137, 159, 47, 73, 104, 190, 228, 220, 146, 254, 7, 65, 237, 99, 64, 138, 48, 117, 46, 140, 222, 71, 100, 38, 114, 79, 20, 228, 1, 88, 73, 2, 67, 174, 52, 18, 127, 156, 233, 254, 192, 16, 159, 142, 76, 177, 86, 75, 49, 206, 118, 17, 255, 88, 69, 34, 171, 129, 25, 90, 79, 184, 140, 119, 171, 77, 24, 41, 88, 106, 89, 91, 225, 97, 111, 241, 203, 59, 178, 191, 215, 49, 35, 242, 248, 32, 9, 69, 94, 45, 3, 43, 189, 46, 83, 78, 60, 160, 55, 212, 180, 76, 127, 188, 138, 39, 212, 172, 28, 47, 52, 248, 174, 50, 12, 83, 10, 165, 67, 95, 40, 75, 195, 98, 151, 222, 76, 20, 123, 62, 162, 221, 58, 159, 79, 65, 172, 144, 190, 233, 56, 142, 243, 95, 239, 178, 231, 72, 155, 244, 147, 37, 51, 120, 33, 4, 236, 84, 198, 147, 8, 89, 88, 41, 78, 213, 147, 168, 126, 216, 58, 145, 239, 240, 100, 108, 213, 61, 186, 209, 118, 113, 130, 121, 2, 28, 144, 36, 116, 139, 246, 171, 85, 41, 105, 151, 42, 107, 250, 3, 239, 50, 211, 38, 209, 244, 210, 146, 116, 85, 77, 203, 211, 250, 77, 58, 127, 222, 15, 78, 185, 140, 140, 235, 216, 212, 10, 153, 218, 98, 157, 25, 162, 244, 34, 122, 105, 249, 246, 45, 238, 53, 153, 248, 171, 9, 176, 54, 229, 235, 65, 138, 131, 80, 193, 42, 243, 178, 137, 41, 250, 190, 237, 113, 67, 166, 174, 145, 11, 233, 34, 38, 177, 159, 170, 179, 78, 191, 196, 110, 51, 75, 155, 37, 43, 88, 9, 189, 243, 251, 173, 38, 125, 163, 115, 158, 144, 17, 41, 102, 102, 6, 27, 91, 159, 227, 240, 76, 15, 30, 222, 171, 224, 229, 221, 101, 22, 213, 240, 207, 106, 152, 74, 125, 185, 169, 214, 18, 88, 74, 146, 218, 172, 189, 194, 136, 188, 90, 121, 42, 248, 134, 175, 113, 238, 14, 31, 166, 25, 82, 134, 225, 50, 179, 18, 129, 64, 119, 96, 86, 124, 114, 113, 233, 116, 236, 255, 34, 94, 28, 230, 223, 21, 19, 41, 243, 121, 32, 186, 53, 217, 255, 34, 164, 54, 82, 92, 21, 74, 181, 105, 156, 199, 189, 27, 42, 156, 219, 123, 176, 130, 26, 240, 155, 254, 62, 164, 74, 143, 140, 246, 34, 24, 153, 170, 78, 166, 153, 252, 200, 186, 214, 193, 180, 119, 137, 202, 254, 69, 163, 177, 218, 242, 26, 171, 50, 19, 91, 141, 227, 88, 10, 95, 74, 8, 247, 140, 211, 82, 12, 242, 175, 225, 134, 86, 227, 4, 94, 230, 71, 201, 224, 36, 29, 199, 144, 17, 92, 137, 7, 182, 133, 76, 21, 214, 31, 253, 228, 209, 67, 99, 210, 45, 34, 236, 179, 247, 35, 13, 158, 220, 167, 215, 144, 142, 171, 230, 40, 138, 211, 41, 58, 196, 3, 143, 120, 97, 202, 224, 89, 104, 191, 109, 175, 20, 219, 147, 9, 229, 107, 110, 14, 110, 14, 135, 62, 182, 213, 243, 210, 112, 172, 31, 67, 101, 145, 213, 111, 59, 200, 236, 44, 230, 20, 45, 200, 170, 124, 23, 89, 52, 50, 136, 249, 104, 35, 32, 186, 65, 187, 21, 161, 62, 91, 224, 193, 130, 255, 102, 35, 124, 118, 191, 135, 236, 124, 162, 184, 31, 64, 33, 56, 96, 143, 43, 88, 102, 161, 246, 207, 40, 99, 4, 199, 72, 239, 194, 54, 237, 66, 142, 229, 219, 200, 141, 120, 121, 173, 198, 69, 9, 246, 217, 14, 44, 84, 212, 252, 136, 148, 148, 187, 133, 14, 195, 38, 14, 127, 40, 72, 11, 16, 112, 45, 217, 102, 143, 96, 74, 151, 29, 115, 145, 161, 55, 85, 197, 87, 155, 150, 45, 136, 106, 73, 81, 37, 83, 252, 114, 252, 136, 178, 95, 192, 235, 234, 196, 158, 45, 253, 243, 57, 94, 120, 21, 122, 168, 250, 26, 142, 46, 123, 37, 137, 128, 181, 28, 34, 245, 239, 119, 109, 124, 182, 253, 236, 166, 64, 188, 45, 230, 196, 178, 103, 196, 235, 88, 121, 73, 176, 117, 8, 16, 131, 243, 113, 99, 183, 95, 226, 161, 122, 173, 188, 61, 142, 253, 194, 79, 138, 55, 236, 48, 175, 126, 115, 76, 217, 161, 148, 247, 201, 3, 104, 237, 104, 233, 101, 170, 173, 47, 26, 204, 140, 147, 50, 87, 221, 156, 118, 153, 32, 102, 59, 112, 56, 145, 216, 131, 32, 112, 243, 9, 8, 31, 102, 228, 46, 204, 16, 112, 213, 78, 164, 233, 106, 54, 239, 173, 122, 126, 148, 24, 10, 162, 133, 222, 246, 129, 59, 82, 237, 225, 159, 117, 236, 130, 115, 124, 8, 216, 170, 223, 32, 181, 246, 158, 152, 97, 230, 150, 91, 20, 241, 85, 164, 211, 7, 129, 230, 32, 139, 204, 101, 4, 99, 112, 250, 240, 252, 117, 49, 18, 18, 243, 114, 11, 154, 7, 211, 238, 101, 240, 98, 59, 105, 159, 54, 243, 9, 220, 95, 79, 68, 148, 176, 164, 106, 12, 38, 160, 9, 20, 228, 99, 235, 17, 198, 105, 117, 209, 97, 57, 222, 37, 40, 206, 243, 193, 193, 180, 4, 232, 84, 36, 211, 166, 214, 197, 193, 218, 51, 227, 154, 83, 175, 2, 95, 226, 165, 228]
2025-04-20 17:26:17,429 - INFO - [STATE-EXPLORATION] Strategy: empty_payload | Sequence: []
2025-04-20 17:26:17,429 - INFO - [MUTATION] Mutation strategy for next input: explore_state_jump | Original: [2] | Mutated: []
2025-04-20 17:26:17,429 - INFO - ------------------------------------------------------------
2025-04-20 17:26:17,429 - INFO - 
[>] Sending command: []
2025-04-20 17:26:17,557 - INFO - ['[Error] Code: 0x010203']
2025-04-20 17:26:17,557 - INFO - [1] Connecting to "Smart Lock [Group 10]"...
